name_a,name_b,source,ror_a,ror_b,ctx_ab,ctx_ba
NASA's Jet Propulsion Laboratory,"National Aeronautics and Space Administration, Global Hydrology Resource Center",ror_parent_child,https://ror.org/027k65916,https://ror.org/027ka1x80,ROR facts: first name -> ROR: 'Jet Propulsion Laboratory'; second name -> ROR: 'National Aeronautics and Space Administration'; ROR lists the second record as a parent of the first,ROR facts: first name -> ROR: 'National Aeronautics and Space Administration'; second name -> ROR: 'Jet Propulsion Laboratory'; ROR lists the second record as a child of the first
German Centre of Gerontology,Quadram Institute,random_negative,https://ror.org/00we5be91,https://ror.org/04td3ys19,ROR facts: first name -> ROR: 'German Centre of Gerontology'; second name -> ROR: 'Quadram Institute'; ROR records are different and not directly linked,ROR facts: first name -> ROR: 'Quadram Institute'; second name -> ROR: 'German Centre of Gerontology'; ROR records are different and not directly linked
Canadian Cryospheric Information Network,United States Culture Collection Network,same_ror,https://ror.org/058kybv57,https://ror.org/058kybv57,ROR facts: first name -> ROR: 'Action Network'; second name -> ROR: 'Action Network'; both names matched the SAME ROR record,ROR facts: first name -> ROR: 'Action Network'; second name -> ROR: 'Action Network'; both names matched the SAME ROR record
Ludwig-Maximilians-Universität München,"Ludwig-Maximilians-Universität München, Systematik, Biodiversität & Evolution der Pflanzen",same_ror,https://ror.org/05591te55,https://ror.org/05591te55,ROR facts: first name -> ROR: 'Ludwig-Maximilians-Universität München'; second name -> ROR: 'Ludwig-Maximilians-Universität München'; both names matched the SAME ROR record,ROR facts: first name -> ROR: 'Ludwig-Maximilians-Universität München'; second name -> ROR: 'Ludwig-Maximilians-Universität München'; both names matched the SAME ROR record
Leibniz Association,Leibniz Institute DSMZ - German Collection of Microorganisms and Cell Cultures,ror_parent_child,https://ror.org/01n6r0e97,https://ror.org/02tyer376,ROR facts: first name -> ROR: 'Leibniz Association'; second name -> ROR: 'Leibniz Institute DSMZ – German Collection of Microorganisms and Cell Cultures'; ROR lists the second record as a child of the first,ROR facts: first name -> ROR: 'Leibniz Institute DSMZ – German Collection of Microorganisms and Cell Cultures'; second name -> ROR: 'Leibniz Association'; ROR lists the second record as a parent of the first
"U.S. Department of Health & Human Services, Agency for Healthcare Research and Quality","U.S. Department of Health and Human Services, Office of Planning, Research and Evaluation",same_ror,https://ror.org/033jnv181,https://ror.org/033jnv181,ROR facts: first name -> ROR: 'United States Department of Health and Human Services'; second name -> ROR: 'United States Department of Health and Human Services'; both names matched the SAME ROR record,ROR facts: first name -> ROR: 'United States Department of Health and Human Services'; second name -> ROR: 'United States Department of Health and Human Services'; both names matched the SAME ROR record
"University of California, San Diego Supercomputer Center",Scripps Institution of Oceanography,ror_parent_child,https://ror.org/0168r3w48,https://ror.org/04v7hvq31,ROR facts: first name -> ROR: 'University of California San Diego'; second name -> ROR: 'Scripps Institution of Oceanography'; ROR lists the second record as a child of the first,ROR facts: first name -> ROR: 'Scripps Institution of Oceanography'; second name -> ROR: 'University of California San Diego'; ROR lists the second record as a parent of the first
"Karlsruhe Institute of Technology, Institute of Meteorology and Climate Research - Atmospheric Environmental Research","Karlsruhe Institute of Technology, Library",same_ror,https://ror.org/04t3en479,https://ror.org/04t3en479,ROR facts: first name -> ROR: 'Karlsruhe Institute of Technology'; second name -> ROR: 'Karlsruhe Institute of Technology'; both names matched the SAME ROR record,ROR facts: first name -> ROR: 'Karlsruhe Institute of Technology'; second name -> ROR: 'Karlsruhe Institute of Technology'; both names matched the SAME ROR record
"University of Bern, Climate and Environmental Physics","Eurac Research, Institute for Applied Linguistics",random_negative,https://ror.org/02k7v4d05,https://ror.org/05rxnta87,ROR facts: first name -> ROR: 'University of Bern'; second name -> ROR: 'Institute for Applied Linguistics'; ROR records are different and not directly linked,ROR facts: first name -> ROR: 'Institute for Applied Linguistics'; second name -> ROR: 'University of Bern'; ROR records are different and not directly linked
"US Department of Energy, Office of Science, Nuclear Physics NP",Pacific Northwest National Laboratory,ror_parent_child,https://ror.org/00mmn6b08,https://ror.org/05h992307,ROR facts: first name -> ROR: 'Office of Science'; second name -> ROR: 'Pacific Northwest National Laboratory'; ROR lists the second record as a child of the first,ROR facts: first name -> ROR: 'Pacific Northwest National Laboratory'; second name -> ROR: 'Office of Science'; ROR lists the second record as a parent of the first
Institut Català de Nanociència i Nanotecnologia,University of Science and Technology of Hanoi,random_negative,https://ror.org/00k1qja49,https://ror.org/02wdwrr89,ROR facts: first name -> ROR: 'Institut Català de Nanociència i Nanotecnologia'; second name -> ROR: 'Trường Đại học Khoa học và Công nghệ Hà Nội'; ROR records are different and not directly linked,ROR facts: first name -> ROR: 'Trường Đại học Khoa học và Công nghệ Hà Nội'; second name -> ROR: 'Institut Català de Nanociència i Nanotecnologia'; ROR records are different and not directly linked
University of Stuttgart,"Universität Stuttgart, Institut für Maschinelle Sprachverarbeitung, Forschungszentrum Informatik",same_ror,https://ror.org/04vnq7t77,https://ror.org/04vnq7t77,ROR facts: first name -> ROR: 'University of Stuttgart'; second name -> ROR: 'University of Stuttgart'; both names matched the SAME ROR record,ROR facts: first name -> ROR: 'University of Stuttgart'; second name -> ROR: 'University of Stuttgart'; both names matched the SAME ROR record
Goddard Space Flight Center,"NASA's Goddard Space Flight Center,Sciences and Exploration Directorate, Heliospheric Physics Laboratory",same_ror,https://ror.org/0171mag52,https://ror.org/0171mag52,ROR facts: first name -> ROR: 'Goddard Space Flight Center'; second name -> ROR: 'Goddard Space Flight Center'; both names matched the SAME ROR record,ROR facts: first name -> ROR: 'Goddard Space Flight Center'; second name -> ROR: 'Goddard Space Flight Center'; both names matched the SAME ROR record
Le Centre national de la recherche scientifique,"Université Paul Valéry - Montpellier 3, ASM - Archéologie des Sociétés Méditerranéennes, UMR5140",ror_parent_child,https://ror.org/02feahw73,https://ror.org/04n9eyw42,ROR facts: first name -> ROR: 'Centre National de la Recherche Scientifique'; second name -> ROR: 'Archéologie des Sociétés Méditerranéennes'; ROR lists the second record as a child of the first,ROR facts: first name -> ROR: 'Archéologie des Sociétés Méditerranéennes'; second name -> ROR: 'Centre National de la Recherche Scientifique'; ROR lists the second record as a parent of the first
"National Oceanic and Atmospheric Administration, Coral Health and Monitoring Program",NOAA Fisheries,ror_parent_child,https://ror.org/02z5nhe81,https://ror.org/033mqx355,ROR facts: first name -> ROR: 'National Oceanic and Atmospheric Administration'; second name -> ROR: 'NOAA National Marine Fisheries Service'; ROR lists the second record as a child of the first,ROR facts: first name -> ROR: 'NOAA National Marine Fisheries Service'; second name -> ROR: 'National Oceanic and Atmospheric Administration'; ROR lists the second record as a parent of the first
Helmholtz Association of German Research Centres,Helmholtz-Zentrum Berlin für Materialien und Energie (HZB),ror_parent_child,https://ror.org/0281dp749,https://ror.org/02aj13c28,ROR facts: first name -> ROR: 'Helmholtz Association of German Research Centres'; second name -> ROR: 'Helmholtz-Zentrum Berlin für Materialien und Energie'; ROR lists the second record as a child of the first,ROR facts: first name -> ROR: 'Helmholtz-Zentrum Berlin für Materialien und Energie'; second name -> ROR: 'Helmholtz Association of German Research Centres'; ROR lists the second record as a parent of the first
Pennsylvania State University,"Pennsylvania State University, College of Earth and Mineral Sciences, Department of Geosciences",same_ror,https://ror.org/04p491231,https://ror.org/04p491231,ROR facts: first name -> ROR: 'Pennsylvania State University'; second name -> ROR: 'Pennsylvania State University'; both names matched the SAME ROR record,ROR facts: first name -> ROR: 'Pennsylvania State University'; second name -> ROR: 'Pennsylvania State University'; both names matched the SAME ROR record
Centre National de la Recherche Scientifique,"Centre national de la recherche scientifique, L'Institut national des sciences de l'Univers",ror_parent_child,https://ror.org/02feahw73,https://ror.org/04kdfz702,"ROR facts: first name -> ROR: 'Centre National de la Recherche Scientifique'; second name -> ROR: ""Institut National des Sciences de l'Univers""; ROR lists the second record as a child of the first","ROR facts: first name -> ROR: ""Institut National des Sciences de l'Univers""; second name -> ROR: 'Centre National de la Recherche Scientifique'; ROR lists the second record as a parent of the first"
"University of Victoria, Libraries",Ocean Networks Canada Society,ror_parent_child,https://ror.org/04s5mat29,https://ror.org/05gknh003,ROR facts: first name -> ROR: 'University of Victoria'; second name -> ROR: 'Ocean Networks Canada Society'; ROR lists the second record as a child of the first,ROR facts: first name -> ROR: 'Ocean Networks Canada Society'; second name -> ROR: 'University of Victoria'; ROR lists the second record as a parent of the first
"International Science Council, World Data System International Programme Office","World Climate Research Programme,  Atmospheric Processes And their Role in Climate",ror_parent_child,https://ror.org/034s44556,https://ror.org/04frnva71,ROR facts: first name -> ROR: 'International Science Council'; second name -> ROR: 'World Climate Research Programme'; ROR lists the second record as a child of the first,ROR facts: first name -> ROR: 'World Climate Research Programme'; second name -> ROR: 'International Science Council'; ROR lists the second record as a parent of the first
"Australian Nuclear Science and Technology Organisation, The Australian Synchrotron",Australian Nuclear Science and Technology Organisation,ror_parent_child,https://ror.org/03vk18a84,https://ror.org/05j7fep28,ROR facts: first name -> ROR: 'Australian Synchrotron'; second name -> ROR: 'Australian Nuclear Science and Technology Organisation'; ROR lists the second record as a parent of the first,ROR facts: first name -> ROR: 'Australian Nuclear Science and Technology Organisation'; second name -> ROR: 'Australian Synchrotron'; ROR lists the second record as a child of the first
Oxford University IT Services,"Oxford University, Department of Psychiatry",same_ror,https://ror.org/052gg0110,https://ror.org/052gg0110,ROR facts: first name -> ROR: 'University of Oxford'; second name -> ROR: 'University of Oxford'; both names matched the SAME ROR record,ROR facts: first name -> ROR: 'University of Oxford'; second name -> ROR: 'University of Oxford'; both names matched the SAME ROR record
"National Oceanic and Atmospheric Administration, National Environmental Satellite, Data, and Information Service, National Geophysical Data Center",NOAA National Centers for Environmental Information,ror_parent_child,https://ror.org/007qwym43,https://ror.org/04r0wrp59,ROR facts: first name -> ROR: 'NOAA National Environmental Satellite Data and Information Service'; second name -> ROR: 'NOAA National Centers for Environmental Information'; ROR lists the second record as a child of the first,ROR facts: first name -> ROR: 'NOAA National Centers for Environmental Information'; second name -> ROR: 'NOAA National Environmental Satellite Data and Information Service'; ROR lists the second record as a parent of the first
"U.S. Department of Health and Human Services, Agency for Healthcare Research and Quality","U.S. Department of Health and Human Services, National Institutes of Health, Office of Behavioral and Social Sciences Research",same_ror,https://ror.org/033jnv181,https://ror.org/033jnv181,ROR facts: first name -> ROR: 'United States Department of Health and Human Services'; second name -> ROR: 'United States Department of Health and Human Services'; both names matched the SAME ROR record,ROR facts: first name -> ROR: 'United States Department of Health and Human Services'; second name -> ROR: 'United States Department of Health and Human Services'; both names matched the SAME ROR record
Centre for Northern Studies,Parkinson's UK,random_negative,https://ror.org/01q8ytn75,https://ror.org/02417p338,"ROR facts: first name -> ROR: 'Center for Northern Studies'; second name -> ROR: ""Parkinson's UK""; ROR records are different and not directly linked","ROR facts: first name -> ROR: ""Parkinson's UK""; second name -> ROR: 'Center for Northern Studies'; ROR records are different and not directly linked"
"University of Oxford,  Department of Psychiatry, Warneford Hospital","University of Oxford, Bodleian Libraries",same_ror,https://ror.org/052gg0110,https://ror.org/052gg0110,ROR facts: first name -> ROR: 'University of Oxford'; second name -> ROR: 'University of Oxford'; both names matched the SAME ROR record,ROR facts: first name -> ROR: 'University of Oxford'; second name -> ROR: 'University of Oxford'; both names matched the SAME ROR record
"University Corporation for Atmospheric Research, National Center for Atmospheric Research","University Corporation for Atmospheric Research, Unidata",same_ror,https://ror.org/04zhhyn23,https://ror.org/04zhhyn23,ROR facts: first name -> ROR: 'University Corporation for Atmospheric Research'; second name -> ROR: 'University Corporation for Atmospheric Research'; both names matched the SAME ROR record,ROR facts: first name -> ROR: 'University Corporation for Atmospheric Research'; second name -> ROR: 'University Corporation for Atmospheric Research'; both names matched the SAME ROR record
Columbia University,"Columbia University, Taub Institute",same_ror,https://ror.org/00hj8s172,https://ror.org/00hj8s172,ROR facts: first name -> ROR: 'Columbia University'; second name -> ROR: 'Columbia University'; both names matched the SAME ROR record,ROR facts: first name -> ROR: 'Columbia University'; second name -> ROR: 'Columbia University'; both names matched the SAME ROR record
"National Oceanic and Atmospheric Administration, National Weather Service, Climate Prediction Center","U.S. Department of Commerce, United States Census Bureau",ror_parent_child,https://ror.org/02z5nhe81,https://ror.org/04chq2495,ROR facts: first name -> ROR: 'National Oceanic and Atmospheric Administration'; second name -> ROR: 'United States Department of Commerce'; ROR lists the second record as a parent of the first,ROR facts: first name -> ROR: 'United States Department of Commerce'; second name -> ROR: 'National Oceanic and Atmospheric Administration'; ROR lists the second record as a child of the first
National Center for Atmospheric Research -  Cyberinfrastructure Strageic Initiative,"University Cooperation for Atmospheric Research, National Center for Atmospheric Research",same_ror,https://ror.org/05cvfcr44,https://ror.org/05cvfcr44,ROR facts: first name -> ROR: 'NSF National Center for Atmospheric Research'; second name -> ROR: 'NSF National Center for Atmospheric Research'; both names matched the SAME ROR record,ROR facts: first name -> ROR: 'NSF National Center for Atmospheric Research'; second name -> ROR: 'NSF National Center for Atmospheric Research'; both names matched the SAME ROR record
"University of Alberta, Edmonton, Wishart Research Group","University of Alberta, Faculty of Science, Departments of Biological Sciences and Computing Science, Wishart Research Group",same_ror,https://ror.org/0160cpw27,https://ror.org/0160cpw27,ROR facts: first name -> ROR: 'University of Alberta'; second name -> ROR: 'University of Alberta'; both names matched the SAME ROR record,ROR facts: first name -> ROR: 'University of Alberta'; second name -> ROR: 'University of Alberta'; both names matched the SAME ROR record
"Russian Academy of Sciences, N.D. Zelinsky Institute of Organic Chemistry",Japan Meteorological Agency,random_negative,https://ror.org/007phxq15,https://ror.org/02772kk97,ROR facts: first name -> ROR: 'N.D. Zelinsky Institute of Organic Chemistry'; second name -> ROR: 'Japan Meteorological Agency'; ROR records are different and not directly linked,ROR facts: first name -> ROR: 'Japan Meteorological Agency'; second name -> ROR: 'N.D. Zelinsky Institute of Organic Chemistry'; ROR records are different and not directly linked
"Australian Governmnent, Australian Research Council",Australian Research Council,same_ror,https://ror.org/05mmh0f86,https://ror.org/05mmh0f86,ROR facts: first name -> ROR: 'Australian Research Council'; second name -> ROR: 'Australian Research Council'; both names matched the SAME ROR record,ROR facts: first name -> ROR: 'Australian Research Council'; second name -> ROR: 'Australian Research Council'; both names matched the SAME ROR record
"University of Victoria,  Division of Continuing Studies",Ocean Networks Canada Society,ror_parent_child,https://ror.org/04s5mat29,https://ror.org/05gknh003,ROR facts: first name -> ROR: 'University of Victoria'; second name -> ROR: 'Ocean Networks Canada Society'; ROR lists the second record as a child of the first,ROR facts: first name -> ROR: 'Ocean Networks Canada Society'; second name -> ROR: 'University of Victoria'; ROR lists the second record as a parent of the first
Wellcome Sanger Institute,"Centro de Astrobiología, Instituto Nacional de Técnica Aeroespacial",random_negative,https://ror.org/05cy4wa09,https://ror.org/02m44ak47,ROR facts: first name -> ROR: 'Wellcome Sanger Institute'; second name -> ROR: 'Instituto Nacional de Técnica Aeroespacial'; ROR records are different and not directly linked,ROR facts: first name -> ROR: 'Instituto Nacional de Técnica Aeroespacial'; second name -> ROR: 'Wellcome Sanger Institute'; ROR records are different and not directly linked
"University of Wisconsin-Madison, Social Science Computing Cooperative","University of Wisconsin-Madison, Space Science and Engineering Center",same_ror,https://ror.org/01y2jtd41,https://ror.org/01y2jtd41,ROR facts: first name -> ROR: 'University of Wisconsin–Madison'; second name -> ROR: 'University of Wisconsin–Madison'; both names matched the SAME ROR record,ROR facts: first name -> ROR: 'University of Wisconsin–Madison'; second name -> ROR: 'University of Wisconsin–Madison'; both names matched the SAME ROR record
Canadian Space Agency,"Government of Canada, Canadian Space Agency",same_ror,https://ror.org/03a1gte98,https://ror.org/03a1gte98,ROR facts: first name -> ROR: 'Canadian Space Agency'; second name -> ROR: 'Canadian Space Agency'; both names matched the SAME ROR record,ROR facts: first name -> ROR: 'Canadian Space Agency'; second name -> ROR: 'Canadian Space Agency'; both names matched the SAME ROR record
"United States Department of Agriculture, World Agricultural Outlook Board",U.S. Fish and Wildlife Service,ror_parent_child,https://ror.org/01na82s61,https://ror.org/0599wfz09,ROR facts: first name -> ROR: 'United States Department of Agriculture'; second name -> ROR: 'Animal and Plant Health Inspection Service'; ROR lists the second record as a child of the first,ROR facts: first name -> ROR: 'Animal and Plant Health Inspection Service'; second name -> ROR: 'United States Department of Agriculture'; ROR lists the second record as a parent of the first
University of Cologne,"Universität Köln, Archäologisches Institut",same_ror,https://ror.org/00rcxh774,https://ror.org/00rcxh774,ROR facts: first name -> ROR: 'University of Cologne'; second name -> ROR: 'University of Cologne'; both names matched the SAME ROR record,ROR facts: first name -> ROR: 'University of Cologne'; second name -> ROR: 'University of Cologne'; both names matched the SAME ROR record
GSI Helmholtz Centre for Heavy Ion Research,Mary Lyon Centre at MRC Harwell,random_negative,https://ror.org/02k8cbn47,https://ror.org/0001h1y25,ROR facts: first name -> ROR: 'GSI Helmholtz Centre for Heavy Ion Research'; second name -> ROR: 'Mary Lyon Centre at MRC Harwell'; ROR records are different and not directly linked,ROR facts: first name -> ROR: 'Mary Lyon Centre at MRC Harwell'; second name -> ROR: 'GSI Helmholtz Centre for Heavy Ion Research'; ROR records are different and not directly linked
"University of Colorado Boulder, Laboratory for Atmospheric and Space Physics, Extreme Ultraviolet Variability Experiment","University of Colorado Boulder, University Libraries",ror_parent_child,https://ror.org/01fcjzv38,https://ror.org/02ttsq026,ROR facts: first name -> ROR: 'Laboratory for Atmospheric and Space Physics'; second name -> ROR: 'University of Colorado Boulder'; ROR lists the second record as a parent of the first,ROR facts: first name -> ROR: 'University of Colorado Boulder'; second name -> ROR: 'Laboratory for Atmospheric and Space Physics'; ROR lists the second record as a child of the first
"National Institutes of Health, National Heart, Lung, and Blood Institute","U.S. Department of Health & Human Services, National Institutes of Health, National Heart, Lung, and Blood Institute",same_ror,https://ror.org/012pb6c26,https://ror.org/012pb6c26,"ROR facts: first name -> ROR: 'National Heart, Lung, and Blood Institute'; second name -> ROR: 'National Heart, Lung, and Blood Institute'; both names matched the SAME ROR record","ROR facts: first name -> ROR: 'National Heart, Lung, and Blood Institute'; second name -> ROR: 'National Heart, Lung, and Blood Institute'; both names matched the SAME ROR record"
"United States Department of Agriculture, Livestock Genome Research Projects, National Animal Genome Research Program","United States Department of Agriculture, Natural Resources Conservation Service",ror_parent_child,https://ror.org/01na82s61,https://ror.org/03j7rgg33,ROR facts: first name -> ROR: 'United States Department of Agriculture'; second name -> ROR: 'Natural Resources Conservation Service'; ROR lists the second record as a child of the first,ROR facts: first name -> ROR: 'Natural Resources Conservation Service'; second name -> ROR: 'United States Department of Agriculture'; ROR lists the second record as a parent of the first
"National Aeronautics and Space Administration, Jet Propulsion Laboratory",NASA  Ocean Color Web,ror_parent_child,https://ror.org/027ka1x80,https://ror.org/037ch5s45,ROR facts: first name -> ROR: 'National Aeronautics and Space Administration'; second name -> ROR: 'NASA Ocean Biology Processing Group'; ROR lists the second record as a child of the first,ROR facts: first name -> ROR: 'NASA Ocean Biology Processing Group'; second name -> ROR: 'National Aeronautics and Space Administration'; ROR lists the second record as a parent of the first
"University Corporation for Atmospheric Research, National Science Digital Library","University Corporation for Atmospheric Research, UNIDATA",same_ror,https://ror.org/04zhhyn23,https://ror.org/04zhhyn23,ROR facts: first name -> ROR: 'University Corporation for Atmospheric Research'; second name -> ROR: 'University Corporation for Atmospheric Research'; both names matched the SAME ROR record,ROR facts: first name -> ROR: 'University Corporation for Atmospheric Research'; second name -> ROR: 'University Corporation for Atmospheric Research'; both names matched the SAME ROR record
"University of Michigan, James and Anne Duderstadt Center","University of Michigan,  Inter-University Consortium for Political and Social Research",ror_parent_child,https://ror.org/00jmfr291,https://ror.org/02q7mkh03,ROR facts: first name -> ROR: 'University of Michigan'; second name -> ROR: 'Inter-university Consortium for Political and Social Research'; ROR lists the second record as a child of the first,ROR facts: first name -> ROR: 'Inter-university Consortium for Political and Social Research'; second name -> ROR: 'University of Michigan'; ROR lists the second record as a parent of the first
Goddard Space Flight Center,"National Aeronautics and Space Administration, Goddard Space Flight Center, Astrophysics Science Division",ror_parent_child,https://ror.org/0171mag52,https://ror.org/027ka1x80,ROR facts: first name -> ROR: 'Goddard Space Flight Center'; second name -> ROR: 'National Aeronautics and Space Administration'; ROR lists the second record as a parent of the first,ROR facts: first name -> ROR: 'National Aeronautics and Space Administration'; second name -> ROR: 'Goddard Space Flight Center'; ROR lists the second record as a child of the first
Friedrich-Schiller Universität Jena,Fonds zur Förderung der wissenschaftlichen Forschung,random_negative,https://ror.org/05qpz1x62,https://ror.org/013tf3c58,ROR facts: first name -> ROR: 'Friedrich Schiller University Jena'; second name -> ROR: 'FWF Austrian Science Fund'; ROR records are different and not directly linked,ROR facts: first name -> ROR: 'FWF Austrian Science Fund'; second name -> ROR: 'Friedrich Schiller University Jena'; ROR records are different and not directly linked
"Government of Canada, Genome Canada","Government of Canada, Northern Contaminants Program",same_ror,https://ror.org/010q4q527,https://ror.org/010q4q527,ROR facts: first name -> ROR: 'Government of Canada'; second name -> ROR: 'Government of Canada'; both names matched the SAME ROR record,ROR facts: first name -> ROR: 'Government of Canada'; second name -> ROR: 'Government of Canada'; both names matched the SAME ROR record
BioData.pt,University of Turin,random_negative,https://ror.org/02q7abn51,https://ror.org/048tbm396,ROR facts: first name -> ROR: 'BioData.pt'; second name -> ROR: 'University of Turin'; ROR records are different and not directly linked,ROR facts: first name -> ROR: 'University of Turin'; second name -> ROR: 'BioData.pt'; ROR records are different and not directly linked
National Institute of Advanced Industrial Science and Technology,British Phycological Society,random_negative,https://ror.org/01703db54,https://ror.org/00g5pdd79,ROR facts: first name -> ROR: 'National Institute of Advanced Industrial Science and Technology'; second name -> ROR: 'British Phycological Society'; ROR records are different and not directly linked,ROR facts: first name -> ROR: 'British Phycological Society'; second name -> ROR: 'National Institute of Advanced Industrial Science and Technology'; ROR records are different and not directly linked
National Institute on Drug Abuse,"National Institutes of Health, National Institute on Drug Abuse",same_ror,https://ror.org/00fq5cm18,https://ror.org/00fq5cm18,ROR facts: first name -> ROR: 'National Institute on Drug Abuse'; second name -> ROR: 'National Institute on Drug Abuse'; both names matched the SAME ROR record,ROR facts: first name -> ROR: 'National Institute on Drug Abuse'; second name -> ROR: 'National Institute on Drug Abuse'; both names matched the SAME ROR record
"National Aeronautics and Space Administration, Global Hydrology Resource Center",Government of the United States of America,ror_parent_child,https://ror.org/027ka1x80,https://ror.org/02rcrvv70,ROR facts: first name -> ROR: 'National Aeronautics and Space Administration'; second name -> ROR: 'Government of the United States of America'; ROR lists the second record as a parent of the first,ROR facts: first name -> ROR: 'Government of the United States of America'; second name -> ROR: 'National Aeronautics and Space Administration'; ROR lists the second record as a child of the first
Universitetet i Bergen,"University of Bergen, Sea Lice Research Center",same_ror,https://ror.org/03zga2b32,https://ror.org/03zga2b32,ROR facts: first name -> ROR: 'University of Bergen'; second name -> ROR: 'University of Bergen'; both names matched the SAME ROR record,ROR facts: first name -> ROR: 'University of Bergen'; second name -> ROR: 'University of Bergen'; both names matched the SAME ROR record
Japan Space Systems,"Japan Space Systems, ASTER Project",same_ror,https://ror.org/00hc8av43,https://ror.org/00hc8av43,ROR facts: first name -> ROR: 'Japan Space Systems'; second name -> ROR: 'Japan Space Systems'; both names matched the SAME ROR record,ROR facts: first name -> ROR: 'Japan Space Systems'; second name -> ROR: 'Japan Space Systems'; both names matched the SAME ROR record
National Aeronautics and Space Administration,"NASA Langley Research Center, Atmospheric Science Data Center",ror_parent_child,https://ror.org/027ka1x80,https://ror.org/0399mhs52,ROR facts: first name -> ROR: 'National Aeronautics and Space Administration'; second name -> ROR: 'Langley Research Center'; ROR lists the second record as a child of the first,ROR facts: first name -> ROR: 'Langley Research Center'; second name -> ROR: 'National Aeronautics and Space Administration'; ROR lists the second record as a parent of the first
"U.S Department of Commerce, Bureau of Economic Analysis","U.S. Department of Commerce, United States Census Bureau",ror_parent_child,https://ror.org/03b17a012,https://ror.org/04chq2495,ROR facts: first name -> ROR: 'Bureau of Economic Analysis'; second name -> ROR: 'United States Department of Commerce'; ROR lists the second record as a parent of the first,ROR facts: first name -> ROR: 'United States Department of Commerce'; second name -> ROR: 'Bureau of Economic Analysis'; ROR lists the second record as a child of the first
"Ministério da Ciência, Tecnologia e Inovações",Cornell Institute for Social and Economic Research,random_negative,https://ror.org/050zdnc69,https://ror.org/04476hk95,"ROR facts: first name -> ROR: 'Ministry of Science, Technology and Innovation'; second name -> ROR: 'Institute for Social and Economic Research'; ROR records are different and not directly linked","ROR facts: first name -> ROR: 'Institute for Social and Economic Research'; second name -> ROR: 'Ministry of Science, Technology and Innovation'; ROR records are different and not directly linked"
Jet Propulsions Laboratory,"National Aeronautics and Space Administration, National Snow and Ice Data Center",ror_parent_child,https://ror.org/027k65916,https://ror.org/027ka1x80,ROR facts: first name -> ROR: 'Jet Propulsion Laboratory'; second name -> ROR: 'National Aeronautics and Space Administration'; ROR lists the second record as a parent of the first,ROR facts: first name -> ROR: 'National Aeronautics and Space Administration'; second name -> ROR: 'Jet Propulsion Laboratory'; ROR lists the second record as a child of the first
"U.S. Department of Health and Human Services, National Institutes of Health",United States Department of Health and Human Services,same_ror,https://ror.org/033jnv181,https://ror.org/033jnv181,ROR facts: first name -> ROR: 'United States Department of Health and Human Services'; second name -> ROR: 'United States Department of Health and Human Services'; both names matched the SAME ROR record,ROR facts: first name -> ROR: 'United States Department of Health and Human Services'; second name -> ROR: 'United States Department of Health and Human Services'; both names matched the SAME ROR record
"Philipps-Universität Marburg, Deutsches Dokumentationszentrum für Kunstgeschichte, Bildarchiv Foto marburg",National Center for Ecological Analysis and Synthesis,random_negative,https://ror.org/01rdrb571,https://ror.org/0146z4r19,ROR facts: first name -> ROR: 'Philipps University of Marburg'; second name -> ROR: 'National Center for Ecological Analysis and Synthesis'; ROR records are different and not directly linked,ROR facts: first name -> ROR: 'National Center for Ecological Analysis and Synthesis'; second name -> ROR: 'Philipps University of Marburg'; ROR records are different and not directly linked
"Cooperative Institute for Research in Environmental Sciences, National Snow and Ice Data Center","National Oceanographic and Atmospheric Administration, NOAA Research",ror_parent_child,https://ror.org/00bdqav06,https://ror.org/02kgve346,ROR facts: first name -> ROR: 'Cooperative Institute for Research in Environmental Sciences'; second name -> ROR: 'NOAA Oceanic and Atmospheric Research'; ROR lists the second record as a parent of the first,ROR facts: first name -> ROR: 'NOAA Oceanic and Atmospheric Research'; second name -> ROR: 'Cooperative Institute for Research in Environmental Sciences'; ROR lists the second record as a child of the first
Child Mind Institute,"Radboud University, Donders Institute for Brain, Cognition and Behaviour",random_negative,https://ror.org/01bfgxw09,https://ror.org/053sba816,"ROR facts: first name -> ROR: 'Child Mind Institute'; second name -> ROR: 'Donders Institute for Brain, Cognition and Behaviour'; ROR records are different and not directly linked","ROR facts: first name -> ROR: 'Donders Institute for Brain, Cognition and Behaviour'; second name -> ROR: 'Child Mind Institute'; ROR records are different and not directly linked"
"Humboldt-Universität zu Berlin, Computer- und Medienservice","Humboldt-Universität zu Berlin, Institut für Deutsche Sprache und Linguistik",same_ror,https://ror.org/01hcx6992,https://ror.org/01hcx6992,ROR facts: first name -> ROR: 'Humboldt-Universität zu Berlin'; second name -> ROR: 'Humboldt-Universität zu Berlin'; both names matched the SAME ROR record,ROR facts: first name -> ROR: 'Humboldt-Universität zu Berlin'; second name -> ROR: 'Humboldt-Universität zu Berlin'; both names matched the SAME ROR record
"U.S. Department of Energy, Fusion Energy Sciences, Office of  Science","Oak Ridge National Laboratory, Oak Ridge Campus",ror_parent_child,https://ror.org/00mmn6b08,https://ror.org/01qz5mb56,ROR facts: first name -> ROR: 'Office of Science'; second name -> ROR: 'Oak Ridge National Laboratory'; ROR lists the second record as a child of the first,ROR facts: first name -> ROR: 'Oak Ridge National Laboratory'; second name -> ROR: 'Office of Science'; ROR lists the second record as a parent of the first
Centre Roland Mousnier,French National Centre for Scientific Research,ror_parent_child,https://ror.org/01gapzp55,https://ror.org/02feahw73,ROR facts: first name -> ROR: 'Centre Roland Mousnier'; second name -> ROR: 'Centre National de la Recherche Scientifique'; ROR lists the second record as a parent of the first,ROR facts: first name -> ROR: 'Centre National de la Recherche Scientifique'; second name -> ROR: 'Centre Roland Mousnier'; ROR lists the second record as a child of the first
"National Aeronautics and Space Administration, Earth Observing System Data and Information System","National Aeronautics and Space Administration, Global Hydrology Resource Center",same_ror,https://ror.org/027ka1x80,https://ror.org/027ka1x80,ROR facts: first name -> ROR: 'National Aeronautics and Space Administration'; second name -> ROR: 'National Aeronautics and Space Administration'; both names matched the SAME ROR record,ROR facts: first name -> ROR: 'National Aeronautics and Space Administration'; second name -> ROR: 'National Aeronautics and Space Administration'; both names matched the SAME ROR record
"National Aeronautics and Space Administration, Land Processes Distributed Active Archive Center","National Aeronautics and Space Administration, MODIS Level 1 and Atmosphere Archive and Distribution System",same_ror,https://ror.org/027ka1x80,https://ror.org/027ka1x80,ROR facts: first name -> ROR: 'National Aeronautics and Space Administration'; second name -> ROR: 'National Aeronautics and Space Administration'; both names matched the SAME ROR record,ROR facts: first name -> ROR: 'National Aeronautics and Space Administration'; second name -> ROR: 'National Aeronautics and Space Administration'; both names matched the SAME ROR record
Niedersächsisches Ministerium für Wissenschaft und Kultur,"International Space Science Institute, Polar Stratospheric Cloud Initiative",random_negative,https://ror.org/0116z8r77,https://ror.org/01xm30661,ROR facts: first name -> ROR: 'Niedersächsisches Ministerium für Wissenschaft und Kultur'; second name -> ROR: 'International Space Science Institute'; ROR records are different and not directly linked,ROR facts: first name -> ROR: 'International Space Science Institute'; second name -> ROR: 'Niedersächsisches Ministerium für Wissenschaft und Kultur'; ROR records are different and not directly linked
Max Plank Institute for Mathematics in the Sciences,Max-Planck-Gesellschaft zur Förderung der Wissenschaften e.V.,ror_parent_child,https://ror.org/00ez2he07,https://ror.org/01hhn8329,ROR facts: first name -> ROR: 'Max Planck Institute for Mathematics in the Sciences'; second name -> ROR: 'Max Planck Society'; ROR lists the second record as a parent of the first,ROR facts: first name -> ROR: 'Max Planck Society'; second name -> ROR: 'Max Planck Institute for Mathematics in the Sciences'; ROR lists the second record as a child of the first
University of Pittsburgh,"University of Pittsburgh, Center for Biologic Imaging",same_ror,https://ror.org/01an3r305,https://ror.org/01an3r305,ROR facts: first name -> ROR: 'University of Pittsburgh'; second name -> ROR: 'University of Pittsburgh'; both names matched the SAME ROR record,ROR facts: first name -> ROR: 'University of Pittsburgh'; second name -> ROR: 'University of Pittsburgh'; both names matched the SAME ROR record
"United States Department of Agriculture, Forest Service, Willamette National Forest","United States Department of Agriculture, Animal and Plant Health Inspection Service, Plant Protection and Quarantine Program",ror_parent_child,https://ror.org/01na82s61,https://ror.org/0599wfz09,ROR facts: first name -> ROR: 'United States Department of Agriculture'; second name -> ROR: 'Animal and Plant Health Inspection Service'; ROR lists the second record as a child of the first,ROR facts: first name -> ROR: 'Animal and Plant Health Inspection Service'; second name -> ROR: 'United States Department of Agriculture'; ROR lists the second record as a parent of the first
French National Centre for Scientific Research,"Observatoire Midi-Pyrénées - OMP, SErvice de DOnnées de L'OMP",ror_parent_child,https://ror.org/02feahw73,https://ror.org/030syve83,ROR facts: first name -> ROR: 'Centre National de la Recherche Scientifique'; second name -> ROR: 'Observatoire Midi-Pyrénées'; ROR lists the second record as a child of the first,ROR facts: first name -> ROR: 'Observatoire Midi-Pyrénées'; second name -> ROR: 'Centre National de la Recherche Scientifique'; ROR lists the second record as a parent of the first
Colorado State University Pueblo,"China National Institute for Drug Control, Center for Medical Device Stadardization Administration NMPA, Natuional Institutes for Food and Drug Control",random_negative,https://ror.org/02gn3zg65,https://ror.org/041rdq190,ROR facts: first name -> ROR: 'Colorado State University Pueblo'; second name -> ROR: 'National Institutes for Food and Drug Control'; ROR records are different and not directly linked,ROR facts: first name -> ROR: 'National Institutes for Food and Drug Control'; second name -> ROR: 'Colorado State University Pueblo'; ROR records are different and not directly linked
"University of Leipzig, Clinical Trial Coordination Center","University of Leipzig, Interdisciplinary Centre for Bioinformatics",same_ror,https://ror.org/03s7gtk40,https://ror.org/03s7gtk40,ROR facts: first name -> ROR: 'Leipzig University'; second name -> ROR: 'Leipzig University'; both names matched the SAME ROR record,ROR facts: first name -> ROR: 'Leipzig University'; second name -> ROR: 'Leipzig University'; both names matched the SAME ROR record
"Children's Hospital of Philadelphia, Division of Oncology, Department of Pediatrics",Chemnitz University of Technology,random_negative,https://ror.org/01z7r7q48,https://ror.org/00a208s56,"ROR facts: first name -> ROR: ""Children's Hospital of Philadelphia""; second name -> ROR: 'Chemnitz University of Technology'; ROR records are different and not directly linked","ROR facts: first name -> ROR: 'Chemnitz University of Technology'; second name -> ROR: ""Children's Hospital of Philadelphia""; ROR records are different and not directly linked"
Uniwersytet Łódzki,The University of Chicago,random_negative,https://ror.org/05cq64r17,https://ror.org/024mw5h28,ROR facts: first name -> ROR: 'University of Łódź'; second name -> ROR: 'University of Chicago'; ROR records are different and not directly linked,ROR facts: first name -> ROR: 'University of Chicago'; second name -> ROR: 'University of Łódź'; ROR records are different and not directly linked
"Universität Hamburg, Hamburger Zentrum für Sprachkorpora","Universität Hamburg, Regionales Rechenzentrum",same_ror,https://ror.org/00g30e956,https://ror.org/00g30e956,ROR facts: first name -> ROR: 'Universität Hamburg'; second name -> ROR: 'Universität Hamburg'; both names matched the SAME ROR record,ROR facts: first name -> ROR: 'Universität Hamburg'; second name -> ROR: 'Universität Hamburg'; both names matched the SAME ROR record
Nord University,Social Sciences and Humanities Research Council,random_negative,https://ror.org/030mwrt98,https://ror.org/04j5jqy92,ROR facts: first name -> ROR: 'Nord University'; second name -> ROR: 'Social Sciences and Humanities Research Council'; ROR records are different and not directly linked,ROR facts: first name -> ROR: 'Social Sciences and Humanities Research Council'; second name -> ROR: 'Nord University'; ROR records are different and not directly linked
"Imperial College London, School of Public Health",Toronto Metropolitan University,random_negative,https://ror.org/041kmwe10,https://ror.org/05g13zd79,ROR facts: first name -> ROR: 'Imperial College London'; second name -> ROR: 'Toronto Metropolitan University'; ROR records are different and not directly linked,ROR facts: first name -> ROR: 'Toronto Metropolitan University'; second name -> ROR: 'Imperial College London'; ROR records are different and not directly linked
"Chinese Academy of Sciences, Institute of Biochemistry and Cell Biology",National Space Science Center of the Chinese Academy of Sciences (CAS),ror_parent_child,https://ror.org/02rrdvm96,https://ror.org/034t30j35,ROR facts: first name -> ROR: 'Center for Excellence in Molecular Cell Science'; second name -> ROR: 'Chinese Academy of Sciences'; ROR lists the second record as a parent of the first,ROR facts: first name -> ROR: 'Chinese Academy of Sciences'; second name -> ROR: 'Center for Excellence in Molecular Cell Science'; ROR lists the second record as a child of the first
National Informatics Centre,"Telangana Tate, National Informatics Centre",same_ror,https://ror.org/055nd7x53,https://ror.org/055nd7x53,ROR facts: first name -> ROR: 'National Informatics Centre'; second name -> ROR: 'National Informatics Centre'; both names matched the SAME ROR record,ROR facts: first name -> ROR: 'National Informatics Centre'; second name -> ROR: 'National Informatics Centre'; both names matched the SAME ROR record
Centre for Development Studies,Alfred  P.  Sloan Foundation,random_negative,https://ror.org/02dteh969,https://ror.org/052csg198,ROR facts: first name -> ROR: 'Centre For Development Studies'; second name -> ROR: 'Alfred P. Sloan Foundation'; ROR records are different and not directly linked,ROR facts: first name -> ROR: 'Alfred P. Sloan Foundation'; second name -> ROR: 'Centre For Development Studies'; ROR records are different and not directly linked
"University of Michigan, James and Anne Duderstadt Center","University of Michigan, Inter-university Consortium for Political and Social Research",ror_parent_child,https://ror.org/00jmfr291,https://ror.org/02q7mkh03,ROR facts: first name -> ROR: 'University of Michigan'; second name -> ROR: 'Inter-university Consortium for Political and Social Research'; ROR lists the second record as a child of the first,ROR facts: first name -> ROR: 'Inter-university Consortium for Political and Social Research'; second name -> ROR: 'University of Michigan'; ROR lists the second record as a parent of the first
European Union,European Medicines Agency,ror_parent_child,https://ror.org/019w4f821,https://ror.org/01z0wsw92,ROR facts: first name -> ROR: 'European Union'; second name -> ROR: 'European Medicines Agency'; ROR lists the second record as a child of the first,ROR facts: first name -> ROR: 'European Medicines Agency'; second name -> ROR: 'European Union'; ROR lists the second record as a parent of the first
University of Pittsburgh,"University of Pittsburgh, Dietrich School of Arts & Sciences",same_ror,https://ror.org/01an3r305,https://ror.org/01an3r305,ROR facts: first name -> ROR: 'University of Pittsburgh'; second name -> ROR: 'University of Pittsburgh'; both names matched the SAME ROR record,ROR facts: first name -> ROR: 'University of Pittsburgh'; second name -> ROR: 'University of Pittsburgh'; both names matched the SAME ROR record
Sage Bionetworks,Deutsches Elektronen-Synchrotron DESY,random_negative,https://ror.org/049ncjx51,https://ror.org/01js2sh04,ROR facts: first name -> ROR: 'Sage Bionetworks'; second name -> ROR: 'Deutsches Elektronen-Synchrotron DESY'; ROR records are different and not directly linked,ROR facts: first name -> ROR: 'Deutsches Elektronen-Synchrotron DESY'; second name -> ROR: 'Sage Bionetworks'; ROR records are different and not directly linked
"National Aeronautics and Space Administration, Atmospheric Science Data Center","National Aeronautics and Space Administration, Jet Propulsion Laboratory",same_ror,https://ror.org/027ka1x80,https://ror.org/027ka1x80,ROR facts: first name -> ROR: 'National Aeronautics and Space Administration'; second name -> ROR: 'National Aeronautics and Space Administration'; both names matched the SAME ROR record,ROR facts: first name -> ROR: 'National Aeronautics and Space Administration'; second name -> ROR: 'National Aeronautics and Space Administration'; both names matched the SAME ROR record
Bird Studies Canada,"BirdLife International,  Bird Studies Canada",same_ror,https://ror.org/04ezxnp02,https://ror.org/04ezxnp02,ROR facts: first name -> ROR: 'Birds Canada'; second name -> ROR: 'Birds Canada'; both names matched the SAME ROR record,ROR facts: first name -> ROR: 'Birds Canada'; second name -> ROR: 'Birds Canada'; both names matched the SAME ROR record
Villum Kann Rasmussen Foundation,Defense Advanced Research Project Agency,random_negative,https://ror.org/02zav4281,https://ror.org/02caytj08,ROR facts: first name -> ROR: 'V. Kann Rasmussen Foundation'; second name -> ROR: 'Defense Advanced Research Projects Agency'; ROR records are different and not directly linked,ROR facts: first name -> ROR: 'Defense Advanced Research Projects Agency'; second name -> ROR: 'V. Kann Rasmussen Foundation'; ROR records are different and not directly linked
World Bank,University of Colorado Colorado Springs,random_negative,https://ror.org/00ae7jd04,https://ror.org/054spjc55,ROR facts: first name -> ROR: 'World Bank'; second name -> ROR: 'University of Colorado Colorado Springs'; ROR records are different and not directly linked,ROR facts: first name -> ROR: 'University of Colorado Colorado Springs'; second name -> ROR: 'World Bank'; ROR records are different and not directly linked
Deep Carbon Observatory,Brigham Young University,random_negative,https://ror.org/00bk35j03,https://ror.org/047rhhm47,ROR facts: first name -> ROR: 'NF Observatory'; second name -> ROR: 'Brigham Young University'; ROR records are different and not directly linked,ROR facts: first name -> ROR: 'Brigham Young University'; second name -> ROR: 'NF Observatory'; ROR records are different and not directly linked
"National Oceanic and Atmospheric Administration, National Environmental Satellite, Data, and Information Service, National Geophysical Data Center","NOAA National Centers for Environmental Information, Ocean Climate Laboratory",ror_parent_child,https://ror.org/007qwym43,https://ror.org/04r0wrp59,ROR facts: first name -> ROR: 'NOAA National Environmental Satellite Data and Information Service'; second name -> ROR: 'NOAA National Centers for Environmental Information'; ROR lists the second record as a child of the first,ROR facts: first name -> ROR: 'NOAA National Centers for Environmental Information'; second name -> ROR: 'NOAA National Environmental Satellite Data and Information Service'; ROR lists the second record as a parent of the first
"Verbundzentrale des Gemeinsamen Bibliotheksverbundes der Länder Bremen, Hamburg, Mecklenburg-Vorpommern, Niedersachsen, Sachsen-Anhalt, Schleswig-Holstein, Thüringen und der Stiftung Preußischer Kulturbesitz","Staatliche Museen zu Berlin, Vorderasiatisches Museum",ror_parent_child,https://ror.org/01y6swy44,https://ror.org/02k3b8775,ROR facts: first name -> ROR: 'Prussian Cultural Heritage Foundation'; second name -> ROR: 'Staatliche Museen zu Berlin'; ROR lists the second record as a child of the first,ROR facts: first name -> ROR: 'Staatliche Museen zu Berlin'; second name -> ROR: 'Prussian Cultural Heritage Foundation'; ROR lists the second record as a parent of the first
"United States, Department of Energy, Office of Science, Biological and Environmental Research","U.S. Department of Energy, Microbial Genome Program",ror_parent_child,https://ror.org/00mmn6b08,https://ror.org/01bj3aw27,ROR facts: first name -> ROR: 'Office of Science'; second name -> ROR: 'United States Department of Energy'; ROR lists the second record as a parent of the first,ROR facts: first name -> ROR: 'United States Department of Energy'; second name -> ROR: 'Office of Science'; ROR lists the second record as a child of the first
NASA Goddard Space Flight Center,"National Aeronautics and Space Administration, Goddard Space Flight Center",ror_parent_child,https://ror.org/0171mag52,https://ror.org/027ka1x80,ROR facts: first name -> ROR: 'Goddard Space Flight Center'; second name -> ROR: 'National Aeronautics and Space Administration'; ROR lists the second record as a parent of the first,ROR facts: first name -> ROR: 'National Aeronautics and Space Administration'; second name -> ROR: 'Goddard Space Flight Center'; ROR lists the second record as a child of the first
"Karlsruhe Institute of Technology, Institut für Kunst- und Baugeschichte","Karlsruhe Institute of Technology, Institute for Astroparticle Physics",same_ror,https://ror.org/04t3en479,https://ror.org/04t3en479,ROR facts: first name -> ROR: 'Karlsruhe Institute of Technology'; second name -> ROR: 'Karlsruhe Institute of Technology'; both names matched the SAME ROR record,ROR facts: first name -> ROR: 'Karlsruhe Institute of Technology'; second name -> ROR: 'Karlsruhe Institute of Technology'; both names matched the SAME ROR record
"California Institute of Technology, Infrared Processing and Analysis Center","Infrared Processing and Analysis Center, Science and Data Center for Infrared Astronomy",same_ror,https://ror.org/05q79g396,https://ror.org/05q79g396,ROR facts: first name -> ROR: 'Infrared Processing and Analysis Center'; second name -> ROR: 'Infrared Processing and Analysis Center'; both names matched the SAME ROR record,ROR facts: first name -> ROR: 'Infrared Processing and Analysis Center'; second name -> ROR: 'Infrared Processing and Analysis Center'; both names matched the SAME ROR record
"FernUniversität in Hagen, Institut für Geschichte und Biographie","Schweizerischer Erdbebendienst, ETH Zürich",ror_parent_child,https://ror.org/02cp6jm68,https://ror.org/05a28rw58,ROR facts: first name -> ROR: 'Institute of History'; second name -> ROR: 'ETH Zurich'; ROR lists the second record as a parent of the first,ROR facts: first name -> ROR: 'ETH Zurich'; second name -> ROR: 'Institute of History'; ROR lists the second record as a child of the first
"Chinese Academy of Agricultural Sciences, Institute of Crop Science",Ifremer,random_negative,https://ror.org/053g6zg46,https://ror.org/044jxhp58,ROR facts: first name -> ROR: 'Institute of Crop Science'; second name -> ROR: 'Ifremer'; ROR records are different and not directly linked,ROR facts: first name -> ROR: 'Ifremer'; second name -> ROR: 'Institute of Crop Science'; ROR records are different and not directly linked
Ministry of Electronics and Information Technology,"National Informatics Centre (NIC), Ministry of Electronics & Information Technology, Government of India",same_ror,https://ror.org/02z31cn83,https://ror.org/02z31cn83,ROR facts: first name -> ROR: 'Ministry of Electronics and Information Technology'; second name -> ROR: 'Ministry of Electronics and Information Technology'; both names matched the SAME ROR record,ROR facts: first name -> ROR: 'Ministry of Electronics and Information Technology'; second name -> ROR: 'Ministry of Electronics and Information Technology'; both names matched the SAME ROR record
"Allergy, Genes and Environment Network",United States Geological Survey,random_negative,https://ror.org/048gf2b30,https://ror.org/03eg83y24,ROR facts: first name -> ROR: 'AllerGen'; second name -> ROR: 'Pacific Island Ecosystems Research Center'; ROR records are different and not directly linked,ROR facts: first name -> ROR: 'Pacific Island Ecosystems Research Center'; second name -> ROR: 'AllerGen'; ROR records are different and not directly linked
Centre national de la recherche scientifique,Huma-Num,ror_parent_child,https://ror.org/02feahw73,https://ror.org/04ces3204,ROR facts: first name -> ROR: 'Centre National de la Recherche Scientifique'; second name -> ROR: 'Huma-Num'; ROR lists the second record as a child of the first,ROR facts: first name -> ROR: 'Huma-Num'; second name -> ROR: 'Centre National de la Recherche Scientifique'; ROR lists the second record as a parent of the first
"U.S. Department of Health and Human Services, National Institutes of Health, National Cancer Institute","U.S. Department of Health and Human Services, National Institutes of Health, National Cancer Institute, Center for Biomedical Informatics and Information Technology",same_ror,https://ror.org/033jnv181,https://ror.org/033jnv181,ROR facts: first name -> ROR: 'United States Department of Health and Human Services'; second name -> ROR: 'United States Department of Health and Human Services'; both names matched the SAME ROR record,ROR facts: first name -> ROR: 'United States Department of Health and Human Services'; second name -> ROR: 'United States Department of Health and Human Services'; both names matched the SAME ROR record
"University of Belgrade, Computer Centre","University of Belgrade, Faculty of Chemistry",same_ror,https://ror.org/02qsmb048,https://ror.org/02qsmb048,ROR facts: first name -> ROR: 'University of Belgrade'; second name -> ROR: 'University of Belgrade'; both names matched the SAME ROR record,ROR facts: first name -> ROR: 'University of Belgrade'; second name -> ROR: 'University of Belgrade'; both names matched the SAME ROR record
University of California Davis,"University of California, Davis, Department of Economics, Center for International Data",same_ror,https://ror.org/05rrcem69,https://ror.org/05rrcem69,"ROR facts: first name -> ROR: 'University of California, Davis'; second name -> ROR: 'University of California, Davis'; both names matched the SAME ROR record","ROR facts: first name -> ROR: 'University of California, Davis'; second name -> ROR: 'University of California, Davis'; both names matched the SAME ROR record"
"European Central Bank, Household Finance and Consumption Network",European Union’s 5th PCRDT programme,ror_parent_child,https://ror.org/00ajckn66,https://ror.org/019w4f821,ROR facts: first name -> ROR: 'European Central Bank'; second name -> ROR: 'European Union'; ROR lists the second record as a parent of the first,ROR facts: first name -> ROR: 'European Union'; second name -> ROR: 'European Central Bank'; ROR lists the second record as a child of the first
"NOAA, Desert Research Institute",University of Groningen,random_negative,https://ror.org/02vg22c33,https://ror.org/012p63287,ROR facts: first name -> ROR: 'Desert Research Institute'; second name -> ROR: 'University of Groningen'; ROR records are different and not directly linked,ROR facts: first name -> ROR: 'University of Groningen'; second name -> ROR: 'Desert Research Institute'; ROR records are different and not directly linked
"National Aeronautics and Space Administration, Jet Propulsion Laboratory",Government of the United States of America,ror_parent_child,https://ror.org/027ka1x80,https://ror.org/02rcrvv70,ROR facts: first name -> ROR: 'National Aeronautics and Space Administration'; second name -> ROR: 'Government of the United States of America'; ROR lists the second record as a parent of the first,ROR facts: first name -> ROR: 'Government of the United States of America'; second name -> ROR: 'National Aeronautics and Space Administration'; ROR lists the second record as a child of the first
Université d'Orléans,"Ministry of Science, Research and Arts Baden-Württemberg",random_negative,https://ror.org/014zrew76,https://ror.org/023ktd084,"ROR facts: first name -> ROR: ""Université d'Orléans""; second name -> ROR: 'Ministry of Science'; ROR records are different and not directly linked","ROR facts: first name -> ROR: 'Ministry of Science'; second name -> ROR: ""Université d'Orléans""; ROR records are different and not directly linked"
Centre national de la recherche scientifique,"Lyon Astrophysics Research Center, Lyon Observatory",ror_parent_child,https://ror.org/02feahw73,https://ror.org/03j307b25,ROR facts: first name -> ROR: 'Centre National de la Recherche Scientifique'; second name -> ROR: 'Observatoire de Lyon'; ROR lists the second record as a child of the first,ROR facts: first name -> ROR: 'Observatoire de Lyon'; second name -> ROR: 'Centre National de la Recherche Scientifique'; ROR lists the second record as a parent of the first
"European Commission, Research and Innovation","UK Research and Innovation, Arts and Humanities Research Council",ror_parent_child,https://ror.org/001aqnf71,https://ror.org/0505m1554,ROR facts: first name -> ROR: 'UK Research and Innovation'; second name -> ROR: 'Arts and Humanities Research Council'; ROR lists the second record as a child of the first,ROR facts: first name -> ROR: 'Arts and Humanities Research Council'; second name -> ROR: 'UK Research and Innovation'; ROR lists the second record as a parent of the first
Universitat de Girona,"National Agriculture and Food Research Organization, Institute of Agrobiological Sciences",random_negative,https://ror.org/01xdxns91,https://ror.org/01786mp71,ROR facts: first name -> ROR: 'Universitat de Girona'; second name -> ROR: 'Institute of Agrobiological Sciences'; ROR records are different and not directly linked,ROR facts: first name -> ROR: 'Institute of Agrobiological Sciences'; second name -> ROR: 'Universitat de Girona'; ROR records are different and not directly linked
National Multiple Sclerosis Society,Kumamoto University,random_negative,https://ror.org/03019wv17,https://ror.org/02cgss904,ROR facts: first name -> ROR: 'National Multiple Sclerosis Society'; second name -> ROR: 'Kumamoto University'; ROR records are different and not directly linked,ROR facts: first name -> ROR: 'Kumamoto University'; second name -> ROR: 'National Multiple Sclerosis Society'; ROR records are different and not directly linked
Institute for Agricultural and Forest Systems in the Mediterranean,Consiglio Nazionale delle Ricerche,ror_parent_child,https://ror.org/02the9q75,https://ror.org/04zaypm56,ROR facts: first name -> ROR: 'Institute for Agricultural and Forest Systems in the Mediterranean'; second name -> ROR: 'National Research Council'; ROR lists the second record as a parent of the first,ROR facts: first name -> ROR: 'National Research Council'; second name -> ROR: 'Institute for Agricultural and Forest Systems in the Mediterranean'; ROR lists the second record as a child of the first
Institut de Physique du Globe de Paris,French National Centre for Scientific Research (CNRS),ror_parent_child,https://ror.org/004gzqz66,https://ror.org/02feahw73,ROR facts: first name -> ROR: 'Institut de physique du globe de Paris'; second name -> ROR: 'Centre National de la Recherche Scientifique'; ROR lists the second record as a parent of the first,ROR facts: first name -> ROR: 'Centre National de la Recherche Scientifique'; second name -> ROR: 'Institut de physique du globe de Paris'; ROR lists the second record as a child of the first
"United States Department of Agriculture,  Forest Service",U.S. Fish and Wildlife Service,ror_parent_child,https://ror.org/01na82s61,https://ror.org/0599wfz09,ROR facts: first name -> ROR: 'United States Department of Agriculture'; second name -> ROR: 'Animal and Plant Health Inspection Service'; ROR lists the second record as a child of the first,ROR facts: first name -> ROR: 'Animal and Plant Health Inspection Service'; second name -> ROR: 'United States Department of Agriculture'; ROR lists the second record as a parent of the first
Federal Office for Food and Agriculture,TÜBİTAK Ulusal Akademik Ağ ve Bilgi Merkezi,random_negative,https://ror.org/01526pb12,https://ror.org/017k52s24,ROR facts: first name -> ROR: 'Federal Office for Food and Agriculture'; second name -> ROR: 'Turkish Academic Network and Information Center'; ROR records are different and not directly linked,ROR facts: first name -> ROR: 'Turkish Academic Network and Information Center'; second name -> ROR: 'Federal Office for Food and Agriculture'; ROR records are different and not directly linked
"National Oceanic and Atmospheric Administration, National Centers for Environmental Prediction","National Centers for Environmental Information, Ocean Climate Laboratory",ror_parent_child,https://ror.org/02z5nhe81,https://ror.org/04r0wrp59,ROR facts: first name -> ROR: 'National Oceanic and Atmospheric Administration'; second name -> ROR: 'NOAA National Centers for Environmental Information'; ROR lists the second record as a child of the first,ROR facts: first name -> ROR: 'NOAA National Centers for Environmental Information'; second name -> ROR: 'National Oceanic and Atmospheric Administration'; ROR lists the second record as a parent of the first
International Association of Geodesy,"International Association of Geodesy, Global Geodetic Observing System",same_ror,https://ror.org/04a9s7v87,https://ror.org/04a9s7v87,ROR facts: first name -> ROR: 'International Association of Geodesy'; second name -> ROR: 'International Association of Geodesy'; both names matched the SAME ROR record,ROR facts: first name -> ROR: 'International Association of Geodesy'; second name -> ROR: 'International Association of Geodesy'; both names matched the SAME ROR record
University of Oxford,"University of Oxford, Nuffield Department of Medicine, Centre for Medicines Discovery, Target Discovery Institute",same_ror,https://ror.org/052gg0110,https://ror.org/052gg0110,ROR facts: first name -> ROR: 'University of Oxford'; second name -> ROR: 'University of Oxford'; both names matched the SAME ROR record,ROR facts: first name -> ROR: 'University of Oxford'; second name -> ROR: 'University of Oxford'; both names matched the SAME ROR record
Roswell Park Cancer Institute,Barrow Arctic Science Consortium,random_negative,https://ror.org/0499dwk57,https://ror.org/0447b5h55,ROR facts: first name -> ROR: 'Roswell Park Comprehensive Cancer Center'; second name -> ROR: 'Barrow Arctic Science Consortium'; ROR records are different and not directly linked,ROR facts: first name -> ROR: 'Barrow Arctic Science Consortium'; second name -> ROR: 'Roswell Park Comprehensive Cancer Center'; ROR records are different and not directly linked
United States Navy,"University of Oslo,  Research Council of Norway,  Stochastics for Time-Space Risk Models Project",random_negative,https://ror.org/03cs53d16,https://ror.org/00epmv149,ROR facts: first name -> ROR: 'United States Navy'; second name -> ROR: 'The Research Council of Norway'; ROR records are different and not directly linked,ROR facts: first name -> ROR: 'The Research Council of Norway'; second name -> ROR: 'United States Navy'; ROR records are different and not directly linked
National Oceanic & Atmospheric Administration,"National Oceanic and Atmospheric Administration, Pacific Marine Environmental Laboratory",same_ror,https://ror.org/02z5nhe81,https://ror.org/02z5nhe81,ROR facts: first name -> ROR: 'National Oceanic and Atmospheric Administration'; second name -> ROR: 'National Oceanic and Atmospheric Administration'; both names matched the SAME ROR record,ROR facts: first name -> ROR: 'National Oceanic and Atmospheric Administration'; second name -> ROR: 'National Oceanic and Atmospheric Administration'; both names matched the SAME ROR record
"U.S. Geological Survey,  National Earthquake Hazards Reduction Program, Earthquake Hazards Program",US Geological Survey,same_ror,https://ror.org/035a68863,https://ror.org/035a68863,ROR facts: first name -> ROR: 'United States Geological Survey'; second name -> ROR: 'United States Geological Survey'; both names matched the SAME ROR record,ROR facts: first name -> ROR: 'United States Geological Survey'; second name -> ROR: 'United States Geological Survey'; both names matched the SAME ROR record
National Institute for Nuclear Physics,"United States Department of Agriculture, National Agricultural Statistics Service",random_negative,https://ror.org/005ta0471,https://ror.org/04dpymk59,ROR facts: first name -> ROR: 'Istituto Nazionale di Fisica Nucleare'; second name -> ROR: 'National Agricultural Statistics Service'; ROR records are different and not directly linked,ROR facts: first name -> ROR: 'National Agricultural Statistics Service'; second name -> ROR: 'Istituto Nazionale di Fisica Nucleare'; ROR records are different and not directly linked
"National Oceanic and Atmospheric Administration, National Centers for Environmental Prediction","U.S. Department of Commerce, National Oceanic and Atmospheric Administration, Global Monitoring Laboratory",same_ror,https://ror.org/02z5nhe81,https://ror.org/02z5nhe81,ROR facts: first name -> ROR: 'National Oceanic and Atmospheric Administration'; second name -> ROR: 'National Oceanic and Atmospheric Administration'; both names matched the SAME ROR record,ROR facts: first name -> ROR: 'National Oceanic and Atmospheric Administration'; second name -> ROR: 'National Oceanic and Atmospheric Administration'; both names matched the SAME ROR record
"Government of Newfoundland and Labrador: Fisheries, Foresty and Agriculturen",Benemérita Universidad Autónoma de Puebla,random_negative,https://ror.org/01jet5b79,https://ror.org/03p2z7827,ROR facts: first name -> ROR: 'Government of Newfoundland and Labrador'; second name -> ROR: 'Benemérita Universidad Autónoma de Puebla'; ROR records are different and not directly linked,ROR facts: first name -> ROR: 'Benemérita Universidad Autónoma de Puebla'; second name -> ROR: 'Government of Newfoundland and Labrador'; ROR records are different and not directly linked
Gesellschaft für Wissenschaftliche Datenverarbeitung mbH Göttingen,Gesellschaft für wissenschaftliche Datenverarbeitung mbH Göttingen,same_ror,https://ror.org/00cd95c65,https://ror.org/00cd95c65,ROR facts: first name -> ROR: 'Gesellschaft für wissenschaftliche Datenverarbeitung mbH Göttingen'; second name -> ROR: 'Gesellschaft für wissenschaftliche Datenverarbeitung mbH Göttingen'; both names matched the SAME ROR record,ROR facts: first name -> ROR: 'Gesellschaft für wissenschaftliche Datenverarbeitung mbH Göttingen'; second name -> ROR: 'Gesellschaft für wissenschaftliche Datenverarbeitung mbH Göttingen'; both names matched the SAME ROR record
"U.S.Department of Energy, Office of Science","U.S. Department of Energy, Science.gov",ror_parent_child,https://ror.org/00mmn6b08,https://ror.org/01bj3aw27,ROR facts: first name -> ROR: 'Office of Science'; second name -> ROR: 'United States Department of Energy'; ROR lists the second record as a parent of the first,ROR facts: first name -> ROR: 'United States Department of Energy'; second name -> ROR: 'Office of Science'; ROR lists the second record as a child of the first
Universiteit Utrecht,"Utrecht University, CLARIN ERIC Office",same_ror,https://ror.org/04pp8hn57,https://ror.org/04pp8hn57,ROR facts: first name -> ROR: 'Utrecht University'; second name -> ROR: 'Utrecht University'; both names matched the SAME ROR record,ROR facts: first name -> ROR: 'Utrecht University'; second name -> ROR: 'Utrecht University'; both names matched the SAME ROR record
National Institute of Nursing Research,École de Technologie Supérieure,random_negative,https://ror.org/01y3zfr79,https://ror.org/0020snb74,ROR facts: first name -> ROR: 'National Institute of Nursing Research'; second name -> ROR: 'École de Technologie Supérieure'; ROR records are different and not directly linked,ROR facts: first name -> ROR: 'École de Technologie Supérieure'; second name -> ROR: 'National Institute of Nursing Research'; ROR records are different and not directly linked
"United States Department of Agriculture, World Agricultural Outlook Board","U.S. Department of Agriculture, Natural Resources Conservation Service",ror_parent_child,https://ror.org/01na82s61,https://ror.org/03j7rgg33,ROR facts: first name -> ROR: 'United States Department of Agriculture'; second name -> ROR: 'Natural Resources Conservation Service'; ROR lists the second record as a child of the first,ROR facts: first name -> ROR: 'Natural Resources Conservation Service'; second name -> ROR: 'United States Department of Agriculture'; ROR lists the second record as a parent of the first
"Government of Canada, Open Government",Institut für Sozialwissenschaftliche Forschung,random_negative,https://ror.org/010q4q527,https://ror.org/0120amd78,ROR facts: first name -> ROR: 'Government of Canada'; second name -> ROR: 'Institut für Sozialwissenschaftliche Forschung'; ROR records are different and not directly linked,ROR facts: first name -> ROR: 'Institut für Sozialwissenschaftliche Forschung'; second name -> ROR: 'Government of Canada'; ROR records are different and not directly linked
"University of Tübingen, Institute for Geoscience, Invertebrate Palaeontology and Palaeoclimatology",Staats- und Universitätsbibliothek Hamburg,random_negative,https://ror.org/03a1kwz48,https://ror.org/00pwcvj19,ROR facts: first name -> ROR: 'University of Tübingen'; second name -> ROR: 'Staats- und Universitätsbibliothek Hamburg Carl von Ossietzky'; ROR records are different and not directly linked,ROR facts: first name -> ROR: 'Staats- und Universitätsbibliothek Hamburg Carl von Ossietzky'; second name -> ROR: 'University of Tübingen'; ROR records are different and not directly linked
"University of Toronto, Donnelly Centre for Cellular and Biomolecular Research","University of Toronto, Donnelly Centre for Cellular and Biomolecular Research, Zhang Lab",same_ror,https://ror.org/03dbr7087,https://ror.org/03dbr7087,ROR facts: first name -> ROR: 'University of Toronto'; second name -> ROR: 'University of Toronto'; both names matched the SAME ROR record,ROR facts: first name -> ROR: 'University of Toronto'; second name -> ROR: 'University of Toronto'; both names matched the SAME ROR record
Istituto Nazionale di Geofisica e Vulcanologia,"National Institute of Geophysics and Volcanology, Etna Observatory",same_ror,https://ror.org/00qps9a02,https://ror.org/00qps9a02,ROR facts: first name -> ROR: 'Istituto Nazionale di Geofisica e Vulcanologia'; second name -> ROR: 'Istituto Nazionale di Geofisica e Vulcanologia'; both names matched the SAME ROR record,ROR facts: first name -> ROR: 'Istituto Nazionale di Geofisica e Vulcanologia'; second name -> ROR: 'Istituto Nazionale di Geofisica e Vulcanologia'; both names matched the SAME ROR record
"Chinese Academy of Science, Kunming Institute of Botany",Research Council of Lithuania,random_negative,https://ror.org/02e5hx313,https://ror.org/02gs16m83,ROR facts: first name -> ROR: 'Kunming Institute of Botany'; second name -> ROR: 'Lietuvos Mokslo Taryba'; ROR records are different and not directly linked,ROR facts: first name -> ROR: 'Lietuvos Mokslo Taryba'; second name -> ROR: 'Kunming Institute of Botany'; ROR records are different and not directly linked
"National Astronomical Observatories, Chinese Academy of Sciences, Chinese Virtual Observatory","University of Science & Technology of China, WANG Group, School of Life Sciences, Hefei National Laboratory for Physical Sciences at the Microscale",ror_parent_child,https://ror.org/034t30j35,https://ror.org/04c4dkn09,ROR facts: first name -> ROR: 'Chinese Academy of Sciences'; second name -> ROR: 'University of Science and Technology of China'; ROR lists the second record as a child of the first,ROR facts: first name -> ROR: 'University of Science and Technology of China'; second name -> ROR: 'Chinese Academy of Sciences'; ROR lists the second record as a parent of the first
European Molecular Biology Laboratory - The European Bioinformatics Institute,"European Molecular Biology Laboratory, European Bioinformatics Institute, Goldman Group",same_ror,https://ror.org/02catss52,https://ror.org/02catss52,ROR facts: first name -> ROR: 'European Bioinformatics Institute'; second name -> ROR: 'European Bioinformatics Institute'; both names matched the SAME ROR record,ROR facts: first name -> ROR: 'European Bioinformatics Institute'; second name -> ROR: 'European Bioinformatics Institute'; both names matched the SAME ROR record
"Indiana University, Institute for Digital Arts and Humanities","NYU Langone Health,  NYU School of Medicine",ror_parent_child,https://ror.org/01kg8sb98,https://ror.org/02ets8c94,ROR facts: first name -> ROR: 'Indiana University'; second name -> ROR: 'Indiana University School of Medicine'; ROR lists the second record as a child of the first,ROR facts: first name -> ROR: 'Indiana University School of Medicine'; second name -> ROR: 'Indiana University'; ROR lists the second record as a parent of the first
"Georg-August Universität Göttingen, Department of Evolutionary Developmental Genetics",Georg-August-Universität Göttingen,same_ror,https://ror.org/01y9bpm73,https://ror.org/01y9bpm73,ROR facts: first name -> ROR: 'University of Göttingen'; second name -> ROR: 'University of Göttingen'; both names matched the SAME ROR record,ROR facts: first name -> ROR: 'University of Göttingen'; second name -> ROR: 'University of Göttingen'; both names matched the SAME ROR record
Ministry of Electronics and Information Technology,National Informatics Center,ror_parent_child,https://ror.org/02z31cn83,https://ror.org/055nd7x53,ROR facts: first name -> ROR: 'Ministry of Electronics and Information Technology'; second name -> ROR: 'National Informatics Centre'; ROR lists the second record as a child of the first,ROR facts: first name -> ROR: 'National Informatics Centre'; second name -> ROR: 'Ministry of Electronics and Information Technology'; ROR lists the second record as a parent of the first
"University of Washington, OOI Regional Cabled Array",UNESCO Institute for Statistics,random_negative,https://ror.org/00cvxb145,https://ror.org/02t7bvx21,ROR facts: first name -> ROR: 'University of Washington'; second name -> ROR: 'UNESCO Institute for Statistics'; ROR records are different and not directly linked,ROR facts: first name -> ROR: 'UNESCO Institute for Statistics'; second name -> ROR: 'University of Washington'; ROR records are different and not directly linked
"National Aeronautics and Space Administration, Earth Data","National Aeronautics and Space Administration, Socio-Economic Data and Applications Center",same_ror,https://ror.org/027ka1x80,https://ror.org/027ka1x80,ROR facts: first name -> ROR: 'National Aeronautics and Space Administration'; second name -> ROR: 'National Aeronautics and Space Administration'; both names matched the SAME ROR record,ROR facts: first name -> ROR: 'National Aeronautics and Space Administration'; second name -> ROR: 'National Aeronautics and Space Administration'; both names matched the SAME ROR record
NOAA’s National Centers for Coastal Ocean Science,Government of  Karnataka,random_negative,https://ror.org/05ba43f71,https://ror.org/00maf9573,ROR facts: first name -> ROR: 'NOAA National Centers for Coastal Ocean Science'; second name -> ROR: 'Government of Karnataka'; ROR records are different and not directly linked,ROR facts: first name -> ROR: 'Government of Karnataka'; second name -> ROR: 'NOAA National Centers for Coastal Ocean Science'; ROR records are different and not directly linked
University of Manitoba,"University of Manitoba, Centre for Earth Observation Science",ror_parent_child,https://ror.org/02gfys938,https://ror.org/05pcf2t08,ROR facts: first name -> ROR: 'University of Manitoba'; second name -> ROR: 'Centre for Earth Observation Science'; ROR lists the second record as a child of the first,ROR facts: first name -> ROR: 'Centre for Earth Observation Science'; second name -> ROR: 'University of Manitoba'; ROR lists the second record as a parent of the first
New Mexico Tech,"New Mexico Institute of Mining and Technology, New Mexico Bureau of Geology & Mineral Resources",ror_parent_child,https://ror.org/005p9kw61,https://ror.org/00jvn6d28,ROR facts: first name -> ROR: 'New Mexico Institute of Mining and Technology'; second name -> ROR: 'New Mexico Bureau of Geology and Mineral Resources'; ROR lists the second record as a child of the first,ROR facts: first name -> ROR: 'New Mexico Bureau of Geology and Mineral Resources'; second name -> ROR: 'New Mexico Institute of Mining and Technology'; ROR lists the second record as a parent of the first
"National Institute of Allergy and Infectious Diseases, Division of Allergy, Immunology, and Transplantation","National Institutes of Health,  National Institute of Allergy and Infectious Diseases",same_ror,https://ror.org/043z4tv69,https://ror.org/043z4tv69,ROR facts: first name -> ROR: 'National Institute of Allergy and Infectious Diseases'; second name -> ROR: 'National Institute of Allergy and Infectious Diseases'; both names matched the SAME ROR record,ROR facts: first name -> ROR: 'National Institute of Allergy and Infectious Diseases'; second name -> ROR: 'National Institute of Allergy and Infectious Diseases'; both names matched the SAME ROR record
University of Manchester,"University of Manchester, Department of Computer Science",same_ror,https://ror.org/027m9bs27,https://ror.org/027m9bs27,ROR facts: first name -> ROR: 'University of Manchester'; second name -> ROR: 'University of Manchester'; both names matched the SAME ROR record,ROR facts: first name -> ROR: 'University of Manchester'; second name -> ROR: 'University of Manchester'; both names matched the SAME ROR record
National Center for Health Statistics,University of Buffalo,random_negative,https://ror.org/03p15s250,https://ror.org/01y64my43,"ROR facts: first name -> ROR: 'National Center for Health Statistics'; second name -> ROR: 'University at Buffalo, State University of New York'; ROR records are different and not directly linked","ROR facts: first name -> ROR: 'University at Buffalo, State University of New York'; second name -> ROR: 'National Center for Health Statistics'; ROR records are different and not directly linked"
"United States Department of Agriculture, Foreign Agricultural Service","U.S. Department of Agriculture, Natural Resources Conservation Service",ror_parent_child,https://ror.org/01na82s61,https://ror.org/03j7rgg33,ROR facts: first name -> ROR: 'United States Department of Agriculture'; second name -> ROR: 'Natural Resources Conservation Service'; ROR lists the second record as a child of the first,ROR facts: first name -> ROR: 'Natural Resources Conservation Service'; second name -> ROR: 'United States Department of Agriculture'; ROR lists the second record as a parent of the first
"University Medical Center Freiburg, Institute of Medical Biometry and Statistics",United Nations Environment Programme - World Conservation Monitoring Centre,random_negative,https://ror.org/03vzbgh69,https://ror.org/04570b518,ROR facts: first name -> ROR: 'University Medical Center Freiburg'; second name -> ROR: 'UN Environment Programme World Conservation Monitoring Centre'; ROR records are different and not directly linked,ROR facts: first name -> ROR: 'UN Environment Programme World Conservation Monitoring Centre'; second name -> ROR: 'University Medical Center Freiburg'; ROR records are different and not directly linked
"Université de Liège, Institut de Physique Nucleaire, Atomique et de Spectroscopie",Centre National de la Recherche Scientifique,ror_parent_child,https://ror.org/00z54nq84,https://ror.org/02feahw73,ROR facts: first name -> ROR: 'Institut de Physique'; second name -> ROR: 'Centre National de la Recherche Scientifique'; ROR lists the second record as a parent of the first,ROR facts: first name -> ROR: 'Centre National de la Recherche Scientifique'; second name -> ROR: 'Institut de Physique'; ROR lists the second record as a child of the first
World Bank,World Bank Group,ror_parent_child,https://ror.org/00ae7jd04,https://ror.org/02md09461,ROR facts: first name -> ROR: 'World Bank'; second name -> ROR: 'World Bank Group'; ROR lists the second record as a parent of the first,ROR facts: first name -> ROR: 'World Bank Group'; second name -> ROR: 'World Bank'; ROR lists the second record as a child of the first
Bio-Med Big Data Center,National Institute on Alcohol Abuse and Alcoholism,random_negative,https://ror.org/04663jx74,https://ror.org/02jzrsm59,ROR facts: first name -> ROR: 'College Station Medical Center'; second name -> ROR: 'National Institute on Alcohol Abuse and Alcoholism'; ROR records are different and not directly linked,ROR facts: first name -> ROR: 'National Institute on Alcohol Abuse and Alcoholism'; second name -> ROR: 'College Station Medical Center'; ROR records are different and not directly linked
National Oceanic and Atmospheric Administration,NOAA's National Centers for Environmental Information,ror_parent_child,https://ror.org/02z5nhe81,https://ror.org/04r0wrp59,ROR facts: first name -> ROR: 'National Oceanic and Atmospheric Administration'; second name -> ROR: 'NOAA National Centers for Environmental Information'; ROR lists the second record as a child of the first,ROR facts: first name -> ROR: 'NOAA National Centers for Environmental Information'; second name -> ROR: 'National Oceanic and Atmospheric Administration'; ROR lists the second record as a parent of the first
Africa Health Research Institute,"University of Waterloo, Science Society",random_negative,https://ror.org/034m6ke32,https://ror.org/01aff2v68,ROR facts: first name -> ROR: 'Africa Health Research Institute'; second name -> ROR: 'University of Waterloo'; ROR records are different and not directly linked,ROR facts: first name -> ROR: 'University of Waterloo'; second name -> ROR: 'Africa Health Research Institute'; ROR records are different and not directly linked
"Georg-August Universität Göttingen, Department of Evolutionary Developmental Genetics","Georg-August-Universität Göttingen, Niedersächsische Staats- und Universitätsbibliothek Göttingen",ror_parent_child,https://ror.org/01y9bpm73,https://ror.org/05745n787,ROR facts: first name -> ROR: 'University of Göttingen'; second name -> ROR: 'Niedersächsische Staats- und Universitätsbibliothek Göttingen'; ROR lists the second record as a child of the first,ROR facts: first name -> ROR: 'Niedersächsische Staats- und Universitätsbibliothek Göttingen'; second name -> ROR: 'University of Göttingen'; ROR lists the second record as a parent of the first
"University of California San Diego, San Diego Supercomputer Center","UC San Diego, Scripps Institution of Oceanography",ror_parent_child,https://ror.org/0168r3w48,https://ror.org/04v7hvq31,ROR facts: first name -> ROR: 'University of California San Diego'; second name -> ROR: 'Scripps Institution of Oceanography'; ROR lists the second record as a child of the first,ROR facts: first name -> ROR: 'Scripps Institution of Oceanography'; second name -> ROR: 'University of California San Diego'; ROR lists the second record as a parent of the first
"NASA, Jet Propulsion Laboratory","National Aeronautics and Space Administration, Oak Ridge National Laboratory DAAC",ror_parent_child,https://ror.org/027k65916,https://ror.org/027ka1x80,ROR facts: first name -> ROR: 'Jet Propulsion Laboratory'; second name -> ROR: 'National Aeronautics and Space Administration'; ROR lists the second record as a parent of the first,ROR facts: first name -> ROR: 'National Aeronautics and Space Administration'; second name -> ROR: 'Jet Propulsion Laboratory'; ROR lists the second record as a child of the first
Information and Library Network Centre,"Universität Paderborn, Zentrum für Informations- und Medientechnologien",random_negative,https://ror.org/05mhhk279,https://ror.org/058kzsd48,ROR facts: first name -> ROR: 'Information and Library Network'; second name -> ROR: 'Paderborn University'; ROR records are different and not directly linked,ROR facts: first name -> ROR: 'Paderborn University'; second name -> ROR: 'Information and Library Network'; ROR records are different and not directly linked
Weizmann Institute of Science,"Weizmann Institute of Science, The Crown Human Gemome Center",same_ror,https://ror.org/0316ej306,https://ror.org/0316ej306,ROR facts: first name -> ROR: 'Weizmann Institute of Science'; second name -> ROR: 'Weizmann Institute of Science'; both names matched the SAME ROR record,ROR facts: first name -> ROR: 'Weizmann Institute of Science'; second name -> ROR: 'Weizmann Institute of Science'; both names matched the SAME ROR record
Université Grenoble Alpes,"Freistaat Thüringen, Landesamt für Denkmalpflege und Archäologie",random_negative,https://ror.org/02rx3b187,https://ror.org/041hmhr55,ROR facts: first name -> ROR: 'Université Grenoble Alpes'; second name -> ROR: 'Denkmalpflege und Archäologie'; ROR records are different and not directly linked,ROR facts: first name -> ROR: 'Denkmalpflege und Archäologie'; second name -> ROR: 'Université Grenoble Alpes'; ROR records are different and not directly linked
Digital Humanities Center (Eberhard Karls Universität Tübingen),Eberhard Karls Universität Tübingen,same_ror,https://ror.org/03a1kwz48,https://ror.org/03a1kwz48,ROR facts: first name -> ROR: 'University of Tübingen'; second name -> ROR: 'University of Tübingen'; both names matched the SAME ROR record,ROR facts: first name -> ROR: 'University of Tübingen'; second name -> ROR: 'University of Tübingen'; both names matched the SAME ROR record
European X-Ray Free-Electron Laser,"Université de Strasbourg, Centre National de la Recherche Scientifique, Strasbourg Observatory",ror_parent_child,https://ror.org/01wp2jz98,https://ror.org/02feahw73,ROR facts: first name -> ROR: 'European X-Ray Free-Electron Laser'; second name -> ROR: 'Centre National de la Recherche Scientifique'; ROR lists the second record as a parent of the first,ROR facts: first name -> ROR: 'Centre National de la Recherche Scientifique'; second name -> ROR: 'European X-Ray Free-Electron Laser'; ROR lists the second record as a child of the first
Babeș-Bolyai University,"Korea Atomic Energy Research Institute, Nuclear Data Center",random_negative,https://ror.org/02rmd1t30,https://ror.org/01xb4fs50,ROR facts: first name -> ROR: 'Babeș-Bolyai University'; second name -> ROR: 'Korea Atomic Energy Research Institute'; ROR records are different and not directly linked,ROR facts: first name -> ROR: 'Korea Atomic Energy Research Institute'; second name -> ROR: 'Babeș-Bolyai University'; ROR records are different and not directly linked
"Australian Government, Department of Industry, Science and Resources",Australian Nuclear Science and Technology Organisation,ror_parent_child,https://ror.org/021z9m619,https://ror.org/05j7fep28,"ROR facts: first name -> ROR: 'Department of Industry, Science and Resources'; second name -> ROR: 'Australian Nuclear Science and Technology Organisation'; ROR lists the second record as a child of the first","ROR facts: first name -> ROR: 'Australian Nuclear Science and Technology Organisation'; second name -> ROR: 'Department of Industry, Science and Resources'; ROR lists the second record as a parent of the first"
"NOAA National Centers for Environmental Information, Ocean Climate Laboratory","The National Oceanic and Atmospheric Administration, National Centers for Environmental Information",same_ror,https://ror.org/04r0wrp59,https://ror.org/04r0wrp59,ROR facts: first name -> ROR: 'NOAA National Centers for Environmental Information'; second name -> ROR: 'NOAA National Centers for Environmental Information'; both names matched the SAME ROR record,ROR facts: first name -> ROR: 'NOAA National Centers for Environmental Information'; second name -> ROR: 'NOAA National Centers for Environmental Information'; both names matched the SAME ROR record
Centre national de la recherche scientifique,Géosciences Environnement  Toulouse,ror_parent_child,https://ror.org/02feahw73,https://ror.org/05k0qmv73,ROR facts: first name -> ROR: 'Centre National de la Recherche Scientifique'; second name -> ROR: 'Géosciences Environnement Toulouse'; ROR lists the second record as a child of the first,ROR facts: first name -> ROR: 'Géosciences Environnement Toulouse'; second name -> ROR: 'Centre National de la Recherche Scientifique'; ROR lists the second record as a parent of the first
Bundesministerium für Wirtschaft und Energie,Federal Ministry for Economic Affairs and Energy,same_ror,https://ror.org/02vgg2808,https://ror.org/02vgg2808,ROR facts: first name -> ROR: 'Bundesministerium für Wirtschaft und Energie'; second name -> ROR: 'Bundesministerium für Wirtschaft und Energie'; both names matched the SAME ROR record,ROR facts: first name -> ROR: 'Bundesministerium für Wirtschaft und Energie'; second name -> ROR: 'Bundesministerium für Wirtschaft und Energie'; both names matched the SAME ROR record
Hochschule für Angewandte Wissenschaften Hamburg,"Hochschule für Angewandte Wissenschaften Hamburg, Hochschulinformations- und Bibliotheksservice",same_ror,https://ror.org/00fkqwx76,https://ror.org/00fkqwx76,ROR facts: first name -> ROR: 'HAW Hamburg'; second name -> ROR: 'HAW Hamburg'; both names matched the SAME ROR record,ROR facts: first name -> ROR: 'HAW Hamburg'; second name -> ROR: 'HAW Hamburg'; both names matched the SAME ROR record
GESIS – Leibniz Institute for the Social Sciences,gesis Leibniz Institute for the Social Sciences,same_ror,https://ror.org/018afyw53,https://ror.org/018afyw53,ROR facts: first name -> ROR: 'GESIS - Leibniz Institute for the Social Sciences'; second name -> ROR: 'GESIS - Leibniz Institute for the Social Sciences'; both names matched the SAME ROR record,ROR facts: first name -> ROR: 'GESIS - Leibniz Institute for the Social Sciences'; second name -> ROR: 'GESIS - Leibniz Institute for the Social Sciences'; both names matched the SAME ROR record
"Queens University Library, Joseph S. Stauffer Library","Queens University, University Libary",same_ror,https://ror.org/00strmv13,https://ror.org/00strmv13,ROR facts: first name -> ROR: 'Queens University'; second name -> ROR: 'Queens University'; both names matched the SAME ROR record,ROR facts: first name -> ROR: 'Queens University'; second name -> ROR: 'Queens University'; both names matched the SAME ROR record
"Government of Canada, Public Health Agency of Canada","Utah State University, College of  Engineering, Utah Water Research Laboratory",random_negative,https://ror.org/023xf2a37,https://ror.org/00h6set76,ROR facts: first name -> ROR: 'Public Health Agency of Canada'; second name -> ROR: 'Utah State University'; ROR records are different and not directly linked,ROR facts: first name -> ROR: 'Utah State University'; second name -> ROR: 'Public Health Agency of Canada'; ROR records are different and not directly linked
"U.S. Department of Energy, National Energy Technology Laboratory",Douglas Mental Health University Institute,random_negative,https://ror.org/01x26mz03,https://ror.org/05dk2r620,ROR facts: first name -> ROR: 'National Energy Technology Laboratory'; second name -> ROR: 'Douglas Mental Health University Institute'; ROR records are different and not directly linked,ROR facts: first name -> ROR: 'Douglas Mental Health University Institute'; second name -> ROR: 'National Energy Technology Laboratory'; ROR records are different and not directly linked
"National Oceanographic and Atmospheric Administration, NOAA Research","National Oceanographic and Atmospheric Administration, Atlantic Oceanographic and Meterological Laboratory",ror_parent_child,https://ror.org/02kgve346,https://ror.org/042r9xb17,ROR facts: first name -> ROR: 'NOAA Oceanic and Atmospheric Research'; second name -> ROR: 'NOAA Atlantic Oceanographic and Meteorological Laboratories'; ROR lists the second record as a child of the first,ROR facts: first name -> ROR: 'NOAA Atlantic Oceanographic and Meteorological Laboratories'; second name -> ROR: 'NOAA Oceanic and Atmospheric Research'; ROR lists the second record as a parent of the first
"Kyoto University, Graduate School of Science, Data Analysis Center for Geomagnetism and Space Magnetism","Kyoto University, Kanehisa Laboratories",same_ror,https://ror.org/02kpeqv85,https://ror.org/02kpeqv85,ROR facts: first name -> ROR: 'Kyoto University'; second name -> ROR: 'Kyoto University'; both names matched the SAME ROR record,ROR facts: first name -> ROR: 'Kyoto University'; second name -> ROR: 'Kyoto University'; both names matched the SAME ROR record
"National Oceanic and Atmospheric Administration, National Environmental Satellite, Data, and Information Service, National Geophysical Data Center",National Oceanic and Atmospheric Administration's National Ocean Service,ror_parent_child,https://ror.org/007qwym43,https://ror.org/02z5nhe81,ROR facts: first name -> ROR: 'NOAA National Environmental Satellite Data and Information Service'; second name -> ROR: 'National Oceanic and Atmospheric Administration'; ROR lists the second record as a parent of the first,ROR facts: first name -> ROR: 'National Oceanic and Atmospheric Administration'; second name -> ROR: 'NOAA National Environmental Satellite Data and Information Service'; ROR lists the second record as a child of the first
"Ministry of Higher Education, Science and Technology",Ministry for the Environment,random_negative,https://ror.org/015snc593,https://ror.org/05err5w18,"ROR facts: first name -> ROR: 'Ministry of Higher Education, Science and Technology'; second name -> ROR: 'Ministry for the Environment'; ROR records are different and not directly linked","ROR facts: first name -> ROR: 'Ministry for the Environment'; second name -> ROR: 'Ministry of Higher Education, Science and Technology'; ROR records are different and not directly linked"
"Hong Kong Polytechnic University, Pao Yue-kong Library",Instituut voor de Nederlandse Taal,random_negative,https://ror.org/0030zas98,https://ror.org/04m5bjk54,ROR facts: first name -> ROR: 'Hong Kong Polytechnic University'; second name -> ROR: 'Instituut voor de Nederlandse Taal'; ROR records are different and not directly linked,ROR facts: first name -> ROR: 'Instituut voor de Nederlandse Taal'; second name -> ROR: 'Hong Kong Polytechnic University'; ROR records are different and not directly linked
Yokohama City University,Fachhochschule Erfurt,random_negative,https://ror.org/0135d1r83,https://ror.org/01hkc4630,ROR facts: first name -> ROR: 'Yokohama City University'; second name -> ROR: 'University of Applied Sciences Erfurt'; ROR records are different and not directly linked,ROR facts: first name -> ROR: 'University of Applied Sciences Erfurt'; second name -> ROR: 'Yokohama City University'; ROR records are different and not directly linked
"University of Oxford, Centre for Tropical Medicine and Global Health","University of Oxford, Oxford e-Research Centre",same_ror,https://ror.org/052gg0110,https://ror.org/052gg0110,ROR facts: first name -> ROR: 'University of Oxford'; second name -> ROR: 'University of Oxford'; both names matched the SAME ROR record,ROR facts: first name -> ROR: 'University of Oxford'; second name -> ROR: 'University of Oxford'; both names matched the SAME ROR record
"European Commission, Research & Innovation, 6th Framework Programme","European Commission, Research and Innovation, FP7, Infrastructures",same_ror,https://ror.org/00k4n6c32,https://ror.org/00k4n6c32,ROR facts: first name -> ROR: 'European Commission'; second name -> ROR: 'European Commission'; both names matched the SAME ROR record,ROR facts: first name -> ROR: 'European Commission'; second name -> ROR: 'European Commission'; both names matched the SAME ROR record
"National Institute of Biomedical Innovation, Health and Nutrition",Johnson Space Center,random_negative,https://ror.org/001rkbe13,https://ror.org/04xx4z452,"ROR facts: first name -> ROR: 'National Institute of Biomedical Innovation, Health and Nutrition'; second name -> ROR: 'Johnson Space Center'; ROR records are different and not directly linked","ROR facts: first name -> ROR: 'Johnson Space Center'; second name -> ROR: 'National Institute of Biomedical Innovation, Health and Nutrition'; ROR records are different and not directly linked"
Karlsruhe Institute of Technology,"Karlsruhe Institute of Technology, Institute of Meteorology and Climate Research, Department Troposphere Research",same_ror,https://ror.org/04t3en479,https://ror.org/04t3en479,ROR facts: first name -> ROR: 'Karlsruhe Institute of Technology'; second name -> ROR: 'Karlsruhe Institute of Technology'; both names matched the SAME ROR record,ROR facts: first name -> ROR: 'Karlsruhe Institute of Technology'; second name -> ROR: 'Karlsruhe Institute of Technology'; both names matched the SAME ROR record
"Deutsche Forschungsgemeineschaft, Wissenschaftliche Literaturversorgungs- und Informationssysteme","Deutsche Forschungsgemeinschaft,  Wissenschaftliche Literaturversorgungs- und Informationssysteme",same_ror,https://ror.org/018mejw64,https://ror.org/018mejw64,ROR facts: first name -> ROR: 'Deutsche Forschungsgemeinschaft'; second name -> ROR: 'Deutsche Forschungsgemeinschaft'; both names matched the SAME ROR record,ROR facts: first name -> ROR: 'Deutsche Forschungsgemeinschaft'; second name -> ROR: 'Deutsche Forschungsgemeinschaft'; both names matched the SAME ROR record
"United States Department of Agriculture, Agricultural Research Services","United States Department of Agriculture, Risk Management Agency",same_ror,https://ror.org/01na82s61,https://ror.org/01na82s61,ROR facts: first name -> ROR: 'United States Department of Agriculture'; second name -> ROR: 'United States Department of Agriculture'; both names matched the SAME ROR record,ROR facts: first name -> ROR: 'United States Department of Agriculture'; second name -> ROR: 'United States Department of Agriculture'; both names matched the SAME ROR record
"Université de Montréal, Institute for Research in Immunology and Cancer",Leibniz-Institut für Deutsche Sprache,random_negative,https://ror.org/00wj6x496,https://ror.org/00hvwkt50,ROR facts: first name -> ROR: 'Institute for Research in Immunology and Cancer'; second name -> ROR: 'Leibniz Institute for the German Language'; ROR records are different and not directly linked,ROR facts: first name -> ROR: 'Leibniz Institute for the German Language'; second name -> ROR: 'Institute for Research in Immunology and Cancer'; ROR records are different and not directly linked
University of Graz,"University of Graz, Department of Digital Humanities",same_ror,https://ror.org/01faaaf77,https://ror.org/01faaaf77,ROR facts: first name -> ROR: 'University of Graz'; second name -> ROR: 'University of Graz'; both names matched the SAME ROR record,ROR facts: first name -> ROR: 'University of Graz'; second name -> ROR: 'University of Graz'; both names matched the SAME ROR record
Georg-August-Universität Göttingen,"Georg-August-Universität Göttingen, Niedersächsische Staats- und Universitätsbibliothek Göttingen",ror_parent_child,https://ror.org/01y9bpm73,https://ror.org/05745n787,ROR facts: first name -> ROR: 'University of Göttingen'; second name -> ROR: 'Niedersächsische Staats- und Universitätsbibliothek Göttingen'; ROR lists the second record as a child of the first,ROR facts: first name -> ROR: 'Niedersächsische Staats- und Universitätsbibliothek Göttingen'; second name -> ROR: 'University of Göttingen'; ROR lists the second record as a parent of the first
"University of  Toronto, Faculty of Medicine,  McLaughlin Centre","University of Toronto, Libraries",same_ror,https://ror.org/03dbr7087,https://ror.org/03dbr7087,ROR facts: first name -> ROR: 'University of Toronto'; second name -> ROR: 'University of Toronto'; both names matched the SAME ROR record,ROR facts: first name -> ROR: 'University of Toronto'; second name -> ROR: 'University of Toronto'; both names matched the SAME ROR record
"Swiss Federal Institute of Aquatic Science and Technology,  Department  Environmental Chemistry","University of Helsinki, Institute of Seismology",random_negative,https://ror.org/00pc48d59,https://ror.org/040af2s02,ROR facts: first name -> ROR: 'Swiss Federal Institute of Aquatic Science and Technology'; second name -> ROR: 'University of Helsinki'; ROR records are different and not directly linked,ROR facts: first name -> ROR: 'University of Helsinki'; second name -> ROR: 'Swiss Federal Institute of Aquatic Science and Technology'; ROR records are different and not directly linked
"United States Department of Agriculture, National Agricultural Library","United States Department of Agriculture, Forest Service, Willamette National Forest",ror_parent_child,https://ror.org/00z6b1508,https://ror.org/01na82s61,ROR facts: first name -> ROR: 'National Agricultural Library'; second name -> ROR: 'United States Department of Agriculture'; ROR lists the second record as a parent of the first,ROR facts: first name -> ROR: 'United States Department of Agriculture'; second name -> ROR: 'National Agricultural Library'; ROR lists the second record as a child of the first
Jet Propulsions Laboratory,"National Aeronautics and Space Administration, Socio-Economic Data and Applications Center",ror_parent_child,https://ror.org/027k65916,https://ror.org/027ka1x80,ROR facts: first name -> ROR: 'Jet Propulsion Laboratory'; second name -> ROR: 'National Aeronautics and Space Administration'; ROR lists the second record as a parent of the first,ROR facts: first name -> ROR: 'National Aeronautics and Space Administration'; second name -> ROR: 'Jet Propulsion Laboratory'; ROR lists the second record as a child of the first
Consorcio Madroño,University of Wyoming,random_negative,https://ror.org/04x3fyv94,https://ror.org/01485tq96,ROR facts: first name -> ROR: 'Consorcio Madroño'; second name -> ROR: 'University of Wyoming'; ROR records are different and not directly linked,ROR facts: first name -> ROR: 'University of Wyoming'; second name -> ROR: 'Consorcio Madroño'; ROR records are different and not directly linked
German Climate Computing Centre,huma-num,random_negative,https://ror.org/03ztgj037,https://ror.org/04ces3204,ROR facts: first name -> ROR: 'German Climate Computing Centre'; second name -> ROR: 'Huma-Num'; ROR records are different and not directly linked,ROR facts: first name -> ROR: 'Huma-Num'; second name -> ROR: 'German Climate Computing Centre'; ROR records are different and not directly linked
"U.S. Department of Health and Human Services, Office of Child Care","U.S. Department of Health and Human Services, Office of Planning, Research and Evaluation",same_ror,https://ror.org/033jnv181,https://ror.org/033jnv181,ROR facts: first name -> ROR: 'United States Department of Health and Human Services'; second name -> ROR: 'United States Department of Health and Human Services'; both names matched the SAME ROR record,ROR facts: first name -> ROR: 'United States Department of Health and Human Services'; second name -> ROR: 'United States Department of Health and Human Services'; both names matched the SAME ROR record
Barcelona Supercomputing Center,"Stony Brook University, Department of Political Science",random_negative,https://ror.org/05sd8tv96,https://ror.org/05qghxh33,ROR facts: first name -> ROR: 'Barcelona Supercomputing Center'; second name -> ROR: 'Stony Brook University'; ROR records are different and not directly linked,ROR facts: first name -> ROR: 'Stony Brook University'; second name -> ROR: 'Barcelona Supercomputing Center'; ROR records are different and not directly linked
"National Oceanic and Atmospheric Administration, Office of the Chief Information Officer and High-Performance Computing and Communications Office","National Centers for Environmental Information, Ocean Climate Laboratory",ror_parent_child,https://ror.org/02z5nhe81,https://ror.org/04r0wrp59,ROR facts: first name -> ROR: 'National Oceanic and Atmospheric Administration'; second name -> ROR: 'NOAA National Centers for Environmental Information'; ROR lists the second record as a child of the first,ROR facts: first name -> ROR: 'NOAA National Centers for Environmental Information'; second name -> ROR: 'National Oceanic and Atmospheric Administration'; ROR lists the second record as a parent of the first
"National Aeronautics and Space Administration, Goddard Space Flight Center, Astrophysics Science Division",Johnson Space Center,ror_parent_child,https://ror.org/027ka1x80,https://ror.org/04xx4z452,ROR facts: first name -> ROR: 'National Aeronautics and Space Administration'; second name -> ROR: 'Johnson Space Center'; ROR lists the second record as a child of the first,ROR facts: first name -> ROR: 'Johnson Space Center'; second name -> ROR: 'National Aeronautics and Space Administration'; ROR lists the second record as a parent of the first
"University College London, British Heart Foundation, Cardiovascular Gene Annotation","University College London, Institute of Healthy Ageing, Partridge Lab",same_ror,https://ror.org/02jx3x895,https://ror.org/02jx3x895,ROR facts: first name -> ROR: 'University College London'; second name -> ROR: 'University College London'; both names matched the SAME ROR record,ROR facts: first name -> ROR: 'University College London'; second name -> ROR: 'University College London'; both names matched the SAME ROR record
"University of Michigan, Office of Research and Sponsored Projects",Inter University Consortium for Political and Social Research,ror_parent_child,https://ror.org/00jmfr291,https://ror.org/02q7mkh03,ROR facts: first name -> ROR: 'University of Michigan'; second name -> ROR: 'Inter-university Consortium for Political and Social Research'; ROR lists the second record as a child of the first,ROR facts: first name -> ROR: 'Inter-university Consortium for Political and Social Research'; second name -> ROR: 'University of Michigan'; ROR lists the second record as a parent of the first
"University of California San Diego, Center for Computational Mass Spectrometry","University of California, San Diego, Center for Research in Biological Systems",same_ror,https://ror.org/0168r3w48,https://ror.org/0168r3w48,ROR facts: first name -> ROR: 'University of California San Diego'; second name -> ROR: 'University of California San Diego'; both names matched the SAME ROR record,ROR facts: first name -> ROR: 'University of California San Diego'; second name -> ROR: 'University of California San Diego'; both names matched the SAME ROR record
"Faculty of Technology and Metallurgy, University of Belgrade",University of Belgrade - Faculty of Geography,same_ror,https://ror.org/02qsmb048,https://ror.org/02qsmb048,ROR facts: first name -> ROR: 'University of Belgrade'; second name -> ROR: 'University of Belgrade'; both names matched the SAME ROR record,ROR facts: first name -> ROR: 'University of Belgrade'; second name -> ROR: 'University of Belgrade'; both names matched the SAME ROR record
University of Victoria,Bavarian State Library,random_negative,https://ror.org/04s5mat29,https://ror.org/031h71w90,ROR facts: first name -> ROR: 'University of Victoria'; second name -> ROR: 'Bavarian State Library'; ROR records are different and not directly linked,ROR facts: first name -> ROR: 'Bavarian State Library'; second name -> ROR: 'University of Victoria'; ROR records are different and not directly linked
"University of Copenhagen, Department of Biology, The Bioinformatics Centre","University of Copenhagen, The Novo Nordisk Foundation, Center for Protein Research",same_ror,https://ror.org/035b05819,https://ror.org/035b05819,ROR facts: first name -> ROR: 'University of Copenhagen'; second name -> ROR: 'University of Copenhagen'; both names matched the SAME ROR record,ROR facts: first name -> ROR: 'University of Copenhagen'; second name -> ROR: 'University of Copenhagen'; both names matched the SAME ROR record
"National Science Foundation, Division of Environmental Biology",Canadian Forest Service,random_negative,https://ror.org/03g87he71,https://ror.org/0430zw506,ROR facts: first name -> ROR: 'Division of Environmental Biology'; second name -> ROR: 'Canadian Forest Service'; ROR records are different and not directly linked,ROR facts: first name -> ROR: 'Canadian Forest Service'; second name -> ROR: 'Division of Environmental Biology'; ROR records are different and not directly linked
NOAA National Centers for Environmental Information,"NOAA National Centers for Environmental Information, Ocean Climate Laboratory",same_ror,https://ror.org/04r0wrp59,https://ror.org/04r0wrp59,ROR facts: first name -> ROR: 'NOAA National Centers for Environmental Information'; second name -> ROR: 'NOAA National Centers for Environmental Information'; both names matched the SAME ROR record,ROR facts: first name -> ROR: 'NOAA National Centers for Environmental Information'; second name -> ROR: 'NOAA National Centers for Environmental Information'; both names matched the SAME ROR record
Jet Propulsions Laboratory,Caltech,ror_parent_child,https://ror.org/027k65916,https://ror.org/05dxps055,ROR facts: first name -> ROR: 'Jet Propulsion Laboratory'; second name -> ROR: 'California Institute of Technology'; ROR lists the second record as a parent of the first,ROR facts: first name -> ROR: 'California Institute of Technology'; second name -> ROR: 'Jet Propulsion Laboratory'; ROR lists the second record as a child of the first
University of South-Eastern Norway,"National Infrastructure of Mineral, Rock and Fossil for Science and Technology",random_negative,https://ror.org/05ecg5h20,https://ror.org/02sr2ee22,ROR facts: first name -> ROR: 'University of South-Eastern Norway'; second name -> ROR: 'PRG S&Tech (South Korea)'; ROR records are different and not directly linked,ROR facts: first name -> ROR: 'PRG S&Tech (South Korea)'; second name -> ROR: 'University of South-Eastern Norway'; ROR records are different and not directly linked
"University of California San Diego, San Diego Supercomputer Center",California Sea Grant Program,ror_parent_child,https://ror.org/0168r3w48,https://ror.org/02yn1nr06,ROR facts: first name -> ROR: 'University of California San Diego'; second name -> ROR: 'California Sea Grant'; ROR lists the second record as a child of the first,ROR facts: first name -> ROR: 'California Sea Grant'; second name -> ROR: 'University of California San Diego'; ROR lists the second record as a parent of the first
"National Oceanic and Atmospheric Administration, National Environmental Satellite, Data, and Information Service, National Geophysical Data Center","National Oceanic and Atmospheric Administration, National Ocean Service",ror_parent_child,https://ror.org/007qwym43,https://ror.org/02z5nhe81,ROR facts: first name -> ROR: 'NOAA National Environmental Satellite Data and Information Service'; second name -> ROR: 'National Oceanic and Atmospheric Administration'; ROR lists the second record as a parent of the first,ROR facts: first name -> ROR: 'National Oceanic and Atmospheric Administration'; second name -> ROR: 'NOAA National Environmental Satellite Data and Information Service'; ROR lists the second record as a child of the first
French Institute of Pondicherry,Wageningen University & Research,random_negative,https://ror.org/05kxcj202,https://ror.org/04qw24q55,ROR facts: first name -> ROR: 'French Institute of Pondicherry'; second name -> ROR: 'Wageningen University & Research'; ROR records are different and not directly linked,ROR facts: first name -> ROR: 'Wageningen University & Research'; second name -> ROR: 'French Institute of Pondicherry'; ROR records are different and not directly linked
Child Mind Institute,Queen's University Library,random_negative,https://ror.org/01bfgxw09,https://ror.org/02y72wh86,"ROR facts: first name -> ROR: 'Child Mind Institute'; second name -> ROR: ""Queen's University""; ROR records are different and not directly linked","ROR facts: first name -> ROR: ""Queen's University""; second name -> ROR: 'Child Mind Institute'; ROR records are different and not directly linked"
"Bielefeld University, Central Lab Facilities","Universität Bielefeld, Sonderforschungsbereich 882 ""Von Heterogenitäten zu Ungleichheiten""",same_ror,https://ror.org/02hpadn98,https://ror.org/02hpadn98,ROR facts: first name -> ROR: 'Bielefeld University'; second name -> ROR: 'Bielefeld University'; both names matched the SAME ROR record,ROR facts: first name -> ROR: 'Bielefeld University'; second name -> ROR: 'Bielefeld University'; both names matched the SAME ROR record
"United States Department of Agriculture, Forest Service, Willamette National Forest","United States Department of Agriculture, Risk Management Agency",same_ror,https://ror.org/01na82s61,https://ror.org/01na82s61,ROR facts: first name -> ROR: 'United States Department of Agriculture'; second name -> ROR: 'United States Department of Agriculture'; both names matched the SAME ROR record,ROR facts: first name -> ROR: 'United States Department of Agriculture'; second name -> ROR: 'United States Department of Agriculture'; both names matched the SAME ROR record
"China National Center for Bioinformation / Beijing Institute of Genomics, Chinese Academy of Sciences",Institute of High Energy Physics,ror_parent_child,https://ror.org/034t30j35,https://ror.org/03v8tnc06,ROR facts: first name -> ROR: 'Chinese Academy of Sciences'; second name -> ROR: 'Institute of High Energy Physics'; ROR lists the second record as a child of the first,ROR facts: first name -> ROR: 'Institute of High Energy Physics'; second name -> ROR: 'Chinese Academy of Sciences'; ROR lists the second record as a parent of the first
Brookings Institution,British Columbia Centre for Disease Control,random_negative,https://ror.org/04aj4sh46,https://ror.org/05jyzx602,ROR facts: first name -> ROR: 'Brookings Institution'; second name -> ROR: 'BC Centre for Disease Control'; ROR records are different and not directly linked,ROR facts: first name -> ROR: 'BC Centre for Disease Control'; second name -> ROR: 'Brookings Institution'; ROR records are different and not directly linked
"Julius Kühn-Institut, Institut für Rebenzüchtung","Federal Ministry of Agriculture, Food and Regional Identity",ror_parent_child,https://ror.org/022d5qt08,https://ror.org/04jw21793,"ROR facts: first name -> ROR: 'Julius Kühn-Institut'; second name -> ROR: 'Bundesministerium für Landwirtschaft, Ernährung und Heimat'; ROR lists the second record as a parent of the first","ROR facts: first name -> ROR: 'Bundesministerium für Landwirtschaft, Ernährung und Heimat'; second name -> ROR: 'Julius Kühn-Institut'; ROR lists the second record as a child of the first"
International Union of Biochemistry and Molecular Biology,Commonwealth Scientific and Industrial Research Organisation,random_negative,https://ror.org/00910ay07,https://ror.org/03qn8fb07,ROR facts: first name -> ROR: 'International Union of Biochemistry and Molecular Biology'; second name -> ROR: 'Commonwealth Scientific and Industrial Research Organisation'; ROR records are different and not directly linked,ROR facts: first name -> ROR: 'Commonwealth Scientific and Industrial Research Organisation'; second name -> ROR: 'International Union of Biochemistry and Molecular Biology'; ROR records are different and not directly linked
United States Department of Commerce,"National Institute of Standards and Technology, Atomic Spectroscopy Data Center",ror_parent_child,https://ror.org/04chq2495,https://ror.org/05xpvk416,ROR facts: first name -> ROR: 'United States Department of Commerce'; second name -> ROR: 'National Institute of Standards and Technology'; ROR lists the second record as a child of the first,ROR facts: first name -> ROR: 'National Institute of Standards and Technology'; second name -> ROR: 'United States Department of Commerce'; ROR lists the second record as a parent of the first
Goddard Space Flight Center,"National Aeronautics and Space Administration, Goddard Space Flight Center",ror_parent_child,https://ror.org/0171mag52,https://ror.org/027ka1x80,ROR facts: first name -> ROR: 'Goddard Space Flight Center'; second name -> ROR: 'National Aeronautics and Space Administration'; ROR lists the second record as a parent of the first,ROR facts: first name -> ROR: 'National Aeronautics and Space Administration'; second name -> ROR: 'Goddard Space Flight Center'; ROR lists the second record as a child of the first
Consejo Superior de Investigaciones Cientificas,Institute of Astrophysics of Andalucia,ror_parent_child,https://ror.org/02gfc7t72,https://ror.org/04ka0vh05,ROR facts: first name -> ROR: 'Consejo Superior de Investigaciones Científicas'; second name -> ROR: 'Instituto de Astrofísica de Andalucía'; ROR lists the second record as a child of the first,ROR facts: first name -> ROR: 'Instituto de Astrofísica de Andalucía'; second name -> ROR: 'Consejo Superior de Investigaciones Científicas'; ROR lists the second record as a parent of the first
University of Sheffield,"University of Sheffield, University Library",same_ror,https://ror.org/05krs5044,https://ror.org/05krs5044,ROR facts: first name -> ROR: 'University of Sheffield'; second name -> ROR: 'University of Sheffield'; both names matched the SAME ROR record,ROR facts: first name -> ROR: 'University of Sheffield'; second name -> ROR: 'University of Sheffield'; both names matched the SAME ROR record
Reiner Lemoine Institut,Scottish Government,random_negative,https://ror.org/03xvdbr49,https://ror.org/04v2xmd71,ROR facts: first name -> ROR: 'Reiner Lemoine Institute'; second name -> ROR: 'Scottish Government'; ROR records are different and not directly linked,ROR facts: first name -> ROR: 'Scottish Government'; second name -> ROR: 'Reiner Lemoine Institute'; ROR records are different and not directly linked
University of Manitoba,"University of Manitoba, Manitoba Centre for Health Policy",same_ror,https://ror.org/02gfys938,https://ror.org/02gfys938,ROR facts: first name -> ROR: 'University of Manitoba'; second name -> ROR: 'University of Manitoba'; both names matched the SAME ROR record,ROR facts: first name -> ROR: 'University of Manitoba'; second name -> ROR: 'University of Manitoba'; both names matched the SAME ROR record
Yale-NUS College,Beijing Genomics Institute,random_negative,https://ror.org/04g9wch13,https://ror.org/045pn2j94,ROR facts: first name -> ROR: 'Yale-NUS College'; second name -> ROR: 'BGI Group (China)'; ROR records are different and not directly linked,ROR facts: first name -> ROR: 'BGI Group (China)'; second name -> ROR: 'Yale-NUS College'; ROR records are different and not directly linked
"Karlsruhe Institute of Technology, Center for Disaster Management and Risk Reduction Technology","Karlsruhe Institute of Technology, Library",same_ror,https://ror.org/04t3en479,https://ror.org/04t3en479,ROR facts: first name -> ROR: 'Karlsruhe Institute of Technology'; second name -> ROR: 'Karlsruhe Institute of Technology'; both names matched the SAME ROR record,ROR facts: first name -> ROR: 'Karlsruhe Institute of Technology'; second name -> ROR: 'Karlsruhe Institute of Technology'; both names matched the SAME ROR record
Centre Roland Mousnier,American College of Radiology,random_negative,https://ror.org/01gapzp55,https://ror.org/01rzx2627,ROR facts: first name -> ROR: 'Centre Roland Mousnier'; second name -> ROR: 'American College of Radiology'; ROR records are different and not directly linked,ROR facts: first name -> ROR: 'American College of Radiology'; second name -> ROR: 'Centre Roland Mousnier'; ROR records are different and not directly linked
"NASA Goddard Space Flight Center, Crustal Dynamics Data Information System",U.S. National Aeronautics and Space Administration,ror_parent_child,https://ror.org/0171mag52,https://ror.org/027ka1x80,ROR facts: first name -> ROR: 'Goddard Space Flight Center'; second name -> ROR: 'National Aeronautics and Space Administration'; ROR lists the second record as a parent of the first,ROR facts: first name -> ROR: 'National Aeronautics and Space Administration'; second name -> ROR: 'Goddard Space Flight Center'; ROR lists the second record as a child of the first
NASA Langley Research Center,Laboratoire d’Annecy de Physique des Particules,random_negative,https://ror.org/0399mhs52,https://ror.org/049nhh297,ROR facts: first name -> ROR: 'Langley Research Center'; second name -> ROR: 'Laboratoire d’Annecy de Physique des Particules'; ROR records are different and not directly linked,ROR facts: first name -> ROR: 'Laboratoire d’Annecy de Physique des Particules'; second name -> ROR: 'Langley Research Center'; ROR records are different and not directly linked
"Rice University, Kinder Institute for Urban Research",Universidad de Santiago de Chile,random_negative,https://ror.org/01reat095,https://ror.org/02ma57s91,ROR facts: first name -> ROR: 'Kinder Institute for Urban Research'; second name -> ROR: 'Universidad de Santiago de Chile'; ROR records are different and not directly linked,ROR facts: first name -> ROR: 'Universidad de Santiago de Chile'; second name -> ROR: 'Kinder Institute for Urban Research'; ROR records are different and not directly linked
"Chinese Academy of Sciences, Institute of Mountain Hazards and Environment","China National Center for Bioinformation / Beijing Institute of Genomics, Chinese Academy of Sciences",ror_parent_child,https://ror.org/02z0nsb22,https://ror.org/034t30j35,ROR facts: first name -> ROR: 'Institute of Mountain Hazards and Environment'; second name -> ROR: 'Chinese Academy of Sciences'; ROR lists the second record as a parent of the first,ROR facts: first name -> ROR: 'Chinese Academy of Sciences'; second name -> ROR: 'Institute of Mountain Hazards and Environment'; ROR lists the second record as a child of the first
SickKids,American Kennel Club  Canine Health Foundation,random_negative,https://ror.org/057q4rt57,https://ror.org/04y3rzk98,ROR facts: first name -> ROR: 'Hospital for Sick Children'; second name -> ROR: 'American Kennel Club Canine Health Foundation'; ROR records are different and not directly linked,ROR facts: first name -> ROR: 'American Kennel Club Canine Health Foundation'; second name -> ROR: 'Hospital for Sick Children'; ROR records are different and not directly linked
Montreal Neurological Institute and Hospital,Leibniz-Institut für Pflanzenbiochemie,random_negative,https://ror.org/05ghs6f64,https://ror.org/01mzk5576,ROR facts: first name -> ROR: 'Montreal Neurological Institute and Hospital'; second name -> ROR: 'Leibniz Institute of Plant Biochemistry'; ROR records are different and not directly linked,ROR facts: first name -> ROR: 'Leibniz Institute of Plant Biochemistry'; second name -> ROR: 'Montreal Neurological Institute and Hospital'; ROR records are different and not directly linked
"Karlsruhe Institute of Technology, Institute for Meteorology and Climate Research - Troposphere Research","Karlsruhe Institute of Technology, Institute of Sports and Sports Science",same_ror,https://ror.org/04t3en479,https://ror.org/04t3en479,ROR facts: first name -> ROR: 'Karlsruhe Institute of Technology'; second name -> ROR: 'Karlsruhe Institute of Technology'; both names matched the SAME ROR record,ROR facts: first name -> ROR: 'Karlsruhe Institute of Technology'; second name -> ROR: 'Karlsruhe Institute of Technology'; both names matched the SAME ROR record
Martin Luther University Halle-Wittenberg,Martin-Luther-Universität Halle-Wittenberg,same_ror,https://ror.org/05gqaka33,https://ror.org/05gqaka33,ROR facts: first name -> ROR: 'Martin Luther University Halle-Wittenberg'; second name -> ROR: 'Martin Luther University Halle-Wittenberg'; both names matched the SAME ROR record,ROR facts: first name -> ROR: 'Martin Luther University Halle-Wittenberg'; second name -> ROR: 'Martin Luther University Halle-Wittenberg'; both names matched the SAME ROR record
Baycrest Rotman Research Institute,University of Edinburgh,random_negative,https://ror.org/01kvpec59,https://ror.org/01nrxwf90,ROR facts: first name -> ROR: 'Rotman Research Institute'; second name -> ROR: 'University of Edinburgh'; ROR records are different and not directly linked,ROR facts: first name -> ROR: 'University of Edinburgh'; second name -> ROR: 'Rotman Research Institute'; ROR records are different and not directly linked
"European Comission, Horizon 2020","European Commission, Research & Innovation, Seventh Framework Programm, FP7",same_ror,https://ror.org/00k4n6c32,https://ror.org/00k4n6c32,ROR facts: first name -> ROR: 'European Commission'; second name -> ROR: 'European Commission'; both names matched the SAME ROR record,ROR facts: first name -> ROR: 'European Commission'; second name -> ROR: 'European Commission'; both names matched the SAME ROR record
Ocean Networks Canada Society,"Mass General Brigham, Interventional Radiology",random_negative,https://ror.org/05gknh003,https://ror.org/04py2rh25,ROR facts: first name -> ROR: 'Ocean Networks Canada Society'; second name -> ROR: 'Mass General Brigham'; ROR records are different and not directly linked,ROR facts: first name -> ROR: 'Mass General Brigham'; second name -> ROR: 'Ocean Networks Canada Society'; ROR records are different and not directly linked
"University of California, Berkeley, Department of Demography",Medical University of Silesia,random_negative,https://ror.org/01an7q238,https://ror.org/005k7hp45,"ROR facts: first name -> ROR: 'University of California, Berkeley'; second name -> ROR: 'Medical University of Silesia'; ROR records are different and not directly linked","ROR facts: first name -> ROR: 'Medical University of Silesia'; second name -> ROR: 'University of California, Berkeley'; ROR records are different and not directly linked"
The Cornell Lab of Ornithology,Joint Commission for Oceanography and Marine Meteorology,random_negative,https://ror.org/00k86w020,https://ror.org/03skrcz21,ROR facts: first name -> ROR: 'Cornell Lab of Ornithology'; second name -> ROR: 'Joint Commission'; ROR records are different and not directly linked,ROR facts: first name -> ROR: 'Joint Commission'; second name -> ROR: 'Cornell Lab of Ornithology'; ROR records are different and not directly linked
"Indiana University, Department of Biology","Indiana University, School of Informatics, Computing, and Engineering",same_ror,https://ror.org/01kg8sb98,https://ror.org/01kg8sb98,ROR facts: first name -> ROR: 'Indiana University'; second name -> ROR: 'Indiana University'; both names matched the SAME ROR record,ROR facts: first name -> ROR: 'Indiana University'; second name -> ROR: 'Indiana University'; both names matched the SAME ROR record
Murray-Darling Basin Authority,Joint Information Systems Committee,random_negative,https://ror.org/03cwpte63,https://ror.org/01rv9gx86,ROR facts: first name -> ROR: 'Murray Darling Basin Authority'; second name -> ROR: 'Jisc'; ROR records are different and not directly linked,ROR facts: first name -> ROR: 'Jisc'; second name -> ROR: 'Murray Darling Basin Authority'; ROR records are different and not directly linked
NASA's Goddard Space Flight Center,"National Aeronautics and Space Administration, Earth Observing System Data and Information System",ror_parent_child,https://ror.org/0171mag52,https://ror.org/027ka1x80,ROR facts: first name -> ROR: 'Goddard Space Flight Center'; second name -> ROR: 'National Aeronautics and Space Administration'; ROR lists the second record as a parent of the first,ROR facts: first name -> ROR: 'National Aeronautics and Space Administration'; second name -> ROR: 'Goddard Space Flight Center'; ROR lists the second record as a child of the first
Diamond Light Source Ltd.,State Geological Institute of Dionýz Štúr,random_negative,https://ror.org/05etxs293,https://ror.org/02we0q870,ROR facts: first name -> ROR: 'Diamond Light Source'; second name -> ROR: 'State Geological Institute of Dionýz Štúr'; ROR records are different and not directly linked,ROR facts: first name -> ROR: 'State Geological Institute of Dionýz Štúr'; second name -> ROR: 'Diamond Light Source'; ROR records are different and not directly linked
French National Centre for Scientific Research,Institut de recherche et d’histoire des textes,ror_parent_child,https://ror.org/02feahw73,https://ror.org/05evznf71,"ROR facts: first name -> ROR: 'Centre National de la Recherche Scientifique'; second name -> ROR: ""Institut de Recherche et d'Histoire des Textes""; ROR lists the second record as a child of the first","ROR facts: first name -> ROR: ""Institut de Recherche et d'Histoire des Textes""; second name -> ROR: 'Centre National de la Recherche Scientifique'; ROR lists the second record as a parent of the first"
"U.S. Department of Health and Human Services, National Institutes of Health, Office of Behavioral and Social Sciences Research",United States Department of Health and Human Services,same_ror,https://ror.org/033jnv181,https://ror.org/033jnv181,ROR facts: first name -> ROR: 'United States Department of Health and Human Services'; second name -> ROR: 'United States Department of Health and Human Services'; both names matched the SAME ROR record,ROR facts: first name -> ROR: 'United States Department of Health and Human Services'; second name -> ROR: 'United States Department of Health and Human Services'; both names matched the SAME ROR record
"US Department of Energy, Office of Science","U.S. Department of Energy, Biological and Environmental Research",ror_parent_child,https://ror.org/00mmn6b08,https://ror.org/01bj3aw27,ROR facts: first name -> ROR: 'Office of Science'; second name -> ROR: 'United States Department of Energy'; ROR lists the second record as a parent of the first,ROR facts: first name -> ROR: 'United States Department of Energy'; second name -> ROR: 'Office of Science'; ROR lists the second record as a child of the first
Helmholtz Association of German Research Centres,The HSC Foundation,random_negative,https://ror.org/0281dp749,https://ror.org/02dp0x317,ROR facts: first name -> ROR: 'Helmholtz Association of German Research Centres'; second name -> ROR: 'American Society of Cytopathology Foundation'; ROR records are different and not directly linked,ROR facts: first name -> ROR: 'American Society of Cytopathology Foundation'; second name -> ROR: 'Helmholtz Association of German Research Centres'; ROR records are different and not directly linked
"Government of Canada, Northern Contaminants Program",Agriculture and Agri-Food Canada,ror_parent_child,https://ror.org/010q4q527,https://ror.org/051dzs374,ROR facts: first name -> ROR: 'Government of Canada'; second name -> ROR: 'Agriculture and Agri-Food Canada'; ROR lists the second record as a child of the first,ROR facts: first name -> ROR: 'Agriculture and Agri-Food Canada'; second name -> ROR: 'Government of Canada'; ROR lists the second record as a parent of the first
Universtity of Sydney,"NIH, National Institute of Environmental Health Sciences, Superfund Research Program",random_negative,https://ror.org/02es3mz67,https://ror.org/00j4k1h63,ROR facts: first name -> ROR: 'City of Sydney'; second name -> ROR: 'National Institute of Environmental Health Sciences'; ROR records are different and not directly linked,ROR facts: first name -> ROR: 'National Institute of Environmental Health Sciences'; second name -> ROR: 'City of Sydney'; ROR records are different and not directly linked
"Karlsruhe Institute of Technology, Institute for Meteorology and Climate Research","Karlsruhe Institute of Technology, Institute of Meteorology and Climate Research - Atmospheric Environmental Research",same_ror,https://ror.org/04t3en479,https://ror.org/04t3en479,ROR facts: first name -> ROR: 'Karlsruhe Institute of Technology'; second name -> ROR: 'Karlsruhe Institute of Technology'; both names matched the SAME ROR record,ROR facts: first name -> ROR: 'Karlsruhe Institute of Technology'; second name -> ROR: 'Karlsruhe Institute of Technology'; both names matched the SAME ROR record
Erasmus University Rotterdam,European Organization for Nuclear Research,random_negative,https://ror.org/057w15z03,https://ror.org/01ggx4157,ROR facts: first name -> ROR: 'Erasmus University Rotterdam'; second name -> ROR: 'European Organization for Nuclear Research'; ROR records are different and not directly linked,ROR facts: first name -> ROR: 'European Organization for Nuclear Research'; second name -> ROR: 'Erasmus University Rotterdam'; ROR records are different and not directly linked
Wellcome,Wellcome trust,same_ror,https://ror.org/029chgv08,https://ror.org/029chgv08,ROR facts: first name -> ROR: 'Wellcome Trust'; second name -> ROR: 'Wellcome Trust'; both names matched the SAME ROR record,ROR facts: first name -> ROR: 'Wellcome Trust'; second name -> ROR: 'Wellcome Trust'; both names matched the SAME ROR record
Universität Paderborn,"Universität Paderborn, Zentrum für Informations- und Medientechnologien",same_ror,https://ror.org/058kzsd48,https://ror.org/058kzsd48,ROR facts: first name -> ROR: 'Paderborn University'; second name -> ROR: 'Paderborn University'; both names matched the SAME ROR record,ROR facts: first name -> ROR: 'Paderborn University'; second name -> ROR: 'Paderborn University'; both names matched the SAME ROR record
"United States Department of Agriculture, World Agricultural Outlook Board","United States Department of Agriculture, Natural Resources Conservation Service",ror_parent_child,https://ror.org/01na82s61,https://ror.org/03j7rgg33,ROR facts: first name -> ROR: 'United States Department of Agriculture'; second name -> ROR: 'Natural Resources Conservation Service'; ROR lists the second record as a child of the first,ROR facts: first name -> ROR: 'Natural Resources Conservation Service'; second name -> ROR: 'United States Department of Agriculture'; ROR lists the second record as a parent of the first
"Universität Münster, Institut für Musikwissenschaft","Universität Münster, Institut für Ägyptologie und Koptologie",same_ror,https://ror.org/00pd74e08,https://ror.org/00pd74e08,ROR facts: first name -> ROR: 'University of Münster'; second name -> ROR: 'University of Münster'; both names matched the SAME ROR record,ROR facts: first name -> ROR: 'University of Münster'; second name -> ROR: 'University of Münster'; both names matched the SAME ROR record
"NASA, California Institute of Technology, Jet Propulsion Laboratory","Infrared Processing and Analysis Center, Science and Data Center for Infrared Astronomy",ror_parent_child,https://ror.org/05dxps055,https://ror.org/05q79g396,ROR facts: first name -> ROR: 'California Institute of Technology'; second name -> ROR: 'Infrared Processing and Analysis Center'; ROR lists the second record as a child of the first,ROR facts: first name -> ROR: 'Infrared Processing and Analysis Center'; second name -> ROR: 'California Institute of Technology'; ROR lists the second record as a parent of the first
San Diego State University,University of Aruba,random_negative,https://ror.org/0264fdx42,https://ror.org/05cdyhf91,ROR facts: first name -> ROR: 'San Diego State University'; second name -> ROR: 'University of Aruba'; ROR records are different and not directly linked,ROR facts: first name -> ROR: 'University of Aruba'; second name -> ROR: 'San Diego State University'; ROR records are different and not directly linked
European Spallation Source ERIC,Welsh Government,random_negative,https://ror.org/01wv9cn34,https://ror.org/000wh6t45,ROR facts: first name -> ROR: 'European Spallation Source'; second name -> ROR: 'Welsh Government'; ROR records are different and not directly linked,ROR facts: first name -> ROR: 'Welsh Government'; second name -> ROR: 'European Spallation Source'; ROR records are different and not directly linked
"University of Cambridge, Churchill College","University of Cambridge, Department of Genetics",same_ror,https://ror.org/013meh722,https://ror.org/013meh722,ROR facts: first name -> ROR: 'University of Cambridge'; second name -> ROR: 'University of Cambridge'; both names matched the SAME ROR record,ROR facts: first name -> ROR: 'University of Cambridge'; second name -> ROR: 'University of Cambridge'; both names matched the SAME ROR record
"Virginia Tech, Virginia Biocomplexity Institute",City of Vancouver,random_negative,https://ror.org/02smfhw86,https://ror.org/00k9xs904,ROR facts: first name -> ROR: 'Virginia Tech'; second name -> ROR: 'City of Vancouver'; ROR records are different and not directly linked,ROR facts: first name -> ROR: 'City of Vancouver'; second name -> ROR: 'Virginia Tech'; ROR records are different and not directly linked
Natural History Museum of Denmark,ArcticNet,random_negative,https://ror.org/040ck2b86,https://ror.org/01tca3t44,ROR facts: first name -> ROR: 'Natural History Museum of Denmark'; second name -> ROR: 'ArcticNet'; ROR records are different and not directly linked,ROR facts: first name -> ROR: 'ArcticNet'; second name -> ROR: 'Natural History Museum of Denmark'; ROR records are different and not directly linked
Central Queensland University,Universidade Federal do Rio Grande do Sul,random_negative,https://ror.org/023q4bk22,https://ror.org/041yk2d64,ROR facts: first name -> ROR: 'Central Queensland University'; second name -> ROR: 'Universidade Federal do Rio Grande do Sul'; ROR records are different and not directly linked,ROR facts: first name -> ROR: 'Universidade Federal do Rio Grande do Sul'; second name -> ROR: 'Central Queensland University'; ROR records are different and not directly linked
"Chinese Academy of Sciences, Institute of Biochemistry and Cell Biology",Chinese Academy of Sciences,ror_parent_child,https://ror.org/02rrdvm96,https://ror.org/034t30j35,ROR facts: first name -> ROR: 'Center for Excellence in Molecular Cell Science'; second name -> ROR: 'Chinese Academy of Sciences'; ROR lists the second record as a parent of the first,ROR facts: first name -> ROR: 'Chinese Academy of Sciences'; second name -> ROR: 'Center for Excellence in Molecular Cell Science'; ROR lists the second record as a child of the first
Instituto de Astrofísica de Canarias,University of Glasgow,random_negative,https://ror.org/03cmntr54,https://ror.org/00vtgdb53,ROR facts: first name -> ROR: 'Instituto de Astrofísica de Canarias'; second name -> ROR: 'University of Glasgow'; ROR records are different and not directly linked,ROR facts: first name -> ROR: 'University of Glasgow'; second name -> ROR: 'Instituto de Astrofísica de Canarias'; ROR records are different and not directly linked
"UK Research and Innovation, Arts and Humanities Research Council","UKRI, Arts and Humanities Research Council",same_ror,https://ror.org/0505m1554,https://ror.org/0505m1554,ROR facts: first name -> ROR: 'Arts and Humanities Research Council'; second name -> ROR: 'Arts and Humanities Research Council'; both names matched the SAME ROR record,ROR facts: first name -> ROR: 'Arts and Humanities Research Council'; second name -> ROR: 'Arts and Humanities Research Council'; both names matched the SAME ROR record
Royal Melbourne Institute of Technology,"Jodrell Bank Observatory, Square Kilometre Array Headquater",random_negative,https://ror.org/0132xxe06,https://ror.org/00ydnew86,"ROR facts: first name -> ROR: 'Melbourne Institute of Technology'; second name -> ROR: 'SKA Telescope, Australia'; ROR records are different and not directly linked","ROR facts: first name -> ROR: 'SKA Telescope, Australia'; second name -> ROR: 'Melbourne Institute of Technology'; ROR records are different and not directly linked"
Universität Hamburg,"Universität Hamburg, Regionales Rechenzentrum",same_ror,https://ror.org/00g30e956,https://ror.org/00g30e956,ROR facts: first name -> ROR: 'Universität Hamburg'; second name -> ROR: 'Universität Hamburg'; both names matched the SAME ROR record,ROR facts: first name -> ROR: 'Universität Hamburg'; second name -> ROR: 'Universität Hamburg'; both names matched the SAME ROR record
Jet Propulsion Laboratory,"National Aeronautics and Space Administration, MODIS Level 1 and Atmosphere Archive and Distribution System",ror_parent_child,https://ror.org/027k65916,https://ror.org/027ka1x80,ROR facts: first name -> ROR: 'Jet Propulsion Laboratory'; second name -> ROR: 'National Aeronautics and Space Administration'; ROR lists the second record as a parent of the first,ROR facts: first name -> ROR: 'National Aeronautics and Space Administration'; second name -> ROR: 'Jet Propulsion Laboratory'; ROR lists the second record as a child of the first
Federal Institute for Geosciences and Natural Resources,"Department of Agriculture, Water and the Environment, Australian Antarctic Division",random_negative,https://ror.org/04d77de73,https://ror.org/05e89k615,ROR facts: first name -> ROR: 'Federal Institute for Geosciences and Natural Resources'; second name -> ROR: 'Australian Antarctic Division'; ROR records are different and not directly linked,ROR facts: first name -> ROR: 'Australian Antarctic Division'; second name -> ROR: 'Federal Institute for Geosciences and Natural Resources'; ROR records are different and not directly linked
Cracow University of Technology,Goethe Universität Frankfurt am Main,random_negative,https://ror.org/00pdej676,https://ror.org/04cvxnb49,ROR facts: first name -> ROR: 'Cracow University of Technology'; second name -> ROR: 'Goethe University Frankfurt'; ROR records are different and not directly linked,ROR facts: first name -> ROR: 'Goethe University Frankfurt'; second name -> ROR: 'Cracow University of Technology'; ROR records are different and not directly linked
Technical University of Darmstadt,Technische Universität Darmstadt,same_ror,https://ror.org/05n911h24,https://ror.org/05n911h24,ROR facts: first name -> ROR: 'Technische Universität Darmstadt'; second name -> ROR: 'Technische Universität Darmstadt'; both names matched the SAME ROR record,ROR facts: first name -> ROR: 'Technische Universität Darmstadt'; second name -> ROR: 'Technische Universität Darmstadt'; both names matched the SAME ROR record
"Ghent University, Department of Biology","Ghent University, Department of Biomedical Molecular Biology, BCCM/GeneCorner",same_ror,https://ror.org/00cv9y106,https://ror.org/00cv9y106,ROR facts: first name -> ROR: 'Ghent University'; second name -> ROR: 'Ghent University'; both names matched the SAME ROR record,ROR facts: first name -> ROR: 'Ghent University'; second name -> ROR: 'Ghent University'; both names matched the SAME ROR record
gesis Leibniz Institute for the Social Sciences,Government of Ontario,random_negative,https://ror.org/018afyw53,https://ror.org/015pzp858,ROR facts: first name -> ROR: 'GESIS - Leibniz Institute for the Social Sciences'; second name -> ROR: 'Government of Ontario'; ROR records are different and not directly linked,ROR facts: first name -> ROR: 'Government of Ontario'; second name -> ROR: 'GESIS - Leibniz Institute for the Social Sciences'; ROR records are different and not directly linked
"Chinese Academy of Sciences, Qinghai Salt Lake Research Institute","University of Science & Technology of China, WANG Group, School of Life Sciences, Hefei National Laboratory for Physical Sciences at the Microscale",ror_parent_child,https://ror.org/034t30j35,https://ror.org/04c4dkn09,ROR facts: first name -> ROR: 'Chinese Academy of Sciences'; second name -> ROR: 'University of Science and Technology of China'; ROR lists the second record as a child of the first,ROR facts: first name -> ROR: 'University of Science and Technology of China'; second name -> ROR: 'Chinese Academy of Sciences'; ROR lists the second record as a parent of the first
"U.S. Department of Health and Human Services, Health Resources and Services Administration",United States Department  of Health and Human Services,same_ror,https://ror.org/033jnv181,https://ror.org/033jnv181,ROR facts: first name -> ROR: 'United States Department of Health and Human Services'; second name -> ROR: 'United States Department of Health and Human Services'; both names matched the SAME ROR record,ROR facts: first name -> ROR: 'United States Department of Health and Human Services'; second name -> ROR: 'United States Department of Health and Human Services'; both names matched the SAME ROR record
Swiss Federal Institute of Aquatic Science and Technology,"Swiss Federal Institute of Aquatic Science and Technology,  Department  Environmental Chemistry",same_ror,https://ror.org/00pc48d59,https://ror.org/00pc48d59,ROR facts: first name -> ROR: 'Swiss Federal Institute of Aquatic Science and Technology'; second name -> ROR: 'Swiss Federal Institute of Aquatic Science and Technology'; both names matched the SAME ROR record,ROR facts: first name -> ROR: 'Swiss Federal Institute of Aquatic Science and Technology'; second name -> ROR: 'Swiss Federal Institute of Aquatic Science and Technology'; both names matched the SAME ROR record
Malaysian Agricultural Research and Development Institute,State Geological Institute of Dionýz Štúr,random_negative,https://ror.org/04sky4s35,https://ror.org/02we0q870,ROR facts: first name -> ROR: 'Malaysian Agricultural Research and Development Institute'; second name -> ROR: 'State Geological Institute of Dionýz Štúr'; ROR records are different and not directly linked,ROR facts: first name -> ROR: 'State Geological Institute of Dionýz Štúr'; second name -> ROR: 'Malaysian Agricultural Research and Development Institute'; ROR records are different and not directly linked
University Hospitals of Geneva,European Mathematical Society,random_negative,https://ror.org/01m1pv723,https://ror.org/042rvyb12,ROR facts: first name -> ROR: 'University Hospital of Geneva'; second name -> ROR: 'European Mathematical Society'; ROR records are different and not directly linked,ROR facts: first name -> ROR: 'European Mathematical Society'; second name -> ROR: 'University Hospital of Geneva'; ROR records are different and not directly linked
"Czech Academy of Sciences, Institute of Archaeology, Prague",Library of Czech Academy of Sciences,ror_parent_child,https://ror.org/0287jta43,https://ror.org/053avzc18,"ROR facts: first name -> ROR: 'Czech Academy of Sciences, Institute of Archaeology, Prague'; second name -> ROR: 'Czech Academy of Sciences'; ROR lists the second record as a parent of the first","ROR facts: first name -> ROR: 'Czech Academy of Sciences'; second name -> ROR: 'Czech Academy of Sciences, Institute of Archaeology, Prague'; ROR lists the second record as a child of the first"
Lawrence Berkeley National Laboratory,DOE Joint Genome Institute,ror_parent_child,https://ror.org/02jbv0t02,https://ror.org/04xm1d337,ROR facts: first name -> ROR: 'Lawrence Berkeley National Laboratory'; second name -> ROR: 'Joint Genome Institute'; ROR lists the second record as a child of the first,ROR facts: first name -> ROR: 'Joint Genome Institute'; second name -> ROR: 'Lawrence Berkeley National Laboratory'; ROR lists the second record as a parent of the first
"National Oceanic and Atmospheric Administration, National Centers for Environmental Prediction","U.S. Department of Commerce, U.S. Census Bureau",ror_parent_child,https://ror.org/02z5nhe81,https://ror.org/04chq2495,ROR facts: first name -> ROR: 'National Oceanic and Atmospheric Administration'; second name -> ROR: 'United States Department of Commerce'; ROR lists the second record as a parent of the first,ROR facts: first name -> ROR: 'United States Department of Commerce'; second name -> ROR: 'National Oceanic and Atmospheric Administration'; ROR lists the second record as a child of the first
Inter-University Consortium for Political and Social Research,Inter-university Consortium for Political and Social Research,same_ror,https://ror.org/02q7mkh03,https://ror.org/02q7mkh03,ROR facts: first name -> ROR: 'Inter-university Consortium for Political and Social Research'; second name -> ROR: 'Inter-university Consortium for Political and Social Research'; both names matched the SAME ROR record,ROR facts: first name -> ROR: 'Inter-university Consortium for Political and Social Research'; second name -> ROR: 'Inter-university Consortium for Political and Social Research'; both names matched the SAME ROR record
"Stiftung Preußischer Kulturbesitz, Berlin",Berlin State Library,ror_parent_child,https://ror.org/01y6swy44,https://ror.org/02ysgg478,ROR facts: first name -> ROR: 'Prussian Cultural Heritage Foundation'; second name -> ROR: 'Staatsbibliothek zu Berlin'; ROR lists the second record as a child of the first,ROR facts: first name -> ROR: 'Staatsbibliothek zu Berlin'; second name -> ROR: 'Prussian Cultural Heritage Foundation'; ROR lists the second record as a parent of the first
"United States Department of Agriculture,  Agricultural Marketing Service",United States Forest Service,ror_parent_child,https://ror.org/01na82s61,https://ror.org/03zmjc935,ROR facts: first name -> ROR: 'United States Department of Agriculture'; second name -> ROR: 'US Forest Service'; ROR lists the second record as a child of the first,ROR facts: first name -> ROR: 'US Forest Service'; second name -> ROR: 'United States Department of Agriculture'; ROR lists the second record as a parent of the first
"National Oceanic and Atmospheric Administration, National Weather Service","National Centers for Environmental Information, Ocean Climate Laboratory",ror_parent_child,https://ror.org/02z5nhe81,https://ror.org/04r0wrp59,ROR facts: first name -> ROR: 'National Oceanic and Atmospheric Administration'; second name -> ROR: 'NOAA National Centers for Environmental Information'; ROR lists the second record as a child of the first,ROR facts: first name -> ROR: 'NOAA National Centers for Environmental Information'; second name -> ROR: 'National Oceanic and Atmospheric Administration'; ROR lists the second record as a parent of the first
NOAA National Weather Service,"U.S. Department of Commerce, National Oceanic and Atmospheric Administration, Global Monitoring Laboratory",ror_parent_child,https://ror.org/00tgqzw13,https://ror.org/02z5nhe81,ROR facts: first name -> ROR: 'NOAA National Weather Service'; second name -> ROR: 'National Oceanic and Atmospheric Administration'; ROR lists the second record as a parent of the first,ROR facts: first name -> ROR: 'National Oceanic and Atmospheric Administration'; second name -> ROR: 'NOAA National Weather Service'; ROR lists the second record as a child of the first
Dartmouth College,"Dartmouth College, Center for Mobile Computing",same_ror,https://ror.org/049s0rh22,https://ror.org/049s0rh22,ROR facts: first name -> ROR: 'Dartmouth College'; second name -> ROR: 'Dartmouth College'; both names matched the SAME ROR record,ROR facts: first name -> ROR: 'Dartmouth College'; second name -> ROR: 'Dartmouth College'; both names matched the SAME ROR record
University Corporation for Atmosheric Research,"National Center for Atmospheric Research, University Corporation for Antmospheric Research, Computational and Information Systems Laboratory",ror_parent_child,https://ror.org/04zhhyn23,https://ror.org/05xc0qp17,ROR facts: first name -> ROR: 'University Corporation for Atmospheric Research'; second name -> ROR: 'NSF NCAR Computational & Information Systems Laboratory'; ROR lists the second record as a child of the first,ROR facts: first name -> ROR: 'NSF NCAR Computational & Information Systems Laboratory'; second name -> ROR: 'University Corporation for Atmospheric Research'; ROR lists the second record as a parent of the first
Government of Kerala,Department of Glaciology and Climate at the Geological survey of Denmark and Greenland,random_negative,https://ror.org/00r96e843,https://ror.org/01b40r146,ROR facts: first name -> ROR: 'Government of Kerala'; second name -> ROR: 'Geological Survey of Denmark and Greenland'; ROR records are different and not directly linked,ROR facts: first name -> ROR: 'Geological Survey of Denmark and Greenland'; second name -> ROR: 'Government of Kerala'; ROR records are different and not directly linked
"Chinese Academy of Sciences, Xinjiang Institute of Ecology and Geography","China National Center for Bioinformation / Beijing Institute of Genomics, Chinese Academy of Sciences",ror_parent_child,https://ror.org/01a8ev928,https://ror.org/034t30j35,ROR facts: first name -> ROR: 'Xinjiang Institute of Ecology and Geography'; second name -> ROR: 'Chinese Academy of Sciences'; ROR lists the second record as a parent of the first,ROR facts: first name -> ROR: 'Chinese Academy of Sciences'; second name -> ROR: 'Xinjiang Institute of Ecology and Geography'; ROR lists the second record as a child of the first
"Max Delbrück Center for Molecular Medicine, Berlin Institute for Medical Systems Biology","Max Delbrück Center for Molecular Medicine, Matthias Selbach Lab",ror_parent_child,https://ror.org/02xhb7d50,https://ror.org/04p5ggc03,ROR facts: first name -> ROR: 'NOVA Institute for Medical Systems Biology'; second name -> ROR: 'Max Delbrück Center'; ROR lists the second record as a parent of the first,ROR facts: first name -> ROR: 'Max Delbrück Center'; second name -> ROR: 'NOVA Institute for Medical Systems Biology'; ROR lists the second record as a child of the first
The Royal Liverpool and Broadgreen University Hospitals NHS Trust,InnoTech Alberta,random_negative,https://ror.org/009sa0g06,https://ror.org/0119pw819,ROR facts: first name -> ROR: 'Royal Liverpool and Broadgreen University Hospital NHS Trust'; second name -> ROR: 'InnoTech Alberta'; ROR records are different and not directly linked,ROR facts: first name -> ROR: 'InnoTech Alberta'; second name -> ROR: 'Royal Liverpool and Broadgreen University Hospital NHS Trust'; ROR records are different and not directly linked
"National Aeronautics and Space Administration, National Snow and Ice Data Center","NASA Langley Research Center, Atmospheric Science Data Center",ror_parent_child,https://ror.org/027ka1x80,https://ror.org/0399mhs52,ROR facts: first name -> ROR: 'National Aeronautics and Space Administration'; second name -> ROR: 'Langley Research Center'; ROR lists the second record as a child of the first,ROR facts: first name -> ROR: 'Langley Research Center'; second name -> ROR: 'National Aeronautics and Space Administration'; ROR lists the second record as a parent of the first
"Pennsylvania State University, College of Information Sciences and Technology","The Pennsylvania State University, Social Science Research Institute",same_ror,https://ror.org/04p491231,https://ror.org/04p491231,ROR facts: first name -> ROR: 'Pennsylvania State University'; second name -> ROR: 'Pennsylvania State University'; both names matched the SAME ROR record,ROR facts: first name -> ROR: 'Pennsylvania State University'; second name -> ROR: 'Pennsylvania State University'; both names matched the SAME ROR record
"European Commission, Research & Innovation, Sixth Framework Programm",European Union’s 5th PCRDT programme,ror_parent_child,https://ror.org/00k4n6c32,https://ror.org/019w4f821,ROR facts: first name -> ROR: 'European Commission'; second name -> ROR: 'European Union'; ROR lists the second record as a parent of the first,ROR facts: first name -> ROR: 'European Union'; second name -> ROR: 'European Commission'; ROR lists the second record as a child of the first
"World Meteorological Organization, Global Climate Observing System","World Meterological Organization, World Climate Research Programme",ror_parent_child,https://ror.org/011pjwf87,https://ror.org/04frnva71,ROR facts: first name -> ROR: 'World Meteorological Organization'; second name -> ROR: 'World Climate Research Programme'; ROR lists the second record as a child of the first,ROR facts: first name -> ROR: 'World Climate Research Programme'; second name -> ROR: 'World Meteorological Organization'; ROR lists the second record as a parent of the first
"United States Department of Agriculture, National Agricultural Statistics Service","Technische Universität Dresden, Zentrum für Informationsdienste und Hochleistungsrechnen",random_negative,https://ror.org/04dpymk59,https://ror.org/003kzqz52,ROR facts: first name -> ROR: 'National Agricultural Statistics Service'; second name -> ROR: 'Center for Information Services and High Performance Computing'; ROR records are different and not directly linked,ROR facts: first name -> ROR: 'Center for Information Services and High Performance Computing'; second name -> ROR: 'National Agricultural Statistics Service'; ROR records are different and not directly linked
"U. S. Department of Commerce, National Oceanic and Atmospheric Administration, Global Monitoring Division, Earth System Research Laboratory",United States Department of Commerce,ror_parent_child,https://ror.org/02z5nhe81,https://ror.org/04chq2495,ROR facts: first name -> ROR: 'National Oceanic and Atmospheric Administration'; second name -> ROR: 'United States Department of Commerce'; ROR lists the second record as a parent of the first,ROR facts: first name -> ROR: 'United States Department of Commerce'; second name -> ROR: 'National Oceanic and Atmospheric Administration'; ROR lists the second record as a child of the first
"University of Southampton, School of Chemistry and Chemical Engineering","Max Delbrück Center for Molecular Medicine, Berlin Institute for Medical Systems Biology",random_negative,https://ror.org/01ryk1543,https://ror.org/02xhb7d50,ROR facts: first name -> ROR: 'University of Southampton'; second name -> ROR: 'NOVA Institute for Medical Systems Biology'; ROR records are different and not directly linked,ROR facts: first name -> ROR: 'NOVA Institute for Medical Systems Biology'; second name -> ROR: 'University of Southampton'; ROR records are different and not directly linked
Wrocław University of Science and Technology,LTER-Italy,random_negative,https://ror.org/008fyn775,https://ror.org/05ma8mw15,ROR facts: first name -> ROR: 'Wrocław University of Science and Technology'; second name -> ROR: 'LTER-Italy'; ROR records are different and not directly linked,ROR facts: first name -> ROR: 'LTER-Italy'; second name -> ROR: 'Wrocław University of Science and Technology'; ROR records are different and not directly linked
"University of British Columbia, Institute for the Oceans and Fisheries","University of British Columbia, Land Use and Global Environment Research Group",same_ror,https://ror.org/03rmrcq20,https://ror.org/03rmrcq20,ROR facts: first name -> ROR: 'University of British Columbia'; second name -> ROR: 'University of British Columbia'; both names matched the SAME ROR record,ROR facts: first name -> ROR: 'University of British Columbia'; second name -> ROR: 'University of British Columbia'; both names matched the SAME ROR record
Council of Scientific & Industrial Research  - National Institute of Oceanography,Council of Scientific and Industrial Research,ror_parent_child,https://ror.org/01gvkyp03,https://ror.org/021wm7p51,ROR facts: first name -> ROR: 'National Institute of Oceanography'; second name -> ROR: 'Council of Scientific and Industrial Research'; ROR lists the second record as a parent of the first,ROR facts: first name -> ROR: 'Council of Scientific and Industrial Research'; second name -> ROR: 'National Institute of Oceanography'; ROR lists the second record as a child of the first
National Institute of General Medical Sciences,"U.S. Department of Health & Human Services, National Institutes of Health, National Institute of General Medical Sciences",same_ror,https://ror.org/04q48ey07,https://ror.org/04q48ey07,ROR facts: first name -> ROR: 'National Institute of General Medical Sciences'; second name -> ROR: 'National Institute of General Medical Sciences'; both names matched the SAME ROR record,ROR facts: first name -> ROR: 'National Institute of General Medical Sciences'; second name -> ROR: 'National Institute of General Medical Sciences'; both names matched the SAME ROR record
"University of Saskatchewan, Global Institute for Water Security",Boston University,random_negative,https://ror.org/05997db74,https://ror.org/05qwgg493,ROR facts: first name -> ROR: 'Global Institute for Water Security'; second name -> ROR: 'Boston University'; ROR records are different and not directly linked,ROR facts: first name -> ROR: 'Boston University'; second name -> ROR: 'Global Institute for Water Security'; ROR records are different and not directly linked
"University of Oxford, Department of Physics","University of Oxford, Oxford e-Research Centre",same_ror,https://ror.org/052gg0110,https://ror.org/052gg0110,ROR facts: first name -> ROR: 'University of Oxford'; second name -> ROR: 'University of Oxford'; both names matched the SAME ROR record,ROR facts: first name -> ROR: 'University of Oxford'; second name -> ROR: 'University of Oxford'; both names matched the SAME ROR record
NASA Goddard Institute for Space Studies,"National Aeronautics and Space Administration, Crustal Dynamics Data Information System",ror_parent_child,https://ror.org/01cyfxe35,https://ror.org/027ka1x80,ROR facts: first name -> ROR: 'Goddard Institute for Space Studies'; second name -> ROR: 'National Aeronautics and Space Administration'; ROR lists the second record as a parent of the first,ROR facts: first name -> ROR: 'National Aeronautics and Space Administration'; second name -> ROR: 'Goddard Institute for Space Studies'; ROR lists the second record as a child of the first
"United Nations, Population Divison","United Nations Office for the Coordination of Humanitarian Affairs, Centre for Humanitarian Data",ror_parent_child,https://ror.org/006kxhp52,https://ror.org/00aahzn97,ROR facts: first name -> ROR: 'United Nations'; second name -> ROR: 'United Nations Office for the Coordination of Humanitarian Affairs'; ROR lists the second record as a child of the first,ROR facts: first name -> ROR: 'United Nations Office for the Coordination of Humanitarian Affairs'; second name -> ROR: 'United Nations'; ROR lists the second record as a parent of the first
Government of India,"Government of India, National Knowledge Commission",same_ror,https://ror.org/036h6g940,https://ror.org/036h6g940,ROR facts: first name -> ROR: 'Government of India'; second name -> ROR: 'Government of India'; both names matched the SAME ROR record,ROR facts: first name -> ROR: 'Government of India'; second name -> ROR: 'Government of India'; both names matched the SAME ROR record
"Ministry of Health Welfare and Sports, Directorate of Long-Term Care","Bigelow Laboratory for Ocean Sciences, Provasoli-Guillard National Center for Marine Algae and Microbiota",random_negative,https://ror.org/041evnj42,https://ror.org/03v2r6x37,ROR facts: first name -> ROR: 'Ministry of Health Welfare and Sport'; second name -> ROR: 'Bigelow Laboratory for Ocean Sciences'; ROR records are different and not directly linked,ROR facts: first name -> ROR: 'Bigelow Laboratory for Ocean Sciences'; second name -> ROR: 'Ministry of Health Welfare and Sport'; ROR records are different and not directly linked
"University of California, Office of the President","University of California, California Digital Library",ror_parent_child,https://ror.org/00dmfq477,https://ror.org/03yrm5c26,ROR facts: first name -> ROR: 'University of California Office of the President'; second name -> ROR: 'California Digital Library'; ROR lists the second record as a child of the first,ROR facts: first name -> ROR: 'California Digital Library'; second name -> ROR: 'University of California Office of the President'; ROR lists the second record as a parent of the first
Rigshospitalet,Østfold University College,random_negative,https://ror.org/03mchdq19,https://ror.org/04gf7fp41,ROR facts: first name -> ROR: 'Rigshospitalet'; second name -> ROR: 'Østfold University of Applied Sciences'; ROR records are different and not directly linked,ROR facts: first name -> ROR: 'Østfold University of Applied Sciences'; second name -> ROR: 'Rigshospitalet'; ROR records are different and not directly linked
"U.S. Department of Commerce, U.S. Census Bureau",National Institute of Standards and Technology,ror_parent_child,https://ror.org/04chq2495,https://ror.org/05xpvk416,ROR facts: first name -> ROR: 'United States Department of Commerce'; second name -> ROR: 'National Institute of Standards and Technology'; ROR lists the second record as a child of the first,ROR facts: first name -> ROR: 'National Institute of Standards and Technology'; second name -> ROR: 'United States Department of Commerce'; ROR lists the second record as a parent of the first
University System of Maryland & Affiliated Institutions,University of Reading,random_negative,https://ror.org/01r0c1p88,https://ror.org/05v62cm79,ROR facts: first name -> ROR: 'University System of Maryland'; second name -> ROR: 'University of Reading'; ROR records are different and not directly linked,ROR facts: first name -> ROR: 'University of Reading'; second name -> ROR: 'University System of Maryland'; ROR records are different and not directly linked
"National Science Foundation, Division of Ocean Sciences",Organisation for Economic Co-operation and Development,random_negative,https://ror.org/05wqqhv83,https://ror.org/0438wbg98,ROR facts: first name -> ROR: 'Division of Ocean Sciences'; second name -> ROR: 'Organisation de Coopération et de Développement Economiques'; ROR records are different and not directly linked,ROR facts: first name -> ROR: 'Organisation de Coopération et de Développement Economiques'; second name -> ROR: 'Division of Ocean Sciences'; ROR records are different and not directly linked
University of Graz,NOAA National Weather Service,random_negative,https://ror.org/01faaaf77,https://ror.org/00tgqzw13,ROR facts: first name -> ROR: 'University of Graz'; second name -> ROR: 'NOAA National Weather Service'; ROR records are different and not directly linked,ROR facts: first name -> ROR: 'NOAA National Weather Service'; second name -> ROR: 'University of Graz'; ROR records are different and not directly linked
Consultative Group on International Agricultural Research,"Consultative Group on International Agricultural Research, Research Program on Forest, Trees and Agroforestry",same_ror,https://ror.org/04c4bm785,https://ror.org/04c4bm785,ROR facts: first name -> ROR: 'CGIAR'; second name -> ROR: 'CGIAR'; both names matched the SAME ROR record,ROR facts: first name -> ROR: 'CGIAR'; second name -> ROR: 'CGIAR'; both names matched the SAME ROR record
"Chinese Academy of Sciences, Institute of Mountain Hazards and Environment","Chinese Academy of Sciences, Institute of Zoology",ror_parent_child,https://ror.org/02z0nsb22,https://ror.org/034t30j35,ROR facts: first name -> ROR: 'Institute of Mountain Hazards and Environment'; second name -> ROR: 'Chinese Academy of Sciences'; ROR lists the second record as a parent of the first,ROR facts: first name -> ROR: 'Chinese Academy of Sciences'; second name -> ROR: 'Institute of Mountain Hazards and Environment'; ROR lists the second record as a child of the first
Izmir Institute of Technology,Cheikh Anta Diop University,random_negative,https://ror.org/03stptj97,https://ror.org/04je6yw13,ROR facts: first name -> ROR: 'Izmir Institute of Technology'; second name -> ROR: 'Cheikh Anta Diop University'; ROR records are different and not directly linked,ROR facts: first name -> ROR: 'Cheikh Anta Diop University'; second name -> ROR: 'Izmir Institute of Technology'; ROR records are different and not directly linked
"Stiftung Preußischer Kulturbesitz, Berlin",Staatsbibliothek zu Berlin - Preußischer Kulturbesitz,ror_parent_child,https://ror.org/01y6swy44,https://ror.org/02ysgg478,ROR facts: first name -> ROR: 'Prussian Cultural Heritage Foundation'; second name -> ROR: 'Staatsbibliothek zu Berlin'; ROR lists the second record as a child of the first,ROR facts: first name -> ROR: 'Staatsbibliothek zu Berlin'; second name -> ROR: 'Prussian Cultural Heritage Foundation'; ROR lists the second record as a parent of the first
Alberta Innovates Health Solutions,Alberta Innovates – Health Solutions,same_ror,https://ror.org/00ynafe15,https://ror.org/00ynafe15,ROR facts: first name -> ROR: 'Alberta Innovates'; second name -> ROR: 'Alberta Innovates'; both names matched the SAME ROR record,ROR facts: first name -> ROR: 'Alberta Innovates'; second name -> ROR: 'Alberta Innovates'; both names matched the SAME ROR record
"National Aeronautics and Space Administration, Socioeconomic Data and Applications Center",NASA Marshall Space Flight Center Earth Science Office,ror_parent_child,https://ror.org/027ka1x80,https://ror.org/02epydz83,ROR facts: first name -> ROR: 'National Aeronautics and Space Administration'; second name -> ROR: 'Marshall Space Flight Center'; ROR lists the second record as a child of the first,ROR facts: first name -> ROR: 'Marshall Space Flight Center'; second name -> ROR: 'National Aeronautics and Space Administration'; ROR lists the second record as a parent of the first
Joint Nature Conservation Committee,Observatoire royal de Belgique,random_negative,https://ror.org/05tzsrw37,https://ror.org/00hjks330,ROR facts: first name -> ROR: 'Joint Nature Conservation Committee'; second name -> ROR: 'Royal Observatory of Belgium'; ROR records are different and not directly linked,ROR facts: first name -> ROR: 'Royal Observatory of Belgium'; second name -> ROR: 'Joint Nature Conservation Committee'; ROR records are different and not directly linked
Tata Trusts,University of Warmia and Mazury in Olsztyn,random_negative,https://ror.org/057kjcb31,https://ror.org/05s4feg49,ROR facts: first name -> ROR: 'Tata Trusts'; second name -> ROR: 'University of Warmia and Mazury in Olsztyn'; ROR records are different and not directly linked,ROR facts: first name -> ROR: 'University of Warmia and Mazury in Olsztyn'; second name -> ROR: 'Tata Trusts'; ROR records are different and not directly linked
"National Aeronautics and Space Administration, Earth Observing System and Information System",NASA Marshall Space Flight Center Earth Science Office,ror_parent_child,https://ror.org/027ka1x80,https://ror.org/02epydz83,ROR facts: first name -> ROR: 'National Aeronautics and Space Administration'; second name -> ROR: 'Marshall Space Flight Center'; ROR lists the second record as a child of the first,ROR facts: first name -> ROR: 'Marshall Space Flight Center'; second name -> ROR: 'National Aeronautics and Space Administration'; ROR lists the second record as a parent of the first
"University of Victoria, Libraries","University of Victoria, Pacific Climate Impacts Consortium",same_ror,https://ror.org/04s5mat29,https://ror.org/04s5mat29,ROR facts: first name -> ROR: 'University of Victoria'; second name -> ROR: 'University of Victoria'; both names matched the SAME ROR record,ROR facts: first name -> ROR: 'University of Victoria'; second name -> ROR: 'University of Victoria'; both names matched the SAME ROR record
Novartis Institutes for Biomedical Research,University of the West of England Bristol,random_negative,https://ror.org/053gv2m95,https://ror.org/02nwg5t34,ROR facts: first name -> ROR: 'Novartis Institutes for BioMedical Research'; second name -> ROR: 'University of the West of England'; ROR records are different and not directly linked,ROR facts: first name -> ROR: 'University of the West of England'; second name -> ROR: 'Novartis Institutes for BioMedical Research'; ROR records are different and not directly linked
"University of Toronto, Bader Lab","University of Toronto, Centre for Cellular and Biomolecular Research, Andrews Lab",same_ror,https://ror.org/03dbr7087,https://ror.org/03dbr7087,ROR facts: first name -> ROR: 'University of Toronto'; second name -> ROR: 'University of Toronto'; both names matched the SAME ROR record,ROR facts: first name -> ROR: 'University of Toronto'; second name -> ROR: 'University of Toronto'; both names matched the SAME ROR record
National Oceanic and Atmospheric Adminstration,"U. S. Department of Commerce, National Oceanic and Atmospheric Administration, Global Monitoring Division, Earth System Research Laboratory",same_ror,https://ror.org/02z5nhe81,https://ror.org/02z5nhe81,ROR facts: first name -> ROR: 'National Oceanic and Atmospheric Administration'; second name -> ROR: 'National Oceanic and Atmospheric Administration'; both names matched the SAME ROR record,ROR facts: first name -> ROR: 'National Oceanic and Atmospheric Administration'; second name -> ROR: 'National Oceanic and Atmospheric Administration'; both names matched the SAME ROR record
"National Autonomous University of Mexico, Institute of Biomedical Research","Universidad Nacional Autónoma de México, Dirección General de Bibliotecas y Servicios Digitales de Información",ror_parent_child,https://ror.org/01tmp8f25,https://ror.org/04jan8q76,ROR facts: first name -> ROR: 'Universidad Nacional Autónoma de México'; second name -> ROR: 'Dirección General de Bibliotecas y Servicios Digitales de Información'; ROR lists the second record as a child of the first,ROR facts: first name -> ROR: 'Dirección General de Bibliotecas y Servicios Digitales de Información'; second name -> ROR: 'Universidad Nacional Autónoma de México'; ROR lists the second record as a parent of the first
National Center for Atmospheric Research | University Corporation for Atmospheric Research,National Center for Atmospheric Research,ror_parent_child,https://ror.org/04zhhyn23,https://ror.org/05cvfcr44,ROR facts: first name -> ROR: 'University Corporation for Atmospheric Research'; second name -> ROR: 'NSF National Center for Atmospheric Research'; ROR lists the second record as a child of the first,ROR facts: first name -> ROR: 'NSF National Center for Atmospheric Research'; second name -> ROR: 'University Corporation for Atmospheric Research'; ROR lists the second record as a parent of the first
"Japanese Ministry of Education, Culture, Sports, Science & Technology","Ministry of Education, Culture, Sports, Science and Technology - Japan",same_ror,https://ror.org/048rj2z13,https://ror.org/048rj2z13,"ROR facts: first name -> ROR: 'Ministry of Education, Culture, Sports, Science and Technology'; second name -> ROR: 'Ministry of Education, Culture, Sports, Science and Technology'; both names matched the SAME ROR record","ROR facts: first name -> ROR: 'Ministry of Education, Culture, Sports, Science and Technology'; second name -> ROR: 'Ministry of Education, Culture, Sports, Science and Technology'; both names matched the SAME ROR record"
"Technische Universität Berlin, Fakultät Wirtschaft und Managment, Volkswirtschaftslehre und Wirtschaftsrecht, Fachgebiet Wirtschafts- und Infrastrukturpolitik","Technische Universität Berlin, Institut für Architektur, Fachgebiet “Historische Bauforschung und Baudenkmalpflege”",same_ror,https://ror.org/03v4gjf40,https://ror.org/03v4gjf40,ROR facts: first name -> ROR: 'Technische Universität Berlin'; second name -> ROR: 'Technische Universität Berlin'; both names matched the SAME ROR record,ROR facts: first name -> ROR: 'Technische Universität Berlin'; second name -> ROR: 'Technische Universität Berlin'; both names matched the SAME ROR record
"National Oceanic and Atmospheric Administration, National Environmental Satellite, Data, and Information Service, National Geophysical Data Center","National Oceanographic and Atmospheric Administration, Monterey Bay National Marine Sanctuary",ror_parent_child,https://ror.org/007qwym43,https://ror.org/02z5nhe81,ROR facts: first name -> ROR: 'NOAA National Environmental Satellite Data and Information Service'; second name -> ROR: 'National Oceanic and Atmospheric Administration'; ROR lists the second record as a parent of the first,ROR facts: first name -> ROR: 'National Oceanic and Atmospheric Administration'; second name -> ROR: 'NOAA National Environmental Satellite Data and Information Service'; ROR lists the second record as a child of the first
"Computer Network Information Center, Chinese Academy of Sciences",Institute of Geographic Sciences and Natural Resources Research,ror_parent_child,https://ror.org/034t30j35,https://ror.org/04t1cdb72,ROR facts: first name -> ROR: 'Chinese Academy of Sciences'; second name -> ROR: 'Institute of Geographic Sciences and Natural Resources Research'; ROR lists the second record as a child of the first,ROR facts: first name -> ROR: 'Institute of Geographic Sciences and Natural Resources Research'; second name -> ROR: 'Chinese Academy of Sciences'; ROR lists the second record as a parent of the first
Herzog August Bibliothek,Herzog August Bibliothek Wolfenbüttel,same_ror,https://ror.org/02y5mkh60,https://ror.org/02y5mkh60,ROR facts: first name -> ROR: 'Herzog August Library'; second name -> ROR: 'Herzog August Library'; both names matched the SAME ROR record,ROR facts: first name -> ROR: 'Herzog August Library'; second name -> ROR: 'Herzog August Library'; both names matched the SAME ROR record
"The University of Edinburgh, Information Services","University of Edinburgh, Institute of Genetics and Cancer, MRC Human Genetics Unit",ror_parent_child,https://ror.org/01nrxwf90,https://ror.org/05hygey35,ROR facts: first name -> ROR: 'University of Edinburgh'; second name -> ROR: 'Institute of Genetics and Cancer'; ROR lists the second record as a child of the first,ROR facts: first name -> ROR: 'Institute of Genetics and Cancer'; second name -> ROR: 'University of Edinburgh'; ROR lists the second record as a parent of the first
Helmholtz Centre for Infection Research,Sächsische Landesbibliothek - Staats- und Universitätsbibliothek Dresden,random_negative,https://ror.org/03d0p2685,https://ror.org/03wf51b65,ROR facts: first name -> ROR: 'Helmholtz Centre for Infection Research'; second name -> ROR: 'SLUB Dresden'; ROR records are different and not directly linked,ROR facts: first name -> ROR: 'SLUB Dresden'; second name -> ROR: 'Helmholtz Centre for Infection Research'; ROR records are different and not directly linked
"University of Hull, Hull History Centre",Universidad Austral de Chile,random_negative,https://ror.org/04nkhwh30,https://ror.org/029ycp228,ROR facts: first name -> ROR: 'University of Hull'; second name -> ROR: 'Austral University of Chile'; ROR records are different and not directly linked,ROR facts: first name -> ROR: 'Austral University of Chile'; second name -> ROR: 'University of Hull'; ROR records are different and not directly linked
"U.S Department of the Interior, National Park Service","Cologne University of Applied Science, Faculty of Information Science and Communication Studies, Institute of Information Science",random_negative,https://ror.org/044zqqy65,https://ror.org/055q8rh54,ROR facts: first name -> ROR: 'National Park Service'; second name -> ROR: 'Institute of Information Science'; ROR records are different and not directly linked,ROR facts: first name -> ROR: 'Institute of Information Science'; second name -> ROR: 'National Park Service'; ROR records are different and not directly linked
"Université PSL, Paris Observatory",French National Centre for Scientific Research,ror_parent_child,https://ror.org/029nkcm90,https://ror.org/02feahw73,ROR facts: first name -> ROR: 'Observatoire de Paris'; second name -> ROR: 'Centre National de la Recherche Scientifique'; ROR lists the second record as a parent of the first,ROR facts: first name -> ROR: 'Centre National de la Recherche Scientifique'; second name -> ROR: 'Observatoire de Paris'; ROR lists the second record as a child of the first
Universidad Internacional de Andalucia,"University of Massachusetts Amherst, Libraries",random_negative,https://ror.org/058nh3n50,https://ror.org/0072zz521,ROR facts: first name -> ROR: 'International University of Andalucía'; second name -> ROR: 'University of Massachusetts Amherst'; ROR records are different and not directly linked,ROR facts: first name -> ROR: 'University of Massachusetts Amherst'; second name -> ROR: 'International University of Andalucía'; ROR records are different and not directly linked
University of Southern California,"University of Southern California, Keck School of Medicine, USC Mark and Mary Stevens Neuroimaging and Informatics Institute, Laboratory of Neuro Imaging",same_ror,https://ror.org/03taz7m60,https://ror.org/03taz7m60,ROR facts: first name -> ROR: 'University of Southern California'; second name -> ROR: 'University of Southern California'; both names matched the SAME ROR record,ROR facts: first name -> ROR: 'University of Southern California'; second name -> ROR: 'University of Southern California'; both names matched the SAME ROR record
"Nagoya University, Institute for Space-Earth Environmental Research","Nagoya University, Solar-Terrestrial Environment Laboratory",same_ror,https://ror.org/04chrp450,https://ror.org/04chrp450,ROR facts: first name -> ROR: 'Nagoya University'; second name -> ROR: 'Nagoya University'; both names matched the SAME ROR record,ROR facts: first name -> ROR: 'Nagoya University'; second name -> ROR: 'Nagoya University'; both names matched the SAME ROR record
"Université catholique de Louvain, School of Public Health, Centre for Research on the Epidemiology of Disasters",Earth Observatory of Singapore,random_negative,https://ror.org/02495e989,https://ror.org/01167a838,ROR facts: first name -> ROR: 'UCLouvain'; second name -> ROR: 'Earth Observatory of Singapore'; ROR records are different and not directly linked,ROR facts: first name -> ROR: 'Earth Observatory of Singapore'; second name -> ROR: 'UCLouvain'; ROR records are different and not directly linked
"University of British Columbia, Graduate Program in Bioinformatics","University of British Columbia, Institute for the Oceans and Fisheries",same_ror,https://ror.org/03rmrcq20,https://ror.org/03rmrcq20,ROR facts: first name -> ROR: 'University of British Columbia'; second name -> ROR: 'University of British Columbia'; both names matched the SAME ROR record,ROR facts: first name -> ROR: 'University of British Columbia'; second name -> ROR: 'University of British Columbia'; both names matched the SAME ROR record
Acadia University,Spanish Institute of Oceanography,random_negative,https://ror.org/00839we02,https://ror.org/00f3x4340,ROR facts: first name -> ROR: 'Acadia University'; second name -> ROR: 'Instituto Español de Oceanografía'; ROR records are different and not directly linked,ROR facts: first name -> ROR: 'Instituto Español de Oceanografía'; second name -> ROR: 'Acadia University'; ROR records are different and not directly linked
"Observatoire Midi-Pyrénées - OMP, SErvice de DOnnées de L'OMP",Institute of Research for Development,ror_parent_child,https://ror.org/030syve83,https://ror.org/05q3vnk25,ROR facts: first name -> ROR: 'Observatoire Midi-Pyrénées'; second name -> ROR: 'Institut de Recherche pour le Développement'; ROR lists the second record as a parent of the first,ROR facts: first name -> ROR: 'Institut de Recherche pour le Développement'; second name -> ROR: 'Observatoire Midi-Pyrénées'; ROR lists the second record as a child of the first
Bundesgesellschaft für Endlagerung,Royal Melbourne Institute of Technology,random_negative,https://ror.org/050asrz41,https://ror.org/0132xxe06,ROR facts: first name -> ROR: 'Bundesgesellschaft für Endlagerung'; second name -> ROR: 'Melbourne Institute of Technology'; ROR records are different and not directly linked,ROR facts: first name -> ROR: 'Melbourne Institute of Technology'; second name -> ROR: 'Bundesgesellschaft für Endlagerung'; ROR records are different and not directly linked
"NASA's Goddard Space Flight Center,Sciences and Exploration Directorate, Heliospheric Physics Laboratory",U.S. National Aeronautics and Space Administration,ror_parent_child,https://ror.org/0171mag52,https://ror.org/027ka1x80,ROR facts: first name -> ROR: 'Goddard Space Flight Center'; second name -> ROR: 'National Aeronautics and Space Administration'; ROR lists the second record as a parent of the first,ROR facts: first name -> ROR: 'National Aeronautics and Space Administration'; second name -> ROR: 'Goddard Space Flight Center'; ROR lists the second record as a child of the first
Earthscope Consortium,"University of Colorado, Institute of Arctic and Alpine Research, Community Surface Dynamics Modeling System",random_negative,https://ror.org/04danrt76,https://ror.org/00924z688,ROR facts: first name -> ROR: 'EarthScope Consortium'; second name -> ROR: 'Institute of Arctic and Alpine Research'; ROR records are different and not directly linked,ROR facts: first name -> ROR: 'Institute of Arctic and Alpine Research'; second name -> ROR: 'EarthScope Consortium'; ROR records are different and not directly linked
University of California Santa Cruz,"University of California, Santa Cruz, Genomics Institute",same_ror,https://ror.org/03s65by71,https://ror.org/03s65by71,"ROR facts: first name -> ROR: 'University of California, Santa Cruz'; second name -> ROR: 'University of California, Santa Cruz'; both names matched the SAME ROR record","ROR facts: first name -> ROR: 'University of California, Santa Cruz'; second name -> ROR: 'University of California, Santa Cruz'; both names matched the SAME ROR record"
"National Autonomous University of Mexico, Center for Genomic Sciences","Universidad Nacional Autónoma de México, Instituto de Astronomía",same_ror,https://ror.org/01tmp8f25,https://ror.org/01tmp8f25,ROR facts: first name -> ROR: 'Universidad Nacional Autónoma de México'; second name -> ROR: 'Universidad Nacional Autónoma de México'; both names matched the SAME ROR record,ROR facts: first name -> ROR: 'Universidad Nacional Autónoma de México'; second name -> ROR: 'Universidad Nacional Autónoma de México'; both names matched the SAME ROR record
"University of Alberta, Departments of Computing Science and Biological Sciences, Wishart Research Group","University of Alberta, Wishart Research Group",same_ror,https://ror.org/0160cpw27,https://ror.org/0160cpw27,ROR facts: first name -> ROR: 'University of Alberta'; second name -> ROR: 'University of Alberta'; both names matched the SAME ROR record,ROR facts: first name -> ROR: 'University of Alberta'; second name -> ROR: 'University of Alberta'; both names matched the SAME ROR record
"United States Department of Agriculture, World Agricultural Outlook Board","United States Department of Agriculture, National Agricultural Statistics Service",ror_parent_child,https://ror.org/01na82s61,https://ror.org/04dpymk59,ROR facts: first name -> ROR: 'United States Department of Agriculture'; second name -> ROR: 'National Agricultural Statistics Service'; ROR lists the second record as a child of the first,ROR facts: first name -> ROR: 'National Agricultural Statistics Service'; second name -> ROR: 'United States Department of Agriculture'; ROR lists the second record as a parent of the first
Peking University,"Peking University, Center for Bioinformatics",same_ror,https://ror.org/02v51f717,https://ror.org/02v51f717,ROR facts: first name -> ROR: 'Peking University'; second name -> ROR: 'Peking University'; both names matched the SAME ROR record,ROR facts: first name -> ROR: 'Peking University'; second name -> ROR: 'Peking University'; both names matched the SAME ROR record
"Universita degli Studi di Roma 'Tor Vergata', Dipartimento di Biologia","University of Rome ""Tor Vergata""",same_ror,https://ror.org/02p77k626,https://ror.org/02p77k626,ROR facts: first name -> ROR: 'University of Rome Tor Vergata'; second name -> ROR: 'University of Rome Tor Vergata'; both names matched the SAME ROR record,ROR facts: first name -> ROR: 'University of Rome Tor Vergata'; second name -> ROR: 'University of Rome Tor Vergata'; both names matched the SAME ROR record
"U.S. Department of Health & Human Services, Agency for Healthcare Research and Quality","Substance Abuse & Mental Health Services Administration, Center for Behavioral Health Statistics and Quality",ror_parent_child,https://ror.org/033jnv181,https://ror.org/03t3qg659,ROR facts: first name -> ROR: 'United States Department of Health and Human Services'; second name -> ROR: 'Substance Abuse and Mental Health Services Administration'; ROR lists the second record as a child of the first,ROR facts: first name -> ROR: 'Substance Abuse and Mental Health Services Administration'; second name -> ROR: 'United States Department of Health and Human Services'; ROR lists the second record as a parent of the first
Institut de Recerca i Tecnologia Agroalimentàries,Nofer Institute of Occupational Medicine,random_negative,https://ror.org/012zh9h13,https://ror.org/02b5m3n83,ROR facts: first name -> ROR: 'Institute of Agrifood Research and Technology'; second name -> ROR: 'Nofer Institute of Occupational Medicine'; ROR records are different and not directly linked,ROR facts: first name -> ROR: 'Nofer Institute of Occupational Medicine'; second name -> ROR: 'Institute of Agrifood Research and Technology'; ROR records are different and not directly linked
Chesapeake Research Consortium,Alma Mater Studiorum - University of Bologna,random_negative,https://ror.org/00f2ymb10,https://ror.org/01111rn36,ROR facts: first name -> ROR: 'Chesapeake Research Consortium'; second name -> ROR: 'University of Bologna'; ROR records are different and not directly linked,ROR facts: first name -> ROR: 'University of Bologna'; second name -> ROR: 'Chesapeake Research Consortium'; ROR records are different and not directly linked
"Columbia University Libraries, Open Scholarship Services","Columbia University, Earth Institute, International Research Institute for Climate and Society",same_ror,https://ror.org/00hj8s172,https://ror.org/00hj8s172,ROR facts: first name -> ROR: 'Columbia University'; second name -> ROR: 'Columbia University'; both names matched the SAME ROR record,ROR facts: first name -> ROR: 'Columbia University'; second name -> ROR: 'Columbia University'; both names matched the SAME ROR record
"Johns Hopkins University,  National Heart Lung & Blood Institute","National Institutes of Health, National Heart, Lung and Blood Institute",same_ror,https://ror.org/012pb6c26,https://ror.org/012pb6c26,"ROR facts: first name -> ROR: 'National Heart, Lung, and Blood Institute'; second name -> ROR: 'National Heart, Lung, and Blood Institute'; both names matched the SAME ROR record","ROR facts: first name -> ROR: 'National Heart, Lung, and Blood Institute'; second name -> ROR: 'National Heart, Lung, and Blood Institute'; both names matched the SAME ROR record"
Österreischische Akademie der Wissenschaften,Österrreichische Akademie der Wissenschaften,same_ror,https://ror.org/03anc3s24,https://ror.org/03anc3s24,ROR facts: first name -> ROR: 'Austrian Academy of Sciences'; second name -> ROR: 'Austrian Academy of Sciences'; both names matched the SAME ROR record,ROR facts: first name -> ROR: 'Austrian Academy of Sciences'; second name -> ROR: 'Austrian Academy of Sciences'; both names matched the SAME ROR record
"US Department of Energy, Office of Science",United Nations Environment Programme - World Conservation Monitoring Centre,random_negative,https://ror.org/00mmn6b08,https://ror.org/04570b518,ROR facts: first name -> ROR: 'Office of Science'; second name -> ROR: 'UN Environment Programme World Conservation Monitoring Centre'; ROR records are different and not directly linked,ROR facts: first name -> ROR: 'UN Environment Programme World Conservation Monitoring Centre'; second name -> ROR: 'Office of Science'; ROR records are different and not directly linked
U.S. Department of Energy's Scientific Discovery through Advanced Computing program,"U.S. Department of Energy, Energy Information Administration",same_ror,https://ror.org/01bj3aw27,https://ror.org/01bj3aw27,ROR facts: first name -> ROR: 'United States Department of Energy'; second name -> ROR: 'United States Department of Energy'; both names matched the SAME ROR record,ROR facts: first name -> ROR: 'United States Department of Energy'; second name -> ROR: 'United States Department of Energy'; both names matched the SAME ROR record
"European Space Astronomy Centre, INTEGRAL Science Operations Centre","European Space Agency, ISO Data Centre",ror_parent_child,https://ror.org/00kw1sm04,https://ror.org/03wd9za21,ROR facts: first name -> ROR: 'European Space Astronomy Centre'; second name -> ROR: 'European Space Agency'; ROR lists the second record as a parent of the first,ROR facts: first name -> ROR: 'European Space Agency'; second name -> ROR: 'European Space Astronomy Centre'; ROR lists the second record as a child of the first
"Hochschule für Musik und Theater München, Bibliothek",University of Music and Theatre Munich,same_ror,https://ror.org/02m7p2c22,https://ror.org/02m7p2c22,ROR facts: first name -> ROR: 'Hochschule für Musik und Theater München'; second name -> ROR: 'Hochschule für Musik und Theater München'; both names matched the SAME ROR record,ROR facts: first name -> ROR: 'Hochschule für Musik und Theater München'; second name -> ROR: 'Hochschule für Musik und Theater München'; both names matched the SAME ROR record
"University Corporation for Atmospheric Research, National Center for Atmospheric Research","Agricultural University of Athens, Department of Food Science and Human Nutrition",random_negative,https://ror.org/04zhhyn23,https://ror.org/03xawq568,ROR facts: first name -> ROR: 'University Corporation for Atmospheric Research'; second name -> ROR: 'Agricultural University of Athens'; ROR records are different and not directly linked,ROR facts: first name -> ROR: 'Agricultural University of Athens'; second name -> ROR: 'University Corporation for Atmospheric Research'; ROR records are different and not directly linked
European Commission Seventh Framework Programme,"European Commission, Research & Innovation, 6th Framework Programme",same_ror,https://ror.org/00k4n6c32,https://ror.org/00k4n6c32,ROR facts: first name -> ROR: 'European Commission'; second name -> ROR: 'European Commission'; both names matched the SAME ROR record,ROR facts: first name -> ROR: 'European Commission'; second name -> ROR: 'European Commission'; both names matched the SAME ROR record
University of Oxford e-Research Centre,"University of Oxford, Bodleian Libraries",same_ror,https://ror.org/052gg0110,https://ror.org/052gg0110,ROR facts: first name -> ROR: 'University of Oxford'; second name -> ROR: 'University of Oxford'; both names matched the SAME ROR record,ROR facts: first name -> ROR: 'University of Oxford'; second name -> ROR: 'University of Oxford'; both names matched the SAME ROR record
"Southwest University, State Key Laboratory of Silkworm Genome Biology",National Library of Scotland,random_negative,https://ror.org/01kj4z117,https://ror.org/051samc18,ROR facts: first name -> ROR: 'Southwest University'; second name -> ROR: 'National Library of Scotland'; ROR records are different and not directly linked,ROR facts: first name -> ROR: 'National Library of Scotland'; second name -> ROR: 'Southwest University'; ROR records are different and not directly linked
"Ghent University, Department of Biology","Ghent University, VIB-UGent Center for Inflammation Research",ror_parent_child,https://ror.org/00cv9y106,https://ror.org/04q4ydz28,ROR facts: first name -> ROR: 'Ghent University'; second name -> ROR: 'VIB-UGent Center for Inflammation Research'; ROR lists the second record as a child of the first,ROR facts: first name -> ROR: 'VIB-UGent Center for Inflammation Research'; second name -> ROR: 'Ghent University'; ROR lists the second record as a parent of the first
The University of British Columbia,"University of British Columbia, Land Use and Global Environment Research Group",same_ror,https://ror.org/03rmrcq20,https://ror.org/03rmrcq20,ROR facts: first name -> ROR: 'University of British Columbia'; second name -> ROR: 'University of British Columbia'; both names matched the SAME ROR record,ROR facts: first name -> ROR: 'University of British Columbia'; second name -> ROR: 'University of British Columbia'; both names matched the SAME ROR record
"University of Cambridge, Department of Genetics","University of Cambridge, Department of Physiology, Development and Neuroscience",same_ror,https://ror.org/013meh722,https://ror.org/013meh722,ROR facts: first name -> ROR: 'University of Cambridge'; second name -> ROR: 'University of Cambridge'; both names matched the SAME ROR record,ROR facts: first name -> ROR: 'University of Cambridge'; second name -> ROR: 'University of Cambridge'; both names matched the SAME ROR record
"National Center for Atmospheric Research, University Corporation for Antmospheric Research, Library",University Corporation for Atmosheric Research,same_ror,https://ror.org/04zhhyn23,https://ror.org/04zhhyn23,ROR facts: first name -> ROR: 'University Corporation for Atmospheric Research'; second name -> ROR: 'University Corporation for Atmospheric Research'; both names matched the SAME ROR record,ROR facts: first name -> ROR: 'University Corporation for Atmospheric Research'; second name -> ROR: 'University Corporation for Atmospheric Research'; both names matched the SAME ROR record
The Terry Fox Foundation,Spanish National Research Council,random_negative,https://ror.org/05vd00053,https://ror.org/02gfc7t72,ROR facts: first name -> ROR: 'Terry Fox Foundation'; second name -> ROR: 'Consejo Superior de Investigaciones Científicas'; ROR records are different and not directly linked,ROR facts: first name -> ROR: 'Consejo Superior de Investigaciones Científicas'; second name -> ROR: 'Terry Fox Foundation'; ROR records are different and not directly linked
Wellcome,Wellcome Trust,same_ror,https://ror.org/029chgv08,https://ror.org/029chgv08,ROR facts: first name -> ROR: 'Wellcome Trust'; second name -> ROR: 'Wellcome Trust'; both names matched the SAME ROR record,ROR facts: first name -> ROR: 'Wellcome Trust'; second name -> ROR: 'Wellcome Trust'; both names matched the SAME ROR record
"Australian Government, Geoscience Australia",Hochschule der Medien,random_negative,https://ror.org/04ge02x20,https://ror.org/022r03w28,ROR facts: first name -> ROR: 'Geoscience Australia'; second name -> ROR: 'Stuttgart Media University'; ROR records are different and not directly linked,ROR facts: first name -> ROR: 'Stuttgart Media University'; second name -> ROR: 'Geoscience Australia'; ROR records are different and not directly linked
NOAA Air Resources Laboratory,"Agricultural University of Athens, Department of Food Science and Human Nutrition",random_negative,https://ror.org/0061q5f61,https://ror.org/03xawq568,ROR facts: first name -> ROR: 'NOAA Air Resources Laboratory'; second name -> ROR: 'Agricultural University of Athens'; ROR records are different and not directly linked,ROR facts: first name -> ROR: 'Agricultural University of Athens'; second name -> ROR: 'NOAA Air Resources Laboratory'; ROR records are different and not directly linked
"University of Texas at Austin, Center for Computational Biology and Bioinformatics",Texas Advanced Computing Center,ror_parent_child,https://ror.org/00hj54h04,https://ror.org/00xg4bh43,ROR facts: first name -> ROR: 'The University of Texas at Austin'; second name -> ROR: 'Texas Advanced Computing Center'; ROR lists the second record as a child of the first,ROR facts: first name -> ROR: 'Texas Advanced Computing Center'; second name -> ROR: 'The University of Texas at Austin'; ROR lists the second record as a parent of the first
"NIH, National Institute of Environmental Health Sciences, Superfund Research Program",Institute of Food Sciences,random_negative,https://ror.org/00j4k1h63,https://ror.org/0013zhk30,ROR facts: first name -> ROR: 'National Institute of Environmental Health Sciences'; second name -> ROR: 'Institute of Food Science'; ROR records are different and not directly linked,ROR facts: first name -> ROR: 'Institute of Food Science'; second name -> ROR: 'National Institute of Environmental Health Sciences'; ROR records are different and not directly linked
"National Aeronautics and Space Administration, Land Processes Distributed Active Archive Center",NASA Marshall Space Flight Center Earth Science Office,ror_parent_child,https://ror.org/027ka1x80,https://ror.org/02epydz83,ROR facts: first name -> ROR: 'National Aeronautics and Space Administration'; second name -> ROR: 'Marshall Space Flight Center'; ROR lists the second record as a child of the first,ROR facts: first name -> ROR: 'Marshall Space Flight Center'; second name -> ROR: 'National Aeronautics and Space Administration'; ROR lists the second record as a parent of the first
National Institute on Minority Health and Health Disparities,United States Forest Service,random_negative,https://ror.org/0493hgw16,https://ror.org/03zmjc935,ROR facts: first name -> ROR: 'National Institute on Minority Health and Health Disparities'; second name -> ROR: 'US Forest Service'; ROR records are different and not directly linked,ROR facts: first name -> ROR: 'US Forest Service'; second name -> ROR: 'National Institute on Minority Health and Health Disparities'; ROR records are different and not directly linked
American Concrete Institute,OpenStreetMap Foundation,random_negative,https://ror.org/02a207p76,https://ror.org/01b09k795,ROR facts: first name -> ROR: 'American Concrete Institute'; second name -> ROR: 'APT Foundation'; ROR records are different and not directly linked,ROR facts: first name -> ROR: 'APT Foundation'; second name -> ROR: 'American Concrete Institute'; ROR records are different and not directly linked
"European Commission, EASME, Life programme","European Commission, Seventh Framework Programme",same_ror,https://ror.org/00k4n6c32,https://ror.org/00k4n6c32,ROR facts: first name -> ROR: 'European Commission'; second name -> ROR: 'European Commission'; both names matched the SAME ROR record,ROR facts: first name -> ROR: 'European Commission'; second name -> ROR: 'European Commission'; both names matched the SAME ROR record
Instituto Politécnico de Bragança,Office of Critical Minerals and Energy Innovation,random_negative,https://ror.org/00prsav78,https://ror.org/02xznz413,ROR facts: first name -> ROR: 'Polytechnic Institute of Bragança'; second name -> ROR: 'Office of Critical Minerals and Energy Innovation'; ROR records are different and not directly linked,ROR facts: first name -> ROR: 'Office of Critical Minerals and Energy Innovation'; second name -> ROR: 'Polytechnic Institute of Bragança'; ROR records are different and not directly linked
"University of Oxford, Bodleian Digital Library Systems and Services","University of Oxford, Nuffield Department of Medicine, Centre for Medicines Discovery, Target Discovery Institute",same_ror,https://ror.org/052gg0110,https://ror.org/052gg0110,ROR facts: first name -> ROR: 'University of Oxford'; second name -> ROR: 'University of Oxford'; both names matched the SAME ROR record,ROR facts: first name -> ROR: 'University of Oxford'; second name -> ROR: 'University of Oxford'; both names matched the SAME ROR record
"U.S. Department of Agriculture, Digital Infrastructure Services Center, Data Center Hosting Services","United States Department of Agriculture, Animal and Plant Health Inspection Service, Plant Protection and Quarantine Program",ror_parent_child,https://ror.org/01na82s61,https://ror.org/0599wfz09,ROR facts: first name -> ROR: 'United States Department of Agriculture'; second name -> ROR: 'Animal and Plant Health Inspection Service'; ROR lists the second record as a child of the first,ROR facts: first name -> ROR: 'Animal and Plant Health Inspection Service'; second name -> ROR: 'United States Department of Agriculture'; ROR lists the second record as a parent of the first
"University of Minho, Centre of Biological Engineering",French Research Institute for Exploitation of the Sea,random_negative,https://ror.org/037wpkx04,https://ror.org/044jxhp58,ROR facts: first name -> ROR: 'University of Minho'; second name -> ROR: 'Ifremer'; ROR records are different and not directly linked,ROR facts: first name -> ROR: 'Ifremer'; second name -> ROR: 'University of Minho'; ROR records are different and not directly linked
"Humboldt-Universität zu Berlin,  Kultur-, Sozial- und Bildungswissenschaftliche Fakultät, Winckelmann-Institut","Humboldt-Universität zu Berlin, DFG-Schwerpunktprogramm 1859",same_ror,https://ror.org/01hcx6992,https://ror.org/01hcx6992,ROR facts: first name -> ROR: 'Humboldt-Universität zu Berlin'; second name -> ROR: 'Humboldt-Universität zu Berlin'; both names matched the SAME ROR record,ROR facts: first name -> ROR: 'Humboldt-Universität zu Berlin'; second name -> ROR: 'Humboldt-Universität zu Berlin'; both names matched the SAME ROR record
University of Arkansas for Medical Sciences,Government of Newfoundland and Labrador,random_negative,https://ror.org/00xcryt71,https://ror.org/01jet5b79,ROR facts: first name -> ROR: 'University of Arkansas for Medical Sciences'; second name -> ROR: 'Government of Newfoundland and Labrador'; ROR records are different and not directly linked,ROR facts: first name -> ROR: 'Government of Newfoundland and Labrador'; second name -> ROR: 'University of Arkansas for Medical Sciences'; ROR records are different and not directly linked
"National Oceanic and Atmospheric Administration, Pacific Marine Environmental Laboratory","NOAA National Centers for Environmental Information, Ocean Climate Laboratory",ror_parent_child,https://ror.org/02z5nhe81,https://ror.org/04r0wrp59,ROR facts: first name -> ROR: 'National Oceanic and Atmospheric Administration'; second name -> ROR: 'NOAA National Centers for Environmental Information'; ROR lists the second record as a child of the first,ROR facts: first name -> ROR: 'NOAA National Centers for Environmental Information'; second name -> ROR: 'National Oceanic and Atmospheric Administration'; ROR lists the second record as a parent of the first
Indian Institute of Chemical Biology,"Government of India, Ministry of Science and Technology, Council of Scientific and Industrial Research",ror_parent_child,https://ror.org/01kh0x418,https://ror.org/021wm7p51,ROR facts: first name -> ROR: 'Indian Institute of Chemical Biology'; second name -> ROR: 'Council of Scientific and Industrial Research'; ROR lists the second record as a parent of the first,ROR facts: first name -> ROR: 'Council of Scientific and Industrial Research'; second name -> ROR: 'Indian Institute of Chemical Biology'; ROR lists the second record as a child of the first
OpenAIRE,École et Observatoire des Sciences de la Terre,random_negative,https://ror.org/019kf3481,https://ror.org/030qxve40,ROR facts: first name -> ROR: 'OpenAIRE Non-Profit Civil Partnership'; second name -> ROR: 'École & Observatoire des Sciences de la Terre'; ROR records are different and not directly linked,ROR facts: first name -> ROR: 'École & Observatoire des Sciences de la Terre'; second name -> ROR: 'OpenAIRE Non-Profit Civil Partnership'; ROR records are different and not directly linked
Forschungsverbund Berlin,"Hasso Plattner Institut,  Future SOC Lab",random_negative,https://ror.org/059m1v232,https://ror.org/058rn5r42,ROR facts: first name -> ROR: 'Forschungsverbund Berlin'; second name -> ROR: 'Hasso Plattner Institute'; ROR records are different and not directly linked,ROR facts: first name -> ROR: 'Hasso Plattner Institute'; second name -> ROR: 'Forschungsverbund Berlin'; ROR records are different and not directly linked
Chinese Academy of Sciences,"Chinese Academy of Sciences, Institute of High Energy Physics",ror_parent_child,https://ror.org/034t30j35,https://ror.org/03v8tnc06,ROR facts: first name -> ROR: 'Chinese Academy of Sciences'; second name -> ROR: 'Institute of High Energy Physics'; ROR lists the second record as a child of the first,ROR facts: first name -> ROR: 'Institute of High Energy Physics'; second name -> ROR: 'Chinese Academy of Sciences'; ROR lists the second record as a parent of the first
"University of Duisburg-Essen, Faculty of the Social Sciences, Institute of Political Science",Helmholtz-Zentrum Hereon,random_negative,https://ror.org/04mz5ra38,https://ror.org/03qjp1d79,ROR facts: first name -> ROR: 'University of Duisburg-Essen'; second name -> ROR: 'Helmholtz-Zentrum Hereon'; ROR records are different and not directly linked,ROR facts: first name -> ROR: 'Helmholtz-Zentrum Hereon'; second name -> ROR: 'University of Duisburg-Essen'; ROR records are different and not directly linked
UC San Diego,University of California San Diego,same_ror,https://ror.org/0168r3w48,https://ror.org/0168r3w48,ROR facts: first name -> ROR: 'University of California San Diego'; second name -> ROR: 'University of California San Diego'; both names matched the SAME ROR record,ROR facts: first name -> ROR: 'University of California San Diego'; second name -> ROR: 'University of California San Diego'; both names matched the SAME ROR record
"Chinese Academy of Sciences, Northwest Institute of Eco-Environment and Resources",Institute of Tibetan Plateau Research - Chinese Academy of Sciences,ror_parent_child,https://ror.org/01jz1e142,https://ror.org/034t30j35,ROR facts: first name -> ROR: 'Northwest Institute of Eco-Environment and Resources'; second name -> ROR: 'Chinese Academy of Sciences'; ROR lists the second record as a parent of the first,ROR facts: first name -> ROR: 'Chinese Academy of Sciences'; second name -> ROR: 'Northwest Institute of Eco-Environment and Resources'; ROR lists the second record as a child of the first
"Beijing Institute of Genomics, Chinese Academy of Sciences, China National Center for BioInformation, National Genomics Data Center","Chinese Academy of Sciences, Beijing Institute of Genomics",ror_parent_child,https://ror.org/034t30j35,https://ror.org/049gn7z52,ROR facts: first name -> ROR: 'Chinese Academy of Sciences'; second name -> ROR: 'Beijing Institute of Genomics'; ROR lists the second record as a child of the first,ROR facts: first name -> ROR: 'Beijing Institute of Genomics'; second name -> ROR: 'Chinese Academy of Sciences'; ROR lists the second record as a parent of the first
"European Commission, HORIZON 2020","European Union, Horizon 2020",ror_parent_child,https://ror.org/00k4n6c32,https://ror.org/019w4f821,ROR facts: first name -> ROR: 'European Commission'; second name -> ROR: 'European Union'; ROR lists the second record as a parent of the first,ROR facts: first name -> ROR: 'European Union'; second name -> ROR: 'European Commission'; ROR lists the second record as a child of the first
"TU Wien, Campus IT","Vienna University of Technology, Department of Geodesy and Geoinformation",same_ror,https://ror.org/04d836q62,https://ror.org/04d836q62,ROR facts: first name -> ROR: 'TU Wien'; second name -> ROR: 'TU Wien'; both names matched the SAME ROR record,ROR facts: first name -> ROR: 'TU Wien'; second name -> ROR: 'TU Wien'; both names matched the SAME ROR record
"National Institute of Allergy and Infectious Deseases, Bioinformatics Resource Centers","University of California, Mutant Mouse Resource & Research Centers",same_ror,https://ror.org/033tgbx59,https://ror.org/033tgbx59,ROR facts: first name -> ROR: 'The Centers'; second name -> ROR: 'The Centers'; both names matched the SAME ROR record,ROR facts: first name -> ROR: 'The Centers'; second name -> ROR: 'The Centers'; both names matched the SAME ROR record
"Children's Hospital of Philadelphia, Division of Oncology, Department of Pediatrics",Institut de Física d'Altes Energies,random_negative,https://ror.org/01z7r7q48,https://ror.org/01sdrjx85,"ROR facts: first name -> ROR: ""Children's Hospital of Philadelphia""; second name -> ROR: 'Institute for High Energy Physics'; ROR records are different and not directly linked","ROR facts: first name -> ROR: 'Institute for High Energy Physics'; second name -> ROR: ""Children's Hospital of Philadelphia""; ROR records are different and not directly linked"
North-West University,"Mount Sinai Hospital, Samuel Lunenfeld Research Institute",random_negative,https://ror.org/010f1sq29,https://ror.org/01s5axj25,ROR facts: first name -> ROR: 'North-West University'; second name -> ROR: 'Lunenfeld-Tanenbaum Research Institute'; ROR records are different and not directly linked,ROR facts: first name -> ROR: 'Lunenfeld-Tanenbaum Research Institute'; second name -> ROR: 'North-West University'; ROR records are different and not directly linked
Canadian Association of Research Libraries,"Federal Ministry of Health, Federal Institute of Public Health",random_negative,https://ror.org/001tw8739,https://ror.org/054c9y537,ROR facts: first name -> ROR: 'Canadian Association of Research Libraries'; second name -> ROR: 'Bundesinstitut für Öffentliche Gesundheit'; ROR records are different and not directly linked,ROR facts: first name -> ROR: 'Bundesinstitut für Öffentliche Gesundheit'; second name -> ROR: 'Canadian Association of Research Libraries'; ROR records are different and not directly linked
Université de Paris-Sorbonne,RMC Lab,ror_parent_child,https://ror.org/05f82e368,https://ror.org/05wzw4r89,"ROR facts: first name -> ROR: 'Université Paris Cité'; second name -> ROR: 'Laboratoire Mémoire, Cerveau et Cognition'; ROR lists the second record as a child of the first","ROR facts: first name -> ROR: 'Laboratoire Mémoire, Cerveau et Cognition'; second name -> ROR: 'Université Paris Cité'; ROR lists the second record as a parent of the first"
"University Corporation for Atmospheric Research, National Science Digital Library",National Center for Atmospheric Research,ror_parent_child,https://ror.org/04zhhyn23,https://ror.org/05cvfcr44,ROR facts: first name -> ROR: 'University Corporation for Atmospheric Research'; second name -> ROR: 'NSF National Center for Atmospheric Research'; ROR lists the second record as a child of the first,ROR facts: first name -> ROR: 'NSF National Center for Atmospheric Research'; second name -> ROR: 'University Corporation for Atmospheric Research'; ROR lists the second record as a parent of the first
"Norwegian Institute for Air Research, Chemical Coordinating Centre",Deutsche Lufthansa AG,random_negative,https://ror.org/00q7d9z06,https://ror.org/05hp2t033,ROR facts: first name -> ROR: 'NILU'; second name -> ROR: 'Lufthansa (Germany)'; ROR records are different and not directly linked,ROR facts: first name -> ROR: 'Lufthansa (Germany)'; second name -> ROR: 'NILU'; ROR records are different and not directly linked
Institut national de la recherche scientifique,"Institut national de la recherche scientifique, Service de documentation et d'information spécialisées",same_ror,https://ror.org/04td37d32,https://ror.org/04td37d32,ROR facts: first name -> ROR: 'Institut National de la Recherche Scientifique'; second name -> ROR: 'Institut National de la Recherche Scientifique'; both names matched the SAME ROR record,ROR facts: first name -> ROR: 'Institut National de la Recherche Scientifique'; second name -> ROR: 'Institut National de la Recherche Scientifique'; both names matched the SAME ROR record
"Goddard Space Flight Center, Ocean Biology Processing Group, Ocean Color Web","National Aeronautics and Space Administration, Atmospheric Science Data Center",ror_parent_child,https://ror.org/0171mag52,https://ror.org/027ka1x80,ROR facts: first name -> ROR: 'Goddard Space Flight Center'; second name -> ROR: 'National Aeronautics and Space Administration'; ROR lists the second record as a parent of the first,ROR facts: first name -> ROR: 'National Aeronautics and Space Administration'; second name -> ROR: 'Goddard Space Flight Center'; ROR lists the second record as a child of the first
"Institut National de Recherche pour l'Agriculture, l'Alimentation et l'Environnement","National Research Institute for Agriculture, Food and Environment",same_ror,https://ror.org/003vg9w96,https://ror.org/003vg9w96,"ROR facts: first name -> ROR: ""Institut National de Recherche pour l'Agriculture, l'Alimentation et l'Environnement""; second name -> ROR: ""Institut National de Recherche pour l'Agriculture, l'Alimentation et l'Environnement""; both names matched the SAME ROR record","ROR facts: first name -> ROR: ""Institut National de Recherche pour l'Agriculture, l'Alimentation et l'Environnement""; second name -> ROR: ""Institut National de Recherche pour l'Agriculture, l'Alimentation et l'Environnement""; both names matched the SAME ROR record"
in medias res - Gesellschaft für Informationstechnologie mbH,Claremont Colleges Library's Center for Digital Initiatives,random_negative,https://ror.org/03220m208,https://ror.org/03xaz7s88,ROR facts: first name -> ROR: 'German Informatics Society'; second name -> ROR: 'Claremont Colleges'; ROR records are different and not directly linked,ROR facts: first name -> ROR: 'Claremont Colleges'; second name -> ROR: 'German Informatics Society'; ROR records are different and not directly linked
"U.S. Department of Commerce, U.S. Census Bureau, TheDataWeb",Open Society Institute,random_negative,https://ror.org/04chq2495,https://ror.org/00qnfvz68,ROR facts: first name -> ROR: 'United States Department of Commerce'; second name -> ROR: 'Open Society Foundations'; ROR records are different and not directly linked,ROR facts: first name -> ROR: 'Open Society Foundations'; second name -> ROR: 'United States Department of Commerce'; ROR records are different and not directly linked
United States Department of Agriculture,"U.S. Department of Agriculture, Natural Resources Conservation Service",ror_parent_child,https://ror.org/01na82s61,https://ror.org/03j7rgg33,ROR facts: first name -> ROR: 'United States Department of Agriculture'; second name -> ROR: 'Natural Resources Conservation Service'; ROR lists the second record as a child of the first,ROR facts: first name -> ROR: 'Natural Resources Conservation Service'; second name -> ROR: 'United States Department of Agriculture'; ROR lists the second record as a parent of the first
"TU Wien, Campus IT","TU Wien, Center for Research Data Management",same_ror,https://ror.org/04d836q62,https://ror.org/04d836q62,ROR facts: first name -> ROR: 'TU Wien'; second name -> ROR: 'TU Wien'; both names matched the SAME ROR record,ROR facts: first name -> ROR: 'TU Wien'; second name -> ROR: 'TU Wien'; both names matched the SAME ROR record
European Commission,Directorate-General for Health and Food Safety,ror_parent_child,https://ror.org/00k4n6c32,https://ror.org/0399w1j22,ROR facts: first name -> ROR: 'European Commission'; second name -> ROR: 'Directorate-General for Health and Food Safety'; ROR lists the second record as a child of the first,ROR facts: first name -> ROR: 'Directorate-General for Health and Food Safety'; second name -> ROR: 'European Commission'; ROR lists the second record as a parent of the first
Ionian University. Laboratory on Digital Libraries and Electronic Publishing,Council of Scientific and Industrial Research,random_negative,https://ror.org/01xm4n520,https://ror.org/021wm7p51,ROR facts: first name -> ROR: 'Ionian University'; second name -> ROR: 'Council of Scientific and Industrial Research'; ROR records are different and not directly linked,ROR facts: first name -> ROR: 'Council of Scientific and Industrial Research'; second name -> ROR: 'Ionian University'; ROR records are different and not directly linked
Institut de Physique du Globe de Paris,"Centre National de la recherche scientifique, Institut national des sciences de l'univers",ror_parent_child,https://ror.org/004gzqz66,https://ror.org/04kdfz702,"ROR facts: first name -> ROR: 'Institut de physique du globe de Paris'; second name -> ROR: ""Institut National des Sciences de l'Univers""; ROR lists the second record as a parent of the first","ROR facts: first name -> ROR: ""Institut National des Sciences de l'Univers""; second name -> ROR: 'Institut de physique du globe de Paris'; ROR lists the second record as a child of the first"
"U.S. Department of Energy, Fusion Energy Sciences, Office of  Science","U.S. Department of Energy, Biological and Environmental Research",ror_parent_child,https://ror.org/00mmn6b08,https://ror.org/01bj3aw27,ROR facts: first name -> ROR: 'Office of Science'; second name -> ROR: 'United States Department of Energy'; ROR lists the second record as a parent of the first,ROR facts: first name -> ROR: 'United States Department of Energy'; second name -> ROR: 'Office of Science'; ROR lists the second record as a child of the first
Le Centre national de la recherche scientifique,"Maison Archéologie & Ethnologie, Renè-Ginouvès, Laboratoire d’Ethnologie et de Sociologie Comparative",ror_parent_child,https://ror.org/02feahw73,https://ror.org/056swcy54,"ROR facts: first name -> ROR: 'Centre National de la Recherche Scientifique'; second name -> ROR: ""Laboratoire d'ethnologie et de sociologie comparative""; ROR lists the second record as a child of the first","ROR facts: first name -> ROR: ""Laboratoire d'ethnologie et de sociologie comparative""; second name -> ROR: 'Centre National de la Recherche Scientifique'; ROR lists the second record as a parent of the first"
"Harvard University, Institute for Quantitative Social Sciences","Harvard University, Museum of Comparative Zoology",same_ror,https://ror.org/03vek6s52,https://ror.org/03vek6s52,ROR facts: first name -> ROR: 'Harvard University'; second name -> ROR: 'Harvard University'; both names matched the SAME ROR record,ROR facts: first name -> ROR: 'Harvard University'; second name -> ROR: 'Harvard University'; both names matched the SAME ROR record
European Commission Seventh Framework Programme,"European Commission, Directorate-General Communication",same_ror,https://ror.org/00k4n6c32,https://ror.org/00k4n6c32,ROR facts: first name -> ROR: 'European Commission'; second name -> ROR: 'European Commission'; both names matched the SAME ROR record,ROR facts: first name -> ROR: 'European Commission'; second name -> ROR: 'European Commission'; both names matched the SAME ROR record
University of Basel,"Universität Basel, Research group Torsten Schwede",same_ror,https://ror.org/02s6k3f65,https://ror.org/02s6k3f65,ROR facts: first name -> ROR: 'University of Basel'; second name -> ROR: 'University of Basel'; both names matched the SAME ROR record,ROR facts: first name -> ROR: 'University of Basel'; second name -> ROR: 'University of Basel'; both names matched the SAME ROR record
"Harvard-Smithsonian Center for Astrophysics, Smithsonian Astrophysical Observatory",Harvard University Herbaria & Libraries,ror_parent_child,https://ror.org/03c3r2d17,https://ror.org/03vek6s52,ROR facts: first name -> ROR: 'Center for Astrophysics Harvard & Smithsonian'; second name -> ROR: 'Harvard University'; ROR lists the second record as a parent of the first,ROR facts: first name -> ROR: 'Harvard University'; second name -> ROR: 'Center for Astrophysics Harvard & Smithsonian'; ROR lists the second record as a child of the first
Servicio Geológico Minero Argentino,Bundesministerium für Wirschaft und Energie,random_negative,https://ror.org/04t8w3r40,https://ror.org/02vgg2808,ROR facts: first name -> ROR: 'Servicio Geológico Minero Argentino'; second name -> ROR: 'Bundesministerium für Wirtschaft und Energie'; ROR records are different and not directly linked,ROR facts: first name -> ROR: 'Bundesministerium für Wirtschaft und Energie'; second name -> ROR: 'Servicio Geológico Minero Argentino'; ROR records are different and not directly linked
The University of Manchester,University of Manchester,same_ror,https://ror.org/027m9bs27,https://ror.org/027m9bs27,ROR facts: first name -> ROR: 'University of Manchester'; second name -> ROR: 'University of Manchester'; both names matched the SAME ROR record,ROR facts: first name -> ROR: 'University of Manchester'; second name -> ROR: 'University of Manchester'; both names matched the SAME ROR record
"US Department of Energy, Office of Science, Nuclear Physics NP","U.S.Department of Energy, Office of Science, Office of Scientific and Technical Information",ror_parent_child,https://ror.org/00mmn6b08,https://ror.org/031478740,ROR facts: first name -> ROR: 'Office of Science'; second name -> ROR: 'Office of Scientific and Technical Information'; ROR lists the second record as a child of the first,ROR facts: first name -> ROR: 'Office of Scientific and Technical Information'; second name -> ROR: 'Office of Science'; ROR lists the second record as a parent of the first
"National Aeronautics and Space Administration, Earth Observing System Data and Information System",Empresa Brasileira de Pesquisa Agropecuária,random_negative,https://ror.org/027ka1x80,https://ror.org/0482b5b22,ROR facts: first name -> ROR: 'National Aeronautics and Space Administration'; second name -> ROR: 'Brazilian Agricultural Research Corporation'; ROR records are different and not directly linked,ROR facts: first name -> ROR: 'Brazilian Agricultural Research Corporation'; second name -> ROR: 'National Aeronautics and Space Administration'; ROR records are different and not directly linked
"International Atomic Energy Agency, International Network of Nuclear Reaction Data Centres","OECD Nuclear Energy Agency, Computer Program Services",ror_parent_child,https://ror.org/00e50mf91,https://ror.org/01xy6f245,ROR facts: first name -> ROR: 'International Network of Nuclear Reaction Data Centres'; second name -> ROR: 'Nuclear Energy Agency'; ROR lists the second record as a parent of the first,ROR facts: first name -> ROR: 'Nuclear Energy Agency'; second name -> ROR: 'International Network of Nuclear Reaction Data Centres'; ROR lists the second record as a child of the first
"European Commission, Directorate-General Communication","European Commission, HORIZON 2020",same_ror,https://ror.org/00k4n6c32,https://ror.org/00k4n6c32,ROR facts: first name -> ROR: 'European Commission'; second name -> ROR: 'European Commission'; both names matched the SAME ROR record,ROR facts: first name -> ROR: 'European Commission'; second name -> ROR: 'European Commission'; both names matched the SAME ROR record
Federal Office of Meteorology and Climatology MeteoSwiss,Swiss GCOS Office at the Federal Office of Meteorology and Climatology,same_ror,https://ror.org/03wbkx358,https://ror.org/03wbkx358,ROR facts: first name -> ROR: 'Federal Office of Meteorology and Climatology MeteoSwiss'; second name -> ROR: 'Federal Office of Meteorology and Climatology MeteoSwiss'; both names matched the SAME ROR record,ROR facts: first name -> ROR: 'Federal Office of Meteorology and Climatology MeteoSwiss'; second name -> ROR: 'Federal Office of Meteorology and Climatology MeteoSwiss'; both names matched the SAME ROR record
Fraunhofer-Institut für Zelltherapie und Immunologie,"Karlsruhe Institute of Technology, Institute of Climatology and Climate Research, Atmospheric Trace Gases and Remote Sensing",random_negative,https://ror.org/04x45f476,https://ror.org/04t3en479,ROR facts: first name -> ROR: 'Fraunhofer Institute for Cell Therapy and Immunology'; second name -> ROR: 'Karlsruhe Institute of Technology'; ROR records are different and not directly linked,ROR facts: first name -> ROR: 'Karlsruhe Institute of Technology'; second name -> ROR: 'Fraunhofer Institute for Cell Therapy and Immunology'; ROR records are different and not directly linked
Leibniz-Informationszentrum Technik und Naturwissenschaften und Universitätsbibliothek Hannover,Technische Informationsbibliothek,same_ror,https://ror.org/04aj4c181,https://ror.org/04aj4c181,ROR facts: first name -> ROR: 'Technische Informationsbibliothek (TIB)'; second name -> ROR: 'Technische Informationsbibliothek (TIB)'; both names matched the SAME ROR record,ROR facts: first name -> ROR: 'Technische Informationsbibliothek (TIB)'; second name -> ROR: 'Technische Informationsbibliothek (TIB)'; both names matched the SAME ROR record
"University of Saskatchewan, Global Institute for Water Security",GeoSphere Austria,random_negative,https://ror.org/05997db74,https://ror.org/0181cy234,ROR facts: first name -> ROR: 'Global Institute for Water Security'; second name -> ROR: 'GeoSphere Austria'; ROR records are different and not directly linked,ROR facts: first name -> ROR: 'GeoSphere Austria'; second name -> ROR: 'Global Institute for Water Security'; ROR records are different and not directly linked
Pacific Southwest Research Station,"National Institutes of Health, Division of Program Coordination Planning and Strategic Initiatives",random_negative,https://ror.org/036a0fn15,https://ror.org/02e3wq066,ROR facts: first name -> ROR: 'Pacific Southwest Research Station'; second name -> ROR: 'Division of Program Coordination Planning and Strategic Initiatives'; ROR records are different and not directly linked,ROR facts: first name -> ROR: 'Division of Program Coordination Planning and Strategic Initiatives'; second name -> ROR: 'Pacific Southwest Research Station'; ROR records are different and not directly linked
"European Commission, Directorate-General Communication","European Commission, Infrastructure for Spatial Information in the European Community",same_ror,https://ror.org/00k4n6c32,https://ror.org/00k4n6c32,ROR facts: first name -> ROR: 'European Commission'; second name -> ROR: 'European Commission'; both names matched the SAME ROR record,ROR facts: first name -> ROR: 'European Commission'; second name -> ROR: 'European Commission'; both names matched the SAME ROR record
Roskilde University,Danish e-infrastructure Cooperation,random_negative,https://ror.org/014axpa37,https://ror.org/03f0nev63,ROR facts: first name -> ROR: 'Roskilde University'; second name -> ROR: 'DeiC - Danish e-infrastructure Consortium'; ROR records are different and not directly linked,ROR facts: first name -> ROR: 'DeiC - Danish e-infrastructure Consortium'; second name -> ROR: 'Roskilde University'; ROR records are different and not directly linked
"King's College London, Department of Twin Research & Genetic Epidemiology","University of London, CoSector",ror_parent_child,https://ror.org/0220mzb33,https://ror.org/04cw6st05,"ROR facts: first name -> ROR: ""King's College London""; second name -> ROR: 'University of London'; ROR lists the second record as a parent of the first","ROR facts: first name -> ROR: 'University of London'; second name -> ROR: ""King's College London""; ROR lists the second record as a child of the first"
"Staatlichen Akademie der Bildenden Künste Stuttgart, Lehrstuhl für Mittlere und Neuere Kunstgeschichte","Université Paris-Sud, Laboratoire de Physique des Gaz et des Plasmas",random_negative,https://ror.org/00zayq578,https://ror.org/04bgjpg77,ROR facts: first name -> ROR: 'Staatliche Akademie der Bildenden Künste Stuttgart'; second name -> ROR: 'Laboratoire de Physique des Gaz et des Plasmas'; ROR records are different and not directly linked,ROR facts: first name -> ROR: 'Laboratoire de Physique des Gaz et des Plasmas'; second name -> ROR: 'Staatliche Akademie der Bildenden Künste Stuttgart'; ROR records are different and not directly linked
"National Aeronautics and Space Administration, Goddard Space Flight Center, Astrophysics Science Division","National Aeronautics and Space Administration, Science Mission Directorate",same_ror,https://ror.org/027ka1x80,https://ror.org/027ka1x80,ROR facts: first name -> ROR: 'National Aeronautics and Space Administration'; second name -> ROR: 'National Aeronautics and Space Administration'; both names matched the SAME ROR record,ROR facts: first name -> ROR: 'National Aeronautics and Space Administration'; second name -> ROR: 'National Aeronautics and Space Administration'; both names matched the SAME ROR record
Columbia University,"Columbia University, Lamont-Doherty Earth Observatory",ror_parent_child,https://ror.org/00hj8s172,https://ror.org/02e2tgs60,ROR facts: first name -> ROR: 'Columbia University'; second name -> ROR: 'Lamont-Doherty Earth Observatory'; ROR lists the second record as a child of the first,ROR facts: first name -> ROR: 'Lamont-Doherty Earth Observatory'; second name -> ROR: 'Columbia University'; ROR lists the second record as a parent of the first
"Washington University in St. Louis, School of Medicine","Washington University in St.Louis, School of Law, Center for Empirical Research in the Law",same_ror,https://ror.org/01yc7t268,https://ror.org/01yc7t268,ROR facts: first name -> ROR: 'Washington University in St. Louis'; second name -> ROR: 'Washington University in St. Louis'; both names matched the SAME ROR record,ROR facts: first name -> ROR: 'Washington University in St. Louis'; second name -> ROR: 'Washington University in St. Louis'; both names matched the SAME ROR record
University College London,"University College London, British Heart Foundation, Cardiovascular Gene Annotation",same_ror,https://ror.org/02jx3x895,https://ror.org/02jx3x895,ROR facts: first name -> ROR: 'University College London'; second name -> ROR: 'University College London'; both names matched the SAME ROR record,ROR facts: first name -> ROR: 'University College London'; second name -> ROR: 'University College London'; both names matched the SAME ROR record
"Frankfurt Biotechnology Innovation Center, MBN Research Center",Canadian Institutes of Health Research,random_negative,https://ror.org/04jm9wm67,https://ror.org/01gavpb45,ROR facts: first name -> ROR: 'MBN Research Center'; second name -> ROR: 'Canadian Institutes of Health Research'; ROR records are different and not directly linked,ROR facts: first name -> ROR: 'Canadian Institutes of Health Research'; second name -> ROR: 'MBN Research Center'; ROR records are different and not directly linked
Fraunhofer Fokus,Fraunhofer-Gesellschaft zur Förderung der angewandten Forschung e.V.,ror_parent_child,https://ror.org/00px80p03,https://ror.org/05hkkdn48,ROR facts: first name -> ROR: 'Fraunhofer Institute for Open Communication Systems'; second name -> ROR: 'Fraunhofer-Gesellschaft'; ROR lists the second record as a parent of the first,ROR facts: first name -> ROR: 'Fraunhofer-Gesellschaft'; second name -> ROR: 'Fraunhofer Institute for Open Communication Systems'; ROR lists the second record as a child of the first
UC San Diego Library,Scripps Institution of Oceanography,ror_parent_child,https://ror.org/0168r3w48,https://ror.org/04v7hvq31,ROR facts: first name -> ROR: 'University of California San Diego'; second name -> ROR: 'Scripps Institution of Oceanography'; ROR lists the second record as a child of the first,ROR facts: first name -> ROR: 'Scripps Institution of Oceanography'; second name -> ROR: 'University of California San Diego'; ROR lists the second record as a parent of the first
"United States Department of Agriculture, Agricultural Research Services","U.S. Department of Agriculture, Natural Resources Conservation Service",ror_parent_child,https://ror.org/01na82s61,https://ror.org/03j7rgg33,ROR facts: first name -> ROR: 'United States Department of Agriculture'; second name -> ROR: 'Natural Resources Conservation Service'; ROR lists the second record as a child of the first,ROR facts: first name -> ROR: 'Natural Resources Conservation Service'; second name -> ROR: 'United States Department of Agriculture'; ROR lists the second record as a parent of the first
"Centre National de la Recherche Scientifique, Institut National des Sciences de l'Univers",Institut de Recherche en Astrophysique et Planétologie,ror_parent_child,https://ror.org/04kdfz702,https://ror.org/05hm2ja81,"ROR facts: first name -> ROR: ""Institut National des Sciences de l'Univers""; second name -> ROR: 'Institut de Recherche en Astrophysique et Planétologie'; ROR lists the second record as a child of the first","ROR facts: first name -> ROR: 'Institut de Recherche en Astrophysique et Planétologie'; second name -> ROR: ""Institut National des Sciences de l'Univers""; ROR lists the second record as a parent of the first"
"Analyse et Traitement Informatique de La Langue Francaise, Centre National de Ressources Textuelles et Lexicales",University of Lorraine,ror_parent_child,https://ror.org/02cy9g557,https://ror.org/04vfs2w97,ROR facts: first name -> ROR: 'Analyse et Traitement Informatique de la Langue Française'; second name -> ROR: 'Université de Lorraine'; ROR lists the second record as a parent of the first,ROR facts: first name -> ROR: 'Université de Lorraine'; second name -> ROR: 'Analyse et Traitement Informatique de la Langue Française'; ROR lists the second record as a child of the first
Centre national d'études spatiales,Institut de Recherche en Astrophysique et Planétologie,ror_parent_child,https://ror.org/04h1h0y33,https://ror.org/05hm2ja81,"ROR facts: first name -> ROR: ""Centre National d'Études Spatiales""; second name -> ROR: 'Institut de Recherche en Astrophysique et Planétologie'; ROR lists the second record as a child of the first","ROR facts: first name -> ROR: 'Institut de Recherche en Astrophysique et Planétologie'; second name -> ROR: ""Centre National d'Études Spatiales""; ROR lists the second record as a parent of the first"
"Instituto Nacional de Astrofísica, Óptica y Electrónica","University of Oregon, UO Libraries",random_negative,https://ror.org/00bpmmc63,https://ror.org/0293rh119,"ROR facts: first name -> ROR: 'National Institute of Astrophysics, Optics and Electronics'; second name -> ROR: 'University of Oregon'; ROR records are different and not directly linked","ROR facts: first name -> ROR: 'University of Oregon'; second name -> ROR: 'National Institute of Astrophysics, Optics and Electronics'; ROR records are different and not directly linked"
"European Molecular Biology Laboratory, European Bioinformatics Institute, Protein Data Bank in Europe","European Molecular Biology Laboratory, European Bioinformatics Institute, Thornton Group",same_ror,https://ror.org/02catss52,https://ror.org/02catss52,ROR facts: first name -> ROR: 'European Bioinformatics Institute'; second name -> ROR: 'European Bioinformatics Institute'; both names matched the SAME ROR record,ROR facts: first name -> ROR: 'European Bioinformatics Institute'; second name -> ROR: 'European Bioinformatics Institute'; both names matched the SAME ROR record
Leibniz Centre for Agricultural Landscape Research,DIPF | Leibniz Institute for Research and Information in Education,random_negative,https://ror.org/01ygyzs83,https://ror.org/0327sr118,ROR facts: first name -> ROR: 'Leibniz Centre for Agricultural Landscape Research'; second name -> ROR: 'DIPF | Leibniz Institute for Research and Information in Education'; ROR records are different and not directly linked,ROR facts: first name -> ROR: 'DIPF | Leibniz Institute for Research and Information in Education'; second name -> ROR: 'Leibniz Centre for Agricultural Landscape Research'; ROR records are different and not directly linked
"Karlsruhe Institute of Technology, Center for Disaster Management and Risk Reduction Technology","Karlsruhe Institute of Technology, Institute of Climatology and Climate Research, Atmospheric Trace Gases and Remote Sensing",same_ror,https://ror.org/04t3en479,https://ror.org/04t3en479,ROR facts: first name -> ROR: 'Karlsruhe Institute of Technology'; second name -> ROR: 'Karlsruhe Institute of Technology'; both names matched the SAME ROR record,ROR facts: first name -> ROR: 'Karlsruhe Institute of Technology'; second name -> ROR: 'Karlsruhe Institute of Technology'; both names matched the SAME ROR record
"Université de Strasbourg, Centre National de la Recherche Scientifique, Strasbourg Observatory","Université d'Aix-Marseille, Laboratoire Architecture et Fonction des Macromolécules Biologiques",ror_parent_child,https://ror.org/02feahw73,https://ror.org/04jm8zw14,ROR facts: first name -> ROR: 'Centre National de la Recherche Scientifique'; second name -> ROR: 'Architecture et Fonction des Macromolécules Biologiques'; ROR lists the second record as a child of the first,ROR facts: first name -> ROR: 'Architecture et Fonction des Macromolécules Biologiques'; second name -> ROR: 'Centre National de la Recherche Scientifique'; ROR lists the second record as a parent of the first
"National Center for Atmospheric Research, University Corporation for Atmospheric Research","University Corporation for Atmospheric Research, UNIDATA",same_ror,https://ror.org/04zhhyn23,https://ror.org/04zhhyn23,ROR facts: first name -> ROR: 'University Corporation for Atmospheric Research'; second name -> ROR: 'University Corporation for Atmospheric Research'; both names matched the SAME ROR record,ROR facts: first name -> ROR: 'University Corporation for Atmospheric Research'; second name -> ROR: 'University Corporation for Atmospheric Research'; both names matched the SAME ROR record
"U.S. Department of Energy, Fusion Energy Sciences, Office of  Science","U.S. Department of Energy, Office of Science, Office of Nuclear Physics",ror_parent_child,https://ror.org/00mmn6b08,https://ror.org/02atag894,ROR facts: first name -> ROR: 'Office of Science'; second name -> ROR: 'Office of Nuclear Physics'; ROR lists the second record as a child of the first,ROR facts: first name -> ROR: 'Office of Nuclear Physics'; second name -> ROR: 'Office of Science'; ROR lists the second record as a parent of the first
CSIR Central Food Technological Research Institute,Alfred  P.  Sloan Foundation,random_negative,https://ror.org/01d7fn555,https://ror.org/052csg198,ROR facts: first name -> ROR: 'Central Food Technological Research Institute'; second name -> ROR: 'Alfred P. Sloan Foundation'; ROR records are different and not directly linked,ROR facts: first name -> ROR: 'Alfred P. Sloan Foundation'; second name -> ROR: 'Central Food Technological Research Institute'; ROR records are different and not directly linked
Federal Office of Meteorology and Climatology,Federal Office of Meteorology and Climatology MeteoSwiss,same_ror,https://ror.org/03wbkx358,https://ror.org/03wbkx358,ROR facts: first name -> ROR: 'Federal Office of Meteorology and Climatology MeteoSwiss'; second name -> ROR: 'Federal Office of Meteorology and Climatology MeteoSwiss'; both names matched the SAME ROR record,ROR facts: first name -> ROR: 'Federal Office of Meteorology and Climatology MeteoSwiss'; second name -> ROR: 'Federal Office of Meteorology and Climatology MeteoSwiss'; both names matched the SAME ROR record
"University of California, San Diego, San Diego Supercomputer Center",San Diego Supercomputer Center,ror_parent_child,https://ror.org/0168r3w48,https://ror.org/04mg3nk07,ROR facts: first name -> ROR: 'University of California San Diego'; second name -> ROR: 'San Diego Supercomputer Center'; ROR lists the second record as a child of the first,ROR facts: first name -> ROR: 'San Diego Supercomputer Center'; second name -> ROR: 'University of California San Diego'; ROR lists the second record as a parent of the first
"University Corporation for Atmospheric Research, National Science Digital Library","National Science Foundation National Center for Atmospheric Research, Computational and Information Systems Laboratory",ror_parent_child,https://ror.org/04zhhyn23,https://ror.org/05xc0qp17,ROR facts: first name -> ROR: 'University Corporation for Atmospheric Research'; second name -> ROR: 'NSF NCAR Computational & Information Systems Laboratory'; ROR lists the second record as a child of the first,ROR facts: first name -> ROR: 'NSF NCAR Computational & Information Systems Laboratory'; second name -> ROR: 'University Corporation for Atmospheric Research'; ROR lists the second record as a parent of the first
Alfred  P.  Sloan Foundation,Alfred P. Sloan Foundation,same_ror,https://ror.org/052csg198,https://ror.org/052csg198,ROR facts: first name -> ROR: 'Alfred P. Sloan Foundation'; second name -> ROR: 'Alfred P. Sloan Foundation'; both names matched the SAME ROR record,ROR facts: first name -> ROR: 'Alfred P. Sloan Foundation'; second name -> ROR: 'Alfred P. Sloan Foundation'; both names matched the SAME ROR record
AIX-Marseille Université,huma-num,ror_parent_child,https://ror.org/035xkbk20,https://ror.org/04ces3204,ROR facts: first name -> ROR: 'Aix-Marseille Université'; second name -> ROR: 'Huma-Num'; ROR lists the second record as a child of the first,ROR facts: first name -> ROR: 'Huma-Num'; second name -> ROR: 'Aix-Marseille Université'; ROR lists the second record as a parent of the first
"National Research Council of Italy , Italian Institute of Polar Sciences",Scottish Environment Protection Agency,random_negative,https://ror.org/05d49bv37,https://ror.org/01kxjy285,ROR facts: first name -> ROR: 'Istituto di Scienze Polari'; second name -> ROR: 'Scottish Environment Protection Agency'; ROR records are different and not directly linked,ROR facts: first name -> ROR: 'Scottish Environment Protection Agency'; second name -> ROR: 'Istituto di Scienze Polari'; ROR records are different and not directly linked
Joint Nature Conservation Committee,National Institute on Aging Genetics of Alzheimer's Disease Data Storage Site,random_negative,https://ror.org/05tzsrw37,https://ror.org/049v75w11,ROR facts: first name -> ROR: 'Joint Nature Conservation Committee'; second name -> ROR: 'National Institute on Aging'; ROR records are different and not directly linked,ROR facts: first name -> ROR: 'National Institute on Aging'; second name -> ROR: 'Joint Nature Conservation Committee'; ROR records are different and not directly linked
"UK Research and Innovation, Industrial Strategy Challenge Fund","UK Research and Innovation, Science and Technology Facilities Council, Data & Software Engineering Group",ror_parent_child,https://ror.org/001aqnf71,https://ror.org/057g20z61,ROR facts: first name -> ROR: 'UK Research and Innovation'; second name -> ROR: 'Science and Technology Facilities Council'; ROR lists the second record as a child of the first,ROR facts: first name -> ROR: 'Science and Technology Facilities Council'; second name -> ROR: 'UK Research and Innovation'; ROR lists the second record as a parent of the first
"Aix-Marseille University, Maison Méditerranéenne des Sciences de l’Homme",French National Centre for Scientific Research (CNRS),ror_parent_child,https://ror.org/01ejp3f31,https://ror.org/02feahw73,"ROR facts: first name -> ROR: ""Maison méditerranéenne des sciences de l'Homme""; second name -> ROR: 'Centre National de la Recherche Scientifique'; ROR lists the second record as a parent of the first","ROR facts: first name -> ROR: 'Centre National de la Recherche Scientifique'; second name -> ROR: ""Maison méditerranéenne des sciences de l'Homme""; ROR lists the second record as a child of the first"
"Chinese Academy of Sciences,  Institute of Computing Technology","China National Center for Bioinformation / Beijing Institute of Genomics, Chinese Academy of Sciences",ror_parent_child,https://ror.org/0090r4d87,https://ror.org/034t30j35,ROR facts: first name -> ROR: 'Institute of Computing Technology'; second name -> ROR: 'Chinese Academy of Sciences'; ROR lists the second record as a parent of the first,ROR facts: first name -> ROR: 'Chinese Academy of Sciences'; second name -> ROR: 'Institute of Computing Technology'; ROR lists the second record as a child of the first
"U.S. Department of Health & Human Services, National Institutes of Health, U.S. National Library of Medicine","National Institutes of Health, National Library of Medicine, National Center for Biotechnology Information",ror_parent_child,https://ror.org/0060t0j89,https://ror.org/02meqm098,ROR facts: first name -> ROR: 'United States National Library of Medicine'; second name -> ROR: 'National Center for Biotechnology Information'; ROR lists the second record as a child of the first,ROR facts: first name -> ROR: 'National Center for Biotechnology Information'; second name -> ROR: 'United States National Library of Medicine'; ROR lists the second record as a parent of the first
"Centre for Australian National Biodiversity Research, Australian National Herbarium",Commonwealth Scientific and Industrial Research Organisation,ror_parent_child,https://ror.org/00n82gt57,https://ror.org/03qn8fb07,ROR facts: first name -> ROR: 'Centre for Australian National Biodiversity Research'; second name -> ROR: 'Commonwealth Scientific and Industrial Research Organisation'; ROR lists the second record as a parent of the first,ROR facts: first name -> ROR: 'Commonwealth Scientific and Industrial Research Organisation'; second name -> ROR: 'Centre for Australian National Biodiversity Research'; ROR lists the second record as a child of the first
"UKRI, Daresbury Laboratory","Instituto Brasileiro de Informação em Ciência e Tecnologia, Rede Cariniana",random_negative,https://ror.org/0089bg420,https://ror.org/006c42y96,ROR facts: first name -> ROR: 'Daresbury Laboratory'; second name -> ROR: 'Instituto Brasileiro de Informação em Ciência e Tecnologia'; ROR records are different and not directly linked,ROR facts: first name -> ROR: 'Instituto Brasileiro de Informação em Ciência e Tecnologia'; second name -> ROR: 'Daresbury Laboratory'; ROR records are different and not directly linked
"Karlsruhe Institute of Technology, Helmholtz Program Natural, Artificial and Cognitive Information Processing,  BioInterfaces in Technology and Medicine","Karlsruhe Institute of Technology, Institute of Meteorology and Climate Research - Atmospheric Environmental Research",same_ror,https://ror.org/04t3en479,https://ror.org/04t3en479,ROR facts: first name -> ROR: 'Karlsruhe Institute of Technology'; second name -> ROR: 'Karlsruhe Institute of Technology'; both names matched the SAME ROR record,ROR facts: first name -> ROR: 'Karlsruhe Institute of Technology'; second name -> ROR: 'Karlsruhe Institute of Technology'; both names matched the SAME ROR record
United States Department of Agriculture,"United States Department of Agriculture, Economics, Statistics, and Market Information System",same_ror,https://ror.org/01na82s61,https://ror.org/01na82s61,ROR facts: first name -> ROR: 'United States Department of Agriculture'; second name -> ROR: 'United States Department of Agriculture'; both names matched the SAME ROR record,ROR facts: first name -> ROR: 'United States Department of Agriculture'; second name -> ROR: 'United States Department of Agriculture'; both names matched the SAME ROR record
Medical University of Bialystok,"U.S. Environmental Protection Agency, Chesapeake Bay Program Office",random_negative,https://ror.org/00y4ya841,https://ror.org/04x4haa49,ROR facts: first name -> ROR: 'Medical University of Białystok'; second name -> ROR: 'Chesapeake Bay Program'; ROR records are different and not directly linked,ROR facts: first name -> ROR: 'Chesapeake Bay Program'; second name -> ROR: 'Medical University of Białystok'; ROR records are different and not directly linked
"National Institute for Basic Biology, Department of Cell Biology",The Terry Fox Foundation,random_negative,https://ror.org/05q8wtt20,https://ror.org/05vd00053,ROR facts: first name -> ROR: 'National Institute for Basic Biology'; second name -> ROR: 'Terry Fox Foundation'; ROR records are different and not directly linked,ROR facts: first name -> ROR: 'Terry Fox Foundation'; second name -> ROR: 'National Institute for Basic Biology'; ROR records are different and not directly linked
"Bronfenbrenner Center for Translational Research, Cornell University","Cornell University, Computer Science Department, Robot Learning Lab",same_ror,https://ror.org/05bnh6r87,https://ror.org/05bnh6r87,ROR facts: first name -> ROR: 'Cornell University'; second name -> ROR: 'Cornell University'; both names matched the SAME ROR record,ROR facts: first name -> ROR: 'Cornell University'; second name -> ROR: 'Cornell University'; both names matched the SAME ROR record
University of Edinburgh,"University of Edinburgh, Institute for Adaptive and Neural Computation",same_ror,https://ror.org/01nrxwf90,https://ror.org/01nrxwf90,ROR facts: first name -> ROR: 'University of Edinburgh'; second name -> ROR: 'University of Edinburgh'; both names matched the SAME ROR record,ROR facts: first name -> ROR: 'University of Edinburgh'; second name -> ROR: 'University of Edinburgh'; both names matched the SAME ROR record
UC Berkeley School of Information,"University of California, Berkeley, Department of Demography",same_ror,https://ror.org/01an7q238,https://ror.org/01an7q238,"ROR facts: first name -> ROR: 'University of California, Berkeley'; second name -> ROR: 'University of California, Berkeley'; both names matched the SAME ROR record","ROR facts: first name -> ROR: 'University of California, Berkeley'; second name -> ROR: 'University of California, Berkeley'; both names matched the SAME ROR record"
Earth Science Information Partners,"Institut National de Physique Nucléaire et de Physique de Particules, Centre de Calcul",random_negative,https://ror.org/03q5xa910,https://ror.org/03fd77x13,ROR facts: first name -> ROR: 'Earth Science Information Partners'; second name -> ROR: 'Institut National de Physique Nucléaire et de Physique des Particules'; ROR records are different and not directly linked,ROR facts: first name -> ROR: 'Institut National de Physique Nucléaire et de Physique des Particules'; second name -> ROR: 'Earth Science Information Partners'; ROR records are different and not directly linked
NOAA's National Centers for Environmental Information,"National Centers for Environmental Information, Ocean Climate Laboratory",same_ror,https://ror.org/04r0wrp59,https://ror.org/04r0wrp59,ROR facts: first name -> ROR: 'NOAA National Centers for Environmental Information'; second name -> ROR: 'NOAA National Centers for Environmental Information'; both names matched the SAME ROR record,ROR facts: first name -> ROR: 'NOAA National Centers for Environmental Information'; second name -> ROR: 'NOAA National Centers for Environmental Information'; both names matched the SAME ROR record
Institut de Recherche en Astrophysique et Planétologie,Engineering and Physical Sciences Research Council,random_negative,https://ror.org/05hm2ja81,https://ror.org/0439y7842,ROR facts: first name -> ROR: 'Institut de Recherche en Astrophysique et Planétologie'; second name -> ROR: 'Engineering and Physical Sciences Research Council'; ROR records are different and not directly linked,ROR facts: first name -> ROR: 'Engineering and Physical Sciences Research Council'; second name -> ROR: 'Institut de Recherche en Astrophysique et Planétologie'; ROR records are different and not directly linked
"National Aeronautics and Space Administration, MODIS Level 1 and Atmosphere Archive and Distribution System",NASA  Ocean Color Web,ror_parent_child,https://ror.org/027ka1x80,https://ror.org/037ch5s45,ROR facts: first name -> ROR: 'National Aeronautics and Space Administration'; second name -> ROR: 'NASA Ocean Biology Processing Group'; ROR lists the second record as a child of the first,ROR facts: first name -> ROR: 'NASA Ocean Biology Processing Group'; second name -> ROR: 'National Aeronautics and Space Administration'; ROR lists the second record as a parent of the first
Alberta Innovates,Alberta Innovates Bio Solutions,same_ror,https://ror.org/00ynafe15,https://ror.org/00ynafe15,ROR facts: first name -> ROR: 'Alberta Innovates'; second name -> ROR: 'Alberta Innovates'; both names matched the SAME ROR record,ROR facts: first name -> ROR: 'Alberta Innovates'; second name -> ROR: 'Alberta Innovates'; both names matched the SAME ROR record
"Temple University, Liberles group",The Irving Ludmer Family Foundation,random_negative,https://ror.org/00kx1jb78,https://ror.org/027ezef52,ROR facts: first name -> ROR: 'Temple University'; second name -> ROR: 'Fred A. And Barbara M. Erb Family Foundation'; ROR records are different and not directly linked,ROR facts: first name -> ROR: 'Fred A. And Barbara M. Erb Family Foundation'; second name -> ROR: 'Temple University'; ROR records are different and not directly linked
"United States Department of Agriculture, Agricultural Research Services",United States Department of Agriculture - Agricultural Research Service,ror_parent_child,https://ror.org/01na82s61,https://ror.org/02d2m2044,ROR facts: first name -> ROR: 'United States Department of Agriculture'; second name -> ROR: 'Agricultural Research Service'; ROR lists the second record as a child of the first,ROR facts: first name -> ROR: 'Agricultural Research Service'; second name -> ROR: 'United States Department of Agriculture'; ROR lists the second record as a parent of the first
"University of Belgrade, Institute of molecular genetics and genetic engineering,","Directorate of Economics and Statistics (DES), Planning Department, Government of Maharastra",random_negative,https://ror.org/026ynmk26,https://ror.org/057ykey20,ROR facts: first name -> ROR: 'Institute of Molecular Genetics and Genetic Engineering'; second name -> ROR: 'Government of Maharashtra'; ROR records are different and not directly linked,ROR facts: first name -> ROR: 'Government of Maharashtra'; second name -> ROR: 'Institute of Molecular Genetics and Genetic Engineering'; ROR records are different and not directly linked
Group on Earth Observations,"Friedrich-Löffler-Institut, Bundesforschungsinstitut für Tiergesundheit",random_negative,https://ror.org/04xfre028,https://ror.org/025fw7a54,ROR facts: first name -> ROR: 'Group on Earth Observations'; second name -> ROR: 'Friedrich-Loeffler-Institut'; ROR records are different and not directly linked,ROR facts: first name -> ROR: 'Friedrich-Loeffler-Institut'; second name -> ROR: 'Group on Earth Observations'; ROR records are different and not directly linked
Columbia University,Lamont-Doherty Earth Observatory,ror_parent_child,https://ror.org/00hj8s172,https://ror.org/02e2tgs60,ROR facts: first name -> ROR: 'Columbia University'; second name -> ROR: 'Lamont-Doherty Earth Observatory'; ROR lists the second record as a child of the first,ROR facts: first name -> ROR: 'Lamont-Doherty Earth Observatory'; second name -> ROR: 'Columbia University'; ROR lists the second record as a parent of the first
"Humboldt-Universität zu Berlin,  Kultur-, Sozial- und Bildungswissenschaftliche Fakultät, Winckelmann-Institut","Humboldt-Universität zu Berlin, Institut für Archäologie, Archäologie und Kulturgeschichte Nordostafrikas",same_ror,https://ror.org/01hcx6992,https://ror.org/01hcx6992,ROR facts: first name -> ROR: 'Humboldt-Universität zu Berlin'; second name -> ROR: 'Humboldt-Universität zu Berlin'; both names matched the SAME ROR record,ROR facts: first name -> ROR: 'Humboldt-Universität zu Berlin'; second name -> ROR: 'Humboldt-Universität zu Berlin'; both names matched the SAME ROR record
"University of Pittsburgh,  Kenneth P. Dietrich School of Arts and Sciences","University of Pittsburgh, Department of Chemistry",same_ror,https://ror.org/01an3r305,https://ror.org/01an3r305,ROR facts: first name -> ROR: 'University of Pittsburgh'; second name -> ROR: 'University of Pittsburgh'; both names matched the SAME ROR record,ROR facts: first name -> ROR: 'University of Pittsburgh'; second name -> ROR: 'University of Pittsburgh'; both names matched the SAME ROR record
"National Aeronautics and Space Administration, Goddard Space Flight Center","National Aeronautics and Space Administration, Goddard Space Flight Center, Ocean Biology Distributed Active Archive Center",ror_parent_child,https://ror.org/027ka1x80,https://ror.org/037ch5s45,ROR facts: first name -> ROR: 'National Aeronautics and Space Administration'; second name -> ROR: 'NASA Ocean Biology Processing Group'; ROR lists the second record as a child of the first,ROR facts: first name -> ROR: 'NASA Ocean Biology Processing Group'; second name -> ROR: 'National Aeronautics and Space Administration'; ROR lists the second record as a parent of the first
"Universidad Nacional Autónoma de México, Dirección General de Bibliotecas y Servicios Digitales de Información",Gordon and Betty Moore Foundation,random_negative,https://ror.org/04jan8q76,https://ror.org/006wxqw41,ROR facts: first name -> ROR: 'Dirección General de Bibliotecas y Servicios Digitales de Información'; second name -> ROR: 'Gordon and Betty Moore Foundation'; ROR records are different and not directly linked,ROR facts: first name -> ROR: 'Gordon and Betty Moore Foundation'; second name -> ROR: 'Dirección General de Bibliotecas y Servicios Digitales de Información'; ROR records are different and not directly linked
Aarhus University,The National Biodiversity Network,random_negative,https://ror.org/01aj84f44,https://ror.org/00mcxye41,ROR facts: first name -> ROR: 'Aarhus University'; second name -> ROR: 'National Biodiversity Network Trust'; ROR records are different and not directly linked,ROR facts: first name -> ROR: 'National Biodiversity Network Trust'; second name -> ROR: 'Aarhus University'; ROR records are different and not directly linked
NASA - Goddard Space Flight Center,NASA's Goddard Space Flight Center,same_ror,https://ror.org/0171mag52,https://ror.org/0171mag52,ROR facts: first name -> ROR: 'Goddard Space Flight Center'; second name -> ROR: 'Goddard Space Flight Center'; both names matched the SAME ROR record,ROR facts: first name -> ROR: 'Goddard Space Flight Center'; second name -> ROR: 'Goddard Space Flight Center'; both names matched the SAME ROR record
SIB Swiss Institute of Bioinformatics,Swiss Institute of Bioniformatics,same_ror,https://ror.org/002n09z45,https://ror.org/002n09z45,ROR facts: first name -> ROR: 'SIB Swiss Institute of Bioinformatics'; second name -> ROR: 'SIB Swiss Institute of Bioinformatics'; both names matched the SAME ROR record,ROR facts: first name -> ROR: 'SIB Swiss Institute of Bioinformatics'; second name -> ROR: 'SIB Swiss Institute of Bioinformatics'; both names matched the SAME ROR record
National Oceanic and Atmospheric Administration,"U.S Department of Commerce, National Oceanic and Atmospheric Administration, National Weather Service",same_ror,https://ror.org/02z5nhe81,https://ror.org/02z5nhe81,ROR facts: first name -> ROR: 'National Oceanic and Atmospheric Administration'; second name -> ROR: 'National Oceanic and Atmospheric Administration'; both names matched the SAME ROR record,ROR facts: first name -> ROR: 'National Oceanic and Atmospheric Administration'; second name -> ROR: 'National Oceanic and Atmospheric Administration'; both names matched the SAME ROR record
Indian Space Research Organisation,Universidad Autonoma de Manizales,random_negative,https://ror.org/00cwrns71,https://ror.org/00jfare13,ROR facts: first name -> ROR: 'Indian Space Research Organisation'; second name -> ROR: 'Universidad Autonoma de Manizales'; ROR records are different and not directly linked,ROR facts: first name -> ROR: 'Universidad Autonoma de Manizales'; second name -> ROR: 'Indian Space Research Organisation'; ROR records are different and not directly linked
Cary Institute of Ecosystem Studies,National Bureau of Statistics of China,random_negative,https://ror.org/01dhcyx48,https://ror.org/008zm7t63,ROR facts: first name -> ROR: 'Cary Institute of Ecosystem Studies'; second name -> ROR: 'National Bureau of Statistics of China'; ROR records are different and not directly linked,ROR facts: first name -> ROR: 'National Bureau of Statistics of China'; second name -> ROR: 'Cary Institute of Ecosystem Studies'; ROR records are different and not directly linked
Helmholtz Association of German Research Centres,GSI Helmholtz Centre for Heavy Ion Research,ror_parent_child,https://ror.org/0281dp749,https://ror.org/02k8cbn47,ROR facts: first name -> ROR: 'Helmholtz Association of German Research Centres'; second name -> ROR: 'GSI Helmholtz Centre for Heavy Ion Research'; ROR lists the second record as a child of the first,ROR facts: first name -> ROR: 'GSI Helmholtz Centre for Heavy Ion Research'; second name -> ROR: 'Helmholtz Association of German Research Centres'; ROR lists the second record as a parent of the first
"Harvard Medical School, Dana-Faber/Harvard Cancer Center","Harvard University, Institute for Quantitative Social Sciences",ror_parent_child,https://ror.org/03pvyf116,https://ror.org/03vek6s52,ROR facts: first name -> ROR: 'Dana-Farber/Harvard Cancer Center'; second name -> ROR: 'Harvard University'; ROR lists the second record as a parent of the first,ROR facts: first name -> ROR: 'Harvard University'; second name -> ROR: 'Dana-Farber/Harvard Cancer Center'; ROR lists the second record as a child of the first
Instituto Nacional de Pesquisas da Amazônia,Western Economic Diversification Canada,random_negative,https://ror.org/01xe86309,https://ror.org/002sgqx17,ROR facts: first name -> ROR: 'Instituto Nacional de Pesquisas da Amazônia'; second name -> ROR: 'Western Economic Diversification Canada'; ROR records are different and not directly linked,ROR facts: first name -> ROR: 'Western Economic Diversification Canada'; second name -> ROR: 'Instituto Nacional de Pesquisas da Amazônia'; ROR records are different and not directly linked
"NASA, Jet Propulsion Laboratory","National Aeronautics and Space Administration, MODIS Level 1 and Atmosphere Archive and Distribution System",ror_parent_child,https://ror.org/027k65916,https://ror.org/027ka1x80,ROR facts: first name -> ROR: 'Jet Propulsion Laboratory'; second name -> ROR: 'National Aeronautics and Space Administration'; ROR lists the second record as a parent of the first,ROR facts: first name -> ROR: 'National Aeronautics and Space Administration'; second name -> ROR: 'Jet Propulsion Laboratory'; ROR lists the second record as a child of the first
"U.S. Department of Energy, Office of Science","U.S. Department of Energy, Biological and Environmental Research",ror_parent_child,https://ror.org/00mmn6b08,https://ror.org/01bj3aw27,ROR facts: first name -> ROR: 'Office of Science'; second name -> ROR: 'United States Department of Energy'; ROR lists the second record as a parent of the first,ROR facts: first name -> ROR: 'United States Department of Energy'; second name -> ROR: 'Office of Science'; ROR lists the second record as a child of the first
"Universität zu Köln, Mathematisch-Naturwissenschaftliche Fakultät, Institut für Geophysik und Meteorologie","Schweizerischer Erdbebendienst, ETH Zürich",ror_parent_child,https://ror.org/02xcy2g83,https://ror.org/05a28rw58,ROR facts: first name -> ROR: 'Institute of Geophysics'; second name -> ROR: 'ETH Zurich'; ROR lists the second record as a parent of the first,ROR facts: first name -> ROR: 'ETH Zurich'; second name -> ROR: 'Institute of Geophysics'; ROR lists the second record as a child of the first
Fundação de Apoio à Pesquisa do Estado da Paraíba,National Institute of Nursing Research,random_negative,https://ror.org/021y4b202,https://ror.org/01y3zfr79,ROR facts: first name -> ROR: 'Fundação de Apoio à Pesquisa do Estado da Paraíba'; second name -> ROR: 'National Institute of Nursing Research'; ROR records are different and not directly linked,ROR facts: first name -> ROR: 'National Institute of Nursing Research'; second name -> ROR: 'Fundação de Apoio à Pesquisa do Estado da Paraíba'; ROR records are different and not directly linked
Laboratoire Ligérien de Linguistique,International Union of Crystallography,random_negative,https://ror.org/04s6f1186,https://ror.org/00vdend65,ROR facts: first name -> ROR: 'Laboratoire Ligérien de Linguistique'; second name -> ROR: 'International Union of Crystallography'; ROR records are different and not directly linked,ROR facts: first name -> ROR: 'International Union of Crystallography'; second name -> ROR: 'Laboratoire Ligérien de Linguistique'; ROR records are different and not directly linked
University of Belgrade Computer Centre,"University of Belgrade, Faculty of Veterinary Medicine",same_ror,https://ror.org/02qsmb048,https://ror.org/02qsmb048,ROR facts: first name -> ROR: 'University of Belgrade'; second name -> ROR: 'University of Belgrade'; both names matched the SAME ROR record,ROR facts: first name -> ROR: 'University of Belgrade'; second name -> ROR: 'University of Belgrade'; both names matched the SAME ROR record
"Columbia University,  Lamont-Doherty Earth Observatory",Chinese Academy of Tropical Agricultural Sciences,random_negative,https://ror.org/02e2tgs60,https://ror.org/003qeh975,ROR facts: first name -> ROR: 'Lamont-Doherty Earth Observatory'; second name -> ROR: 'Chinese Academy of Tropical Agricultural Sciences'; ROR records are different and not directly linked,ROR facts: first name -> ROR: 'Chinese Academy of Tropical Agricultural Sciences'; second name -> ROR: 'Lamont-Doherty Earth Observatory'; ROR records are different and not directly linked
"Ministry of Science, Innovation and Universities",ELI ERIC,random_negative,https://ror.org/05r0vyz12,https://ror.org/03ct7hs15,"ROR facts: first name -> ROR: 'Ministerio de Ciencia, Innovación y Universidades'; second name -> ROR: 'Extreme Light Infrastructure ERIC (Czech Republic)'; ROR records are different and not directly linked","ROR facts: first name -> ROR: 'Extreme Light Infrastructure ERIC (Czech Republic)'; second name -> ROR: 'Ministerio de Ciencia, Innovación y Universidades'; ROR records are different and not directly linked"
Collège de France,Natural Resources Institute Finland,random_negative,https://ror.org/04ex24z53,https://ror.org/02hb7bm88,ROR facts: first name -> ROR: 'Collège de France'; second name -> ROR: 'Natural Resources Institute Finland'; ROR records are different and not directly linked,ROR facts: first name -> ROR: 'Natural Resources Institute Finland'; second name -> ROR: 'Collège de France'; ROR records are different and not directly linked
University of Innsbruck,"Universität Innsbruck, Central IT-Services",same_ror,https://ror.org/054pv6659,https://ror.org/054pv6659,ROR facts: first name -> ROR: 'Universität Innsbruck'; second name -> ROR: 'Universität Innsbruck'; both names matched the SAME ROR record,ROR facts: first name -> ROR: 'Universität Innsbruck'; second name -> ROR: 'Universität Innsbruck'; both names matched the SAME ROR record
"National Oceanic and Atmospheric Administration, National Weather Service, Climate Prediction Center","U. S. Department of Commerce, National Oceanic and Atmospheric Administration, Global Monitoring Division, Earth System Research Laboratory",same_ror,https://ror.org/02z5nhe81,https://ror.org/02z5nhe81,ROR facts: first name -> ROR: 'National Oceanic and Atmospheric Administration'; second name -> ROR: 'National Oceanic and Atmospheric Administration'; both names matched the SAME ROR record,ROR facts: first name -> ROR: 'National Oceanic and Atmospheric Administration'; second name -> ROR: 'National Oceanic and Atmospheric Administration'; both names matched the SAME ROR record
"National Oceanic and Atmospheric Administration, National Centers for Environmental Prediction","National Centers for Environmental Information,  National Oceanographic Data Center",ror_parent_child,https://ror.org/02z5nhe81,https://ror.org/04r0wrp59,ROR facts: first name -> ROR: 'National Oceanic and Atmospheric Administration'; second name -> ROR: 'NOAA National Centers for Environmental Information'; ROR lists the second record as a child of the first,ROR facts: first name -> ROR: 'NOAA National Centers for Environmental Information'; second name -> ROR: 'National Oceanic and Atmospheric Administration'; ROR lists the second record as a parent of the first
"University of Cambridge, Cambridge University Library","University of Cambridge, Scott Polar Research Institute, Library",same_ror,https://ror.org/013meh722,https://ror.org/013meh722,ROR facts: first name -> ROR: 'University of Cambridge'; second name -> ROR: 'University of Cambridge'; both names matched the SAME ROR record,ROR facts: first name -> ROR: 'University of Cambridge'; second name -> ROR: 'University of Cambridge'; both names matched the SAME ROR record
GESIS - Leibniz Institute for the Social Sciences,Gesis - Leibniz-Institut für Sozialwissenschaften,same_ror,https://ror.org/018afyw53,https://ror.org/018afyw53,ROR facts: first name -> ROR: 'GESIS - Leibniz Institute for the Social Sciences'; second name -> ROR: 'GESIS - Leibniz Institute for the Social Sciences'; both names matched the SAME ROR record,ROR facts: first name -> ROR: 'GESIS - Leibniz Institute for the Social Sciences'; second name -> ROR: 'GESIS - Leibniz Institute for the Social Sciences'; both names matched the SAME ROR record
"University of Zurich, Institute of Molecular Life Sciences, Baudis Group",Météo-France,random_negative,https://ror.org/04t4pws42,https://ror.org/0233st365,ROR facts: first name -> ROR: 'Institute of Molecular Life Sciences'; second name -> ROR: 'Météo-France'; ROR records are different and not directly linked,ROR facts: first name -> ROR: 'Météo-France'; second name -> ROR: 'Institute of Molecular Life Sciences'; ROR records are different and not directly linked
City of Calgary,The Kyoto University Museum,random_negative,https://ror.org/02sgaqm31,https://ror.org/05gwbwn20,"ROR facts: first name -> ROR: 'City of Calgary'; second name -> ROR: 'The Kyoto University Museum, Kyoto University'; ROR records are different and not directly linked","ROR facts: first name -> ROR: 'The Kyoto University Museum, Kyoto University'; second name -> ROR: 'City of Calgary'; ROR records are different and not directly linked"
"National Aeronautics and Space Administration, Crustal Dynamics Data Information System","National Aeronautics and Space Administration, Smithsonian Astrophysical Observatory, Chandra X-Ray Observatory",same_ror,https://ror.org/027ka1x80,https://ror.org/027ka1x80,ROR facts: first name -> ROR: 'National Aeronautics and Space Administration'; second name -> ROR: 'National Aeronautics and Space Administration'; both names matched the SAME ROR record,ROR facts: first name -> ROR: 'National Aeronautics and Space Administration'; second name -> ROR: 'National Aeronautics and Space Administration'; both names matched the SAME ROR record
"National Oceanic and Atmospheric Administration, National Environmental Satellite, Data, and Information Service, National Geophysical Data Center","National Oceanic and Atmospheric Administration, National Centers for Environmental Information",ror_parent_child,https://ror.org/007qwym43,https://ror.org/04r0wrp59,ROR facts: first name -> ROR: 'NOAA National Environmental Satellite Data and Information Service'; second name -> ROR: 'NOAA National Centers for Environmental Information'; ROR lists the second record as a child of the first,ROR facts: first name -> ROR: 'NOAA National Centers for Environmental Information'; second name -> ROR: 'NOAA National Environmental Satellite Data and Information Service'; ROR lists the second record as a parent of the first
UC San Diego,"University of California, San Diego",same_ror,https://ror.org/0168r3w48,https://ror.org/0168r3w48,ROR facts: first name -> ROR: 'University of California San Diego'; second name -> ROR: 'University of California San Diego'; both names matched the SAME ROR record,ROR facts: first name -> ROR: 'University of California San Diego'; second name -> ROR: 'University of California San Diego'; both names matched the SAME ROR record
"University of British Columbia, Department of Microbiology and Immunology, R.E. W. Hancock Laboratory","University of British Columbia, Library",same_ror,https://ror.org/03rmrcq20,https://ror.org/03rmrcq20,ROR facts: first name -> ROR: 'University of British Columbia'; second name -> ROR: 'University of British Columbia'; both names matched the SAME ROR record,ROR facts: first name -> ROR: 'University of British Columbia'; second name -> ROR: 'University of British Columbia'; both names matched the SAME ROR record
"U.S Department of Commerce, National Oceanic and Atmospheric Administration, National Weather Service","The National Oceanic and Atmospheric Administration, National Centers for Environmental Information",ror_parent_child,https://ror.org/02z5nhe81,https://ror.org/04r0wrp59,ROR facts: first name -> ROR: 'National Oceanic and Atmospheric Administration'; second name -> ROR: 'NOAA National Centers for Environmental Information'; ROR lists the second record as a child of the first,ROR facts: first name -> ROR: 'NOAA National Centers for Environmental Information'; second name -> ROR: 'National Oceanic and Atmospheric Administration'; ROR lists the second record as a parent of the first
Uppsala University,Institut für Sozialwissenschaftliche Forschung,random_negative,https://ror.org/048a87296,https://ror.org/0120amd78,ROR facts: first name -> ROR: 'Uppsala University'; second name -> ROR: 'Institut für Sozialwissenschaftliche Forschung'; ROR records are different and not directly linked,ROR facts: first name -> ROR: 'Institut für Sozialwissenschaftliche Forschung'; second name -> ROR: 'Uppsala University'; ROR records are different and not directly linked
"University of California, San Diego, San Diego Supercomputer Center, Metabolomics Program's Data Repository and Coordinating Center","University of California San Diego,  Swartz Center for Computational Neuroscience",ror_parent_child,https://ror.org/0168r3w48,https://ror.org/01bt2qm76,ROR facts: first name -> ROR: 'University of California San Diego'; second name -> ROR: 'Swartz Center for Computational Neuroscience'; ROR lists the second record as a child of the first,ROR facts: first name -> ROR: 'Swartz Center for Computational Neuroscience'; second name -> ROR: 'University of California San Diego'; ROR lists the second record as a parent of the first
"Centre National de la recherche scientifique, Institut national des sciences de l'univers","Centre de Données Astronomiques de Strasbourg, Observatoire astronomique de Strasbourg",ror_parent_child,https://ror.org/04kdfz702,https://ror.org/04xsj2p07,"ROR facts: first name -> ROR: ""Institut National des Sciences de l'Univers""; second name -> ROR: 'Observatoire astronomique de Strasbourg'; ROR lists the second record as a child of the first","ROR facts: first name -> ROR: 'Observatoire astronomique de Strasbourg'; second name -> ROR: ""Institut National des Sciences de l'Univers""; ROR lists the second record as a parent of the first"
"University of Copenhagen, The Novo Nordisk Foundation, Center for Protein Research",Natural History Museum of Denmark,ror_parent_child,https://ror.org/035b05819,https://ror.org/040ck2b86,ROR facts: first name -> ROR: 'University of Copenhagen'; second name -> ROR: 'Natural History Museum of Denmark'; ROR lists the second record as a child of the first,ROR facts: first name -> ROR: 'Natural History Museum of Denmark'; second name -> ROR: 'University of Copenhagen'; ROR lists the second record as a parent of the first
Institut National d'Études Démographiques,California Institute of Technology,random_negative,https://ror.org/02cnsac56,https://ror.org/05dxps055,"ROR facts: first name -> ROR: ""Institut national d'études démographiques""; second name -> ROR: 'California Institute of Technology'; ROR records are different and not directly linked","ROR facts: first name -> ROR: 'California Institute of Technology'; second name -> ROR: ""Institut national d'études démographiques""; ROR records are different and not directly linked"
University Corporation for Atmosheric Research,"University Corporation for Atmospheric Research - National Center for Atmospheric Research, Climate and Global Dynamics Laboratory",same_ror,https://ror.org/04zhhyn23,https://ror.org/04zhhyn23,ROR facts: first name -> ROR: 'University Corporation for Atmospheric Research'; second name -> ROR: 'University Corporation for Atmospheric Research'; both names matched the SAME ROR record,ROR facts: first name -> ROR: 'University Corporation for Atmospheric Research'; second name -> ROR: 'University Corporation for Atmospheric Research'; both names matched the SAME ROR record
"University of Toronto, Bader Lab","University of Toronto, Donnelly Centre for Cellular and Biomolecular Research",same_ror,https://ror.org/03dbr7087,https://ror.org/03dbr7087,ROR facts: first name -> ROR: 'University of Toronto'; second name -> ROR: 'University of Toronto'; both names matched the SAME ROR record,ROR facts: first name -> ROR: 'University of Toronto'; second name -> ROR: 'University of Toronto'; both names matched the SAME ROR record
SickKids,"Universität Bielefeld, Sonderforschungsbereich 882 ""Von Heterogenitäten zu Ungleichheiten""",random_negative,https://ror.org/057q4rt57,https://ror.org/02hpadn98,ROR facts: first name -> ROR: 'Hospital for Sick Children'; second name -> ROR: 'Bielefeld University'; ROR records are different and not directly linked,ROR facts: first name -> ROR: 'Bielefeld University'; second name -> ROR: 'Hospital for Sick Children'; ROR records are different and not directly linked
Jet Propulsions Laboratory,"National Aeronautics and Space Administration, Smithsonian Astrophysical Observatory, Chandra X-Ray Observatory",ror_parent_child,https://ror.org/027k65916,https://ror.org/027ka1x80,ROR facts: first name -> ROR: 'Jet Propulsion Laboratory'; second name -> ROR: 'National Aeronautics and Space Administration'; ROR lists the second record as a parent of the first,ROR facts: first name -> ROR: 'National Aeronautics and Space Administration'; second name -> ROR: 'Jet Propulsion Laboratory'; ROR lists the second record as a child of the first
UK Centre for Ecology & Hydrology,"Université de Strasbourg, Centre National de la Recherche Scientifique, Strasbourg Observatory",random_negative,https://ror.org/00pggkr55,https://ror.org/02feahw73,ROR facts: first name -> ROR: 'UK Centre for Ecology & Hydrology'; second name -> ROR: 'Centre National de la Recherche Scientifique'; ROR records are different and not directly linked,ROR facts: first name -> ROR: 'Centre National de la Recherche Scientifique'; second name -> ROR: 'UK Centre for Ecology & Hydrology'; ROR records are different and not directly linked
"National Oceanic and Atmospheric Administration, National Centers for Environmental Prediction","U. S. Department of Commerce, National Oceanic and Atmospheric Administration, Global Monitoring Division, Earth System Research Laboratory",same_ror,https://ror.org/02z5nhe81,https://ror.org/02z5nhe81,ROR facts: first name -> ROR: 'National Oceanic and Atmospheric Administration'; second name -> ROR: 'National Oceanic and Atmospheric Administration'; both names matched the SAME ROR record,ROR facts: first name -> ROR: 'National Oceanic and Atmospheric Administration'; second name -> ROR: 'National Oceanic and Atmospheric Administration'; both names matched the SAME ROR record
"Temple University, Department of Biology, Center for Computational Genetics and Genomics","University of Miami, Miller School of Medicine Department of Biochemistry and Molecular Biology",random_negative,https://ror.org/00kx1jb78,https://ror.org/02dgjyy92,ROR facts: first name -> ROR: 'Temple University'; second name -> ROR: 'University of Miami'; ROR records are different and not directly linked,ROR facts: first name -> ROR: 'University of Miami'; second name -> ROR: 'Temple University'; ROR records are different and not directly linked
"Case Western Reserve University, Kelvin Smith Library",SRI International,random_negative,https://ror.org/051fd9666,https://ror.org/05s570m15,ROR facts: first name -> ROR: 'Case Western Reserve University'; second name -> ROR: 'SRI International'; ROR records are different and not directly linked,ROR facts: first name -> ROR: 'SRI International'; second name -> ROR: 'Case Western Reserve University'; ROR records are different and not directly linked
University of Alberta Libraries,"University of Alberta, Departments of Computing Science and Biological Sciences, Wishart Research Group",same_ror,https://ror.org/0160cpw27,https://ror.org/0160cpw27,ROR facts: first name -> ROR: 'University of Alberta'; second name -> ROR: 'University of Alberta'; both names matched the SAME ROR record,ROR facts: first name -> ROR: 'University of Alberta'; second name -> ROR: 'University of Alberta'; both names matched the SAME ROR record
NASA's Jet Propulsion Laboratory,"National Aeronautics and Space Administration, Land Processes Distributed Active Archive Center",ror_parent_child,https://ror.org/027k65916,https://ror.org/027ka1x80,ROR facts: first name -> ROR: 'Jet Propulsion Laboratory'; second name -> ROR: 'National Aeronautics and Space Administration'; ROR lists the second record as a parent of the first,ROR facts: first name -> ROR: 'National Aeronautics and Space Administration'; second name -> ROR: 'Jet Propulsion Laboratory'; ROR lists the second record as a child of the first
Canadian Integrated Ocean Observing System,Tigray Health Research Institute,random_negative,https://ror.org/0390v9245,https://ror.org/00e798h81,ROR facts: first name -> ROR: 'Canadian Integrated Ocean Observing System'; second name -> ROR: 'Tigray Health Research Institute THRI'; ROR records are different and not directly linked,ROR facts: first name -> ROR: 'Tigray Health Research Institute THRI'; second name -> ROR: 'Canadian Integrated Ocean Observing System'; ROR records are different and not directly linked
European Synchrotron Radiation Facility,"NASA,  Goddard Space Flight Center, Wallops Flight Facility",random_negative,https://ror.org/02550n020,https://ror.org/00r57r863,ROR facts: first name -> ROR: 'European Synchrotron Radiation Facility'; second name -> ROR: 'Wallops Flight Facility'; ROR records are different and not directly linked,ROR facts: first name -> ROR: 'Wallops Flight Facility'; second name -> ROR: 'European Synchrotron Radiation Facility'; ROR records are different and not directly linked
"Canadian Epigenetics, Environment and Health Research Consortium","Canadian Institutes of Health Research, The Canadian Epigenetics, Environment and Health Research Consortium",same_ror,https://ror.org/027svba45,https://ror.org/027svba45,"ROR facts: first name -> ROR: 'CONSORCIO DE INVESTIGACIÓN SOBRE VIH SIDA TB CISIDAT, A.C.'; second name -> ROR: 'CONSORCIO DE INVESTIGACIÓN SOBRE VIH SIDA TB CISIDAT, A.C.'; both names matched the SAME ROR record","ROR facts: first name -> ROR: 'CONSORCIO DE INVESTIGACIÓN SOBRE VIH SIDA TB CISIDAT, A.C.'; second name -> ROR: 'CONSORCIO DE INVESTIGACIÓN SOBRE VIH SIDA TB CISIDAT, A.C.'; both names matched the SAME ROR record"
"National Institute for Health Research, School for Primary Care Research",German Cancer Research Center,random_negative,https://ror.org/0187kwz08,https://ror.org/04cdgtt98,ROR facts: first name -> ROR: 'National Institute for Health and Care Research'; second name -> ROR: 'German Cancer Research Center'; ROR records are different and not directly linked,ROR facts: first name -> ROR: 'German Cancer Research Center'; second name -> ROR: 'National Institute for Health and Care Research'; ROR records are different and not directly linked
"Infrared Processing and Analysis Center, Science and Data Center for Infrared Astronomy",NASA's Infrared Processing and Analysis Centre,same_ror,https://ror.org/05q79g396,https://ror.org/05q79g396,ROR facts: first name -> ROR: 'Infrared Processing and Analysis Center'; second name -> ROR: 'Infrared Processing and Analysis Center'; both names matched the SAME ROR record,ROR facts: first name -> ROR: 'Infrared Processing and Analysis Center'; second name -> ROR: 'Infrared Processing and Analysis Center'; both names matched the SAME ROR record
"National Aeronautics and Space Administration, Goddard Earth Sciences Data and Information Services Center",NASA Langley Research Center,ror_parent_child,https://ror.org/027ka1x80,https://ror.org/0399mhs52,ROR facts: first name -> ROR: 'National Aeronautics and Space Administration'; second name -> ROR: 'Langley Research Center'; ROR lists the second record as a child of the first,ROR facts: first name -> ROR: 'Langley Research Center'; second name -> ROR: 'National Aeronautics and Space Administration'; ROR lists the second record as a parent of the first
"European Comission, Horizon 2020","European Commission, HORIZON 2020",same_ror,https://ror.org/00k4n6c32,https://ror.org/00k4n6c32,ROR facts: first name -> ROR: 'European Commission'; second name -> ROR: 'European Commission'; both names matched the SAME ROR record,ROR facts: first name -> ROR: 'European Commission'; second name -> ROR: 'European Commission'; both names matched the SAME ROR record
National Oceanic and Atmospheric Administration's National Ocean Service,"U.S. Department of Commerce, U.S. Census Bureau",ror_parent_child,https://ror.org/02z5nhe81,https://ror.org/04chq2495,ROR facts: first name -> ROR: 'National Oceanic and Atmospheric Administration'; second name -> ROR: 'United States Department of Commerce'; ROR lists the second record as a parent of the first,ROR facts: first name -> ROR: 'United States Department of Commerce'; second name -> ROR: 'National Oceanic and Atmospheric Administration'; ROR lists the second record as a child of the first
Le Centre national de la recherche scientifique,"Université Pierre et Marie Curie, Institut Pierre Simon Laplace, Laboratoire d'Océanographie et du Climat: Expérimentations et Approches Numériques",ror_parent_child,https://ror.org/02feahw73,https://ror.org/05j3atf73,"ROR facts: first name -> ROR: 'Centre National de la Recherche Scientifique'; second name -> ROR: ""Laboratoire d'Océanographie et du Climat : Expérimentations et Approches Numériques""; ROR lists the second record as a child of the first","ROR facts: first name -> ROR: ""Laboratoire d'Océanographie et du Climat : Expérimentations et Approches Numériques""; second name -> ROR: 'Centre National de la Recherche Scientifique'; ROR lists the second record as a parent of the first"
Government of Newfoundland and Labrador,Radiological Society of North America,random_negative,https://ror.org/01jet5b79,https://ror.org/00rj4x019,ROR facts: first name -> ROR: 'Government of Newfoundland and Labrador'; second name -> ROR: 'Radiological Society of North America'; ROR records are different and not directly linked,ROR facts: first name -> ROR: 'Radiological Society of North America'; second name -> ROR: 'Government of Newfoundland and Labrador'; ROR records are different and not directly linked
"University of Colorado Boulder, Laboratory for Atmospheric and Space Physics, Extreme Ultraviolet Variability Experiment",Ashoka University,random_negative,https://ror.org/01fcjzv38,https://ror.org/02j1xr113,ROR facts: first name -> ROR: 'Laboratory for Atmospheric and Space Physics'; second name -> ROR: 'Ashoka University'; ROR records are different and not directly linked,ROR facts: first name -> ROR: 'Ashoka University'; second name -> ROR: 'Laboratory for Atmospheric and Space Physics'; ROR records are different and not directly linked
"National & Kapodistrian University of Athens, Department of Political Science  and Public Administration","National and Kapodistrian University of Athens, School of Sciences, Department of Geology and Geoenvironment",same_ror,https://ror.org/04gnjpq42,https://ror.org/04gnjpq42,ROR facts: first name -> ROR: 'National and Kapodistrian University of Athens'; second name -> ROR: 'National and Kapodistrian University of Athens'; both names matched the SAME ROR record,ROR facts: first name -> ROR: 'National and Kapodistrian University of Athens'; second name -> ROR: 'National and Kapodistrian University of Athens'; both names matched the SAME ROR record
"European Commission, Research and Innovation","UK Search and Innovation, Biotechnology and Biological Sciences Research Council",ror_parent_child,https://ror.org/001aqnf71,https://ror.org/00cwqg982,ROR facts: first name -> ROR: 'UK Research and Innovation'; second name -> ROR: 'Biotechnology and Biological Sciences Research Council'; ROR lists the second record as a child of the first,ROR facts: first name -> ROR: 'Biotechnology and Biological Sciences Research Council'; second name -> ROR: 'UK Research and Innovation'; ROR lists the second record as a parent of the first
National University of Singapore,National University of Singapore Libraries,same_ror,https://ror.org/01tgyzw49,https://ror.org/01tgyzw49,ROR facts: first name -> ROR: 'National University of Singapore'; second name -> ROR: 'National University of Singapore'; both names matched the SAME ROR record,ROR facts: first name -> ROR: 'National University of Singapore'; second name -> ROR: 'National University of Singapore'; both names matched the SAME ROR record
European Commission Seventh Framework Programme,"European Commission, Research & Innovation, Seventh Framework Programm, FP7",same_ror,https://ror.org/00k4n6c32,https://ror.org/00k4n6c32,ROR facts: first name -> ROR: 'European Commission'; second name -> ROR: 'European Commission'; both names matched the SAME ROR record,ROR facts: first name -> ROR: 'European Commission'; second name -> ROR: 'European Commission'; both names matched the SAME ROR record
"United States Department of Agriculture, Foreign Agricultural Service","United States Department of Agriculture, National Agricultural Statistics Service",ror_parent_child,https://ror.org/01na82s61,https://ror.org/04dpymk59,ROR facts: first name -> ROR: 'United States Department of Agriculture'; second name -> ROR: 'National Agricultural Statistics Service'; ROR lists the second record as a child of the first,ROR facts: first name -> ROR: 'National Agricultural Statistics Service'; second name -> ROR: 'United States Department of Agriculture'; ROR lists the second record as a parent of the first
"U.S. Department of Energy, Office of Science","U.S. Department of Energy, Microbial Genome Program",ror_parent_child,https://ror.org/00mmn6b08,https://ror.org/01bj3aw27,ROR facts: first name -> ROR: 'Office of Science'; second name -> ROR: 'United States Department of Energy'; ROR lists the second record as a parent of the first,ROR facts: first name -> ROR: 'United States Department of Energy'; second name -> ROR: 'Office of Science'; ROR lists the second record as a child of the first
"United States Department of Agriculture,  Forest Service",United States Department of Agriculture - Agricultural Research Service,ror_parent_child,https://ror.org/01na82s61,https://ror.org/02d2m2044,ROR facts: first name -> ROR: 'United States Department of Agriculture'; second name -> ROR: 'Agricultural Research Service'; ROR lists the second record as a child of the first,ROR facts: first name -> ROR: 'Agricultural Research Service'; second name -> ROR: 'United States Department of Agriculture'; ROR lists the second record as a parent of the first
The CLARIN Centre at the University of Copenhagen,"University of Copenhagen, Department of Biology, The Bioinformatics Centre",same_ror,https://ror.org/035b05819,https://ror.org/035b05819,ROR facts: first name -> ROR: 'University of Copenhagen'; second name -> ROR: 'University of Copenhagen'; both names matched the SAME ROR record,ROR facts: first name -> ROR: 'University of Copenhagen'; second name -> ROR: 'University of Copenhagen'; both names matched the SAME ROR record
"National Aeronautics and Space Administration, Socioeconomic Data and Applications Center","National Aeronautics and Space Administration, Goddard Space Flight Center, Ocean Biology Distributed Active Archive Center",ror_parent_child,https://ror.org/027ka1x80,https://ror.org/037ch5s45,ROR facts: first name -> ROR: 'National Aeronautics and Space Administration'; second name -> ROR: 'NASA Ocean Biology Processing Group'; ROR lists the second record as a child of the first,ROR facts: first name -> ROR: 'NASA Ocean Biology Processing Group'; second name -> ROR: 'National Aeronautics and Space Administration'; ROR lists the second record as a parent of the first
University of Neuchâtel,The FAIRsharing Team,random_negative,https://ror.org/00vasag41,https://ror.org/01zbzxe52,ROR facts: first name -> ROR: 'University of Neuchâtel'; second name -> ROR: 'Royal South Hants Hospital'; ROR records are different and not directly linked,ROR facts: first name -> ROR: 'Royal South Hants Hospital'; second name -> ROR: 'University of Neuchâtel'; ROR records are different and not directly linked
Lancaster University,IMDEA Nanoscience,random_negative,https://ror.org/04f2nsd36,https://ror.org/02skytd81,ROR facts: first name -> ROR: 'Lancaster University'; second name -> ROR: 'IMDEA Nanoscience'; ROR records are different and not directly linked,ROR facts: first name -> ROR: 'IMDEA Nanoscience'; second name -> ROR: 'Lancaster University'; ROR records are different and not directly linked
KU Leuven,"Katholieke Universiteit Leuven, Declaratieve Talen en Artificiele Intelligentie",same_ror,https://ror.org/05f950310,https://ror.org/05f950310,ROR facts: first name -> ROR: 'KU Leuven'; second name -> ROR: 'KU Leuven'; both names matched the SAME ROR record,ROR facts: first name -> ROR: 'KU Leuven'; second name -> ROR: 'KU Leuven'; both names matched the SAME ROR record
"UKRI, Daresbury Laboratory",The Cyprus Institute,random_negative,https://ror.org/0089bg420,https://ror.org/01q8k8p90,ROR facts: first name -> ROR: 'Daresbury Laboratory'; second name -> ROR: 'Cyprus Institute'; ROR records are different and not directly linked,ROR facts: first name -> ROR: 'Cyprus Institute'; second name -> ROR: 'Daresbury Laboratory'; ROR records are different and not directly linked
"U.S. Department of Health and Human Services, National Institutes of Health, National Institute on Drug Abuse","U.S. Department of Health and Human Services, Office of Head Start",same_ror,https://ror.org/033jnv181,https://ror.org/033jnv181,ROR facts: first name -> ROR: 'United States Department of Health and Human Services'; second name -> ROR: 'United States Department of Health and Human Services'; both names matched the SAME ROR record,ROR facts: first name -> ROR: 'United States Department of Health and Human Services'; second name -> ROR: 'United States Department of Health and Human Services'; both names matched the SAME ROR record
"European Commission, BacHBERRY Seventh Framework Programme - FP7","European Commission, Seventh Framework Programme",same_ror,https://ror.org/00k4n6c32,https://ror.org/00k4n6c32,ROR facts: first name -> ROR: 'European Commission'; second name -> ROR: 'European Commission'; both names matched the SAME ROR record,ROR facts: first name -> ROR: 'European Commission'; second name -> ROR: 'European Commission'; both names matched the SAME ROR record
"European Commission, Research & Innovation, 6th Framework Programme","European Commission, Research & Innovation, Seventh Framework Programm - FP7",same_ror,https://ror.org/00k4n6c32,https://ror.org/00k4n6c32,ROR facts: first name -> ROR: 'European Commission'; second name -> ROR: 'European Commission'; both names matched the SAME ROR record,ROR facts: first name -> ROR: 'European Commission'; second name -> ROR: 'European Commission'; both names matched the SAME ROR record
"Natural Environment Research Council, Environmental Bioinformatics Centre",British Oceanographic Data Centre,ror_parent_child,https://ror.org/02b5d8509,https://ror.org/03102fn17,ROR facts: first name -> ROR: 'Natural Environment Research Council'; second name -> ROR: 'British Oceanographic Data Centre'; ROR lists the second record as a child of the first,ROR facts: first name -> ROR: 'British Oceanographic Data Centre'; second name -> ROR: 'Natural Environment Research Council'; ROR lists the second record as a parent of the first
Observatoire des Sciences de l'Univers Nantes Atlantique,Université de Nantes,ror_parent_child,https://ror.org/02w0vb190,https://ror.org/03gnr7b55,"ROR facts: first name -> ROR: ""Observatoire des Sciences de l'Univers Nantes Atlantique""; second name -> ROR: 'Nantes Université'; ROR lists the second record as a parent of the first","ROR facts: first name -> ROR: 'Nantes Université'; second name -> ROR: ""Observatoire des Sciences de l'Univers Nantes Atlantique""; ROR lists the second record as a child of the first"
"National Aeronautics and Space Administration, Ocean Biology Processing Group","National Aeronautics and Space Administration, Langley Research Center",ror_parent_child,https://ror.org/027ka1x80,https://ror.org/0399mhs52,ROR facts: first name -> ROR: 'National Aeronautics and Space Administration'; second name -> ROR: 'Langley Research Center'; ROR lists the second record as a child of the first,ROR facts: first name -> ROR: 'Langley Research Center'; second name -> ROR: 'National Aeronautics and Space Administration'; ROR lists the second record as a parent of the first
Saints Cyril and Methodius University of Skopje,"Radboud University, Donders Institute for Brain, Cognition and Behaviour",random_negative,https://ror.org/02wk2vx54,https://ror.org/053sba816,"ROR facts: first name -> ROR: 'Ss. Cyril and Methodius University in Skopje'; second name -> ROR: 'Donders Institute for Brain, Cognition and Behaviour'; ROR records are different and not directly linked","ROR facts: first name -> ROR: 'Donders Institute for Brain, Cognition and Behaviour'; second name -> ROR: 'Ss. Cyril and Methodius University in Skopje'; ROR records are different and not directly linked"
"International Space Science Institute, Polar Stratospheric Cloud Initiative",Oak Ridge Leadership Computing Facility,random_negative,https://ror.org/01xm30661,https://ror.org/05p915b28,ROR facts: first name -> ROR: 'International Space Science Institute'; second name -> ROR: 'Oak Ridge Leadership Computing Facility'; ROR records are different and not directly linked,ROR facts: first name -> ROR: 'Oak Ridge Leadership Computing Facility'; second name -> ROR: 'International Space Science Institute'; ROR records are different and not directly linked
"Ministry of Digital Affairs, Digital Poland Project Centre",Leiden University Medical Center,random_negative,https://ror.org/03q81ka58,https://ror.org/05xvt9f17,ROR facts: first name -> ROR: 'Ministerstwo Cyfryzacji'; second name -> ROR: 'Leiden University Medical Center'; ROR records are different and not directly linked,ROR facts: first name -> ROR: 'Leiden University Medical Center'; second name -> ROR: 'Ministerstwo Cyfryzacji'; ROR records are different and not directly linked
Institute of Sciences of Food Production,wellcome trust,random_negative,https://ror.org/03x7xkr71,https://ror.org/029chgv08,ROR facts: first name -> ROR: 'Institute of Sciences of Food Production'; second name -> ROR: 'Wellcome Trust'; ROR records are different and not directly linked,ROR facts: first name -> ROR: 'Wellcome Trust'; second name -> ROR: 'Institute of Sciences of Food Production'; ROR records are different and not directly linked
Goddard Space Flight Center,"National Aeronautics and Space Administration,  High Energy Astrophysics Science Archive Research Center",ror_parent_child,https://ror.org/0171mag52,https://ror.org/05g4cxq12,ROR facts: first name -> ROR: 'Goddard Space Flight Center'; second name -> ROR: 'High Energy Astrophysics Science Archive Research Center'; ROR lists the second record as a child of the first,ROR facts: first name -> ROR: 'High Energy Astrophysics Science Archive Research Center'; second name -> ROR: 'Goddard Space Flight Center'; ROR lists the second record as a parent of the first
RMIT University,"NSW Government, Department of Communities and Justice",random_negative,https://ror.org/04ttjf776,https://ror.org/05dmpdy49,ROR facts: first name -> ROR: 'RMIT University'; second name -> ROR: 'NSW Department of Communities and Justice'; ROR records are different and not directly linked,ROR facts: first name -> ROR: 'NSW Department of Communities and Justice'; second name -> ROR: 'RMIT University'; ROR records are different and not directly linked
"Freie Universität Berlin, Fachbereich Geowissenschaften, Institut für Geologische Wissenschaften","Freie Universität Berlin, Institut für Prähistorische Archäologie, Emmy-Noether-Nachwuchsgruppe LiVES",same_ror,https://ror.org/046ak2485,https://ror.org/046ak2485,ROR facts: first name -> ROR: 'Freie Universität Berlin'; second name -> ROR: 'Freie Universität Berlin'; both names matched the SAME ROR record,ROR facts: first name -> ROR: 'Freie Universität Berlin'; second name -> ROR: 'Freie Universität Berlin'; both names matched the SAME ROR record
Genome Quebec,"Universität Trier, Lehrstuhl für Kunstgeschichte",random_negative,https://ror.org/00xhtr962,https://ror.org/02778hg05,ROR facts: first name -> ROR: 'Génome Québec'; second name -> ROR: 'Universität Trier'; ROR records are different and not directly linked,ROR facts: first name -> ROR: 'Universität Trier'; second name -> ROR: 'Génome Québec'; ROR records are different and not directly linked
Leibniz-Gemeinschaft,Leibniz Centre for Agricultural Landscape Research,ror_parent_child,https://ror.org/01n6r0e97,https://ror.org/01ygyzs83,ROR facts: first name -> ROR: 'Leibniz Association'; second name -> ROR: 'Leibniz Centre for Agricultural Landscape Research'; ROR lists the second record as a child of the first,ROR facts: first name -> ROR: 'Leibniz Centre for Agricultural Landscape Research'; second name -> ROR: 'Leibniz Association'; ROR lists the second record as a parent of the first
Singapore Management University,Gdańsk Medical University,random_negative,https://ror.org/050qmg959,https://ror.org/019sbgd69,ROR facts: first name -> ROR: 'Singapore Management University'; second name -> ROR: 'Gdańsk Medical University'; ROR records are different and not directly linked,ROR facts: first name -> ROR: 'Gdańsk Medical University'; second name -> ROR: 'Singapore Management University'; ROR records are different and not directly linked
"University of Wisconsin-Madison, Data and Information Services Center","University of Wisconsin-Madison, Social Science Computing Cooperative",same_ror,https://ror.org/01y2jtd41,https://ror.org/01y2jtd41,ROR facts: first name -> ROR: 'University of Wisconsin–Madison'; second name -> ROR: 'University of Wisconsin–Madison'; both names matched the SAME ROR record,ROR facts: first name -> ROR: 'University of Wisconsin–Madison'; second name -> ROR: 'University of Wisconsin–Madison'; both names matched the SAME ROR record
Institut de Physique du Globe de Paris,Centre National de la Recherche Scientifique,ror_parent_child,https://ror.org/004gzqz66,https://ror.org/02feahw73,ROR facts: first name -> ROR: 'Institut de physique du globe de Paris'; second name -> ROR: 'Centre National de la Recherche Scientifique'; ROR lists the second record as a parent of the first,ROR facts: first name -> ROR: 'Centre National de la Recherche Scientifique'; second name -> ROR: 'Institut de physique du globe de Paris'; ROR lists the second record as a child of the first
"U.S. Department of Health & Human Services, National Institutes of Health, National Cancer Institute","U.S. Department of Health and Human Services, National Institutes of Health, National Cancer Institute",same_ror,https://ror.org/033jnv181,https://ror.org/033jnv181,ROR facts: first name -> ROR: 'United States Department of Health and Human Services'; second name -> ROR: 'United States Department of Health and Human Services'; both names matched the SAME ROR record,ROR facts: first name -> ROR: 'United States Department of Health and Human Services'; second name -> ROR: 'United States Department of Health and Human Services'; both names matched the SAME ROR record
Group of Eight Australia,Staatsbibliothek zu Berlin - Preußischer Kulturbesitz,random_negative,https://ror.org/00j8gx359,https://ror.org/02ysgg478,ROR facts: first name -> ROR: 'Group of Eight'; second name -> ROR: 'Staatsbibliothek zu Berlin'; ROR records are different and not directly linked,ROR facts: first name -> ROR: 'Staatsbibliothek zu Berlin'; second name -> ROR: 'Group of Eight'; ROR records are different and not directly linked
Hochschule Esslingen,"United States Department of Agriculture, Agricultural Research Services",random_negative,https://ror.org/056cezx90,https://ror.org/01na82s61,ROR facts: first name -> ROR: 'Esslingen University of Applied Sciences'; second name -> ROR: 'United States Department of Agriculture'; ROR records are different and not directly linked,ROR facts: first name -> ROR: 'United States Department of Agriculture'; second name -> ROR: 'Esslingen University of Applied Sciences'; ROR records are different and not directly linked
"Science & Technology Facilities Council, Scientific Computing Department",Science and Technology Facilities Council,same_ror,https://ror.org/057g20z61,https://ror.org/057g20z61,ROR facts: first name -> ROR: 'Science and Technology Facilities Council'; second name -> ROR: 'Science and Technology Facilities Council'; both names matched the SAME ROR record,ROR facts: first name -> ROR: 'Science and Technology Facilities Council'; second name -> ROR: 'Science and Technology Facilities Council'; both names matched the SAME ROR record
"NASA's Goddard Space Flight Center,Sciences and Exploration Directorate, Heliospheric Physics Laboratory","National Aeronautics and Space Administration, Goddard Space Flight Center, Sciences and Exploration Directorate, Heliospheric Physics Laboratory",ror_parent_child,https://ror.org/0171mag52,https://ror.org/027ka1x80,ROR facts: first name -> ROR: 'Goddard Space Flight Center'; second name -> ROR: 'National Aeronautics and Space Administration'; ROR lists the second record as a parent of the first,ROR facts: first name -> ROR: 'National Aeronautics and Space Administration'; second name -> ROR: 'Goddard Space Flight Center'; ROR lists the second record as a child of the first
Institut de Physique du Globe de Paris,"Université de Strasbourg, Centre National de la Recherche Scientifique, Strasbourg Observatory",ror_parent_child,https://ror.org/004gzqz66,https://ror.org/02feahw73,ROR facts: first name -> ROR: 'Institut de physique du globe de Paris'; second name -> ROR: 'Centre National de la Recherche Scientifique'; ROR lists the second record as a parent of the first,ROR facts: first name -> ROR: 'Centre National de la Recherche Scientifique'; second name -> ROR: 'Institut de physique du globe de Paris'; ROR lists the second record as a child of the first
"Beijing Institute of Genomics, Chinese Academy of Sciences, China National Center for BioInformation, National Genomics Data Center","Chinese Academy of Sciences, Qinghai Salt Lake Research Institute",same_ror,https://ror.org/034t30j35,https://ror.org/034t30j35,ROR facts: first name -> ROR: 'Chinese Academy of Sciences'; second name -> ROR: 'Chinese Academy of Sciences'; both names matched the SAME ROR record,ROR facts: first name -> ROR: 'Chinese Academy of Sciences'; second name -> ROR: 'Chinese Academy of Sciences'; both names matched the SAME ROR record
"National Oceanic and Atmospheric Administration, Office of Oceanic and Atmospheric Research, Atlantic Oceanographic & Meteorological Laboratory","National Oceanographic and Atmospheric Administration, Atlantic Oceanographic and Meterological Laboratory",same_ror,https://ror.org/042r9xb17,https://ror.org/042r9xb17,ROR facts: first name -> ROR: 'NOAA Atlantic Oceanographic and Meteorological Laboratories'; second name -> ROR: 'NOAA Atlantic Oceanographic and Meteorological Laboratories'; both names matched the SAME ROR record,ROR facts: first name -> ROR: 'NOAA Atlantic Oceanographic and Meteorological Laboratories'; second name -> ROR: 'NOAA Atlantic Oceanographic and Meteorological Laboratories'; both names matched the SAME ROR record
Council of Scientific and Industrial Research,"National Chemical Laboratory, Digital Information Resource Center",ror_parent_child,https://ror.org/021wm7p51,https://ror.org/057mn3690,ROR facts: first name -> ROR: 'Council of Scientific and Industrial Research'; second name -> ROR: 'National Chemical Laboratory'; ROR lists the second record as a child of the first,ROR facts: first name -> ROR: 'National Chemical Laboratory'; second name -> ROR: 'Council of Scientific and Industrial Research'; ROR lists the second record as a parent of the first
Centre for Ecology and Hydrology,International Neuroinformatics Coordinating Facility,random_negative,https://ror.org/00pggkr55,https://ror.org/02y5xjh56,ROR facts: first name -> ROR: 'UK Centre for Ecology & Hydrology'; second name -> ROR: 'International Neuroinformatics Coordinating Facility'; ROR records are different and not directly linked,ROR facts: first name -> ROR: 'International Neuroinformatics Coordinating Facility'; second name -> ROR: 'UK Centre for Ecology & Hydrology'; ROR records are different and not directly linked
"National Oceanic and Atmospheric Administration, National Weather Service","Natonal Oceanic and Atmospheric Administration, National Centers for Environmental Information",ror_parent_child,https://ror.org/02z5nhe81,https://ror.org/04r0wrp59,ROR facts: first name -> ROR: 'National Oceanic and Atmospheric Administration'; second name -> ROR: 'NOAA National Centers for Environmental Information'; ROR lists the second record as a child of the first,ROR facts: first name -> ROR: 'NOAA National Centers for Environmental Information'; second name -> ROR: 'National Oceanic and Atmospheric Administration'; ROR lists the second record as a parent of the first
"U.S. Department of Commerce, United States Census Bureau","National Institute of Standards and Technology, Physical Measurement Laboratory",ror_parent_child,https://ror.org/04chq2495,https://ror.org/05xpvk416,ROR facts: first name -> ROR: 'United States Department of Commerce'; second name -> ROR: 'National Institute of Standards and Technology'; ROR lists the second record as a child of the first,ROR facts: first name -> ROR: 'National Institute of Standards and Technology'; second name -> ROR: 'United States Department of Commerce'; ROR lists the second record as a parent of the first
National Institute on Aging Genetics of Alzheimer's Disease Data Storage Site,"U.S. Department of Health & Human Services, National Institutes of Health, National Institute on Aging",same_ror,https://ror.org/049v75w11,https://ror.org/049v75w11,ROR facts: first name -> ROR: 'National Institute on Aging'; second name -> ROR: 'National Institute on Aging'; both names matched the SAME ROR record,ROR facts: first name -> ROR: 'National Institute on Aging'; second name -> ROR: 'National Institute on Aging'; both names matched the SAME ROR record
University of Toronto,"University of Toronto, Bader Lab",same_ror,https://ror.org/03dbr7087,https://ror.org/03dbr7087,ROR facts: first name -> ROR: 'University of Toronto'; second name -> ROR: 'University of Toronto'; both names matched the SAME ROR record,ROR facts: first name -> ROR: 'University of Toronto'; second name -> ROR: 'University of Toronto'; both names matched the SAME ROR record
Centre National d'Etudes Spatiales,Centre national d'études spatiales,same_ror,https://ror.org/04h1h0y33,https://ror.org/04h1h0y33,"ROR facts: first name -> ROR: ""Centre National d'Études Spatiales""; second name -> ROR: ""Centre National d'Études Spatiales""; both names matched the SAME ROR record","ROR facts: first name -> ROR: ""Centre National d'Études Spatiales""; second name -> ROR: ""Centre National d'Études Spatiales""; both names matched the SAME ROR record"
"NASA's Goddard Space Flight Center,Sciences and Exploration Directorate, Heliospheric Physics Laboratory",Harte Research Institute,random_negative,https://ror.org/0171mag52,https://ror.org/04rpe5h19,ROR facts: first name -> ROR: 'Goddard Space Flight Center'; second name -> ROR: 'Harte Research Institute for Gulf of Mexico Studies'; ROR records are different and not directly linked,ROR facts: first name -> ROR: 'Harte Research Institute for Gulf of Mexico Studies'; second name -> ROR: 'Goddard Space Flight Center'; ROR records are different and not directly linked
Genome Canada,"Griffith University, Scholarly Information and Research, Information Services, eResearch Services",random_negative,https://ror.org/029s29983,https://ror.org/02sc3r913,ROR facts: first name -> ROR: 'Genome Canada'; second name -> ROR: 'Griffith University'; ROR records are different and not directly linked,ROR facts: first name -> ROR: 'Griffith University'; second name -> ROR: 'Genome Canada'; ROR records are different and not directly linked
