name_a,name_b,source,ror_a,ror_b
NASA's Jet Propulsion Laboratory,"National Aeronautics and Space Administration, Global Hydrology Resource Center",ror_parent_child,https://ror.org/027k65916,https://ror.org/027ka1x80
German Centre of Gerontology,Quadram Institute,random_negative,https://ror.org/00we5be91,https://ror.org/04td3ys19
Canadian Cryospheric Information Network,United States Culture Collection Network,same_ror,https://ror.org/058kybv57,https://ror.org/058kybv57
Ludwig-Maximilians-Universität München,"Ludwig-Maximilians-Universität München, Systematik, Biodiversität & Evolution der Pflanzen",same_ror,https://ror.org/05591te55,https://ror.org/05591te55
Leibniz Association,Leibniz Institute DSMZ - German Collection of Microorganisms and Cell Cultures,ror_parent_child,https://ror.org/01n6r0e97,https://ror.org/02tyer376
"U.S. Department of Health & Human Services, Agency for Healthcare Research and Quality","U.S. Department of Health and Human Services, Office of Planning, Research and Evaluation",same_ror,https://ror.org/033jnv181,https://ror.org/033jnv181
"University of California, San Diego Supercomputer Center",Scripps Institution of Oceanography,ror_parent_child,https://ror.org/0168r3w48,https://ror.org/04v7hvq31
"Karlsruhe Institute of Technology, Institute of Meteorology and Climate Research - Atmospheric Environmental Research","Karlsruhe Institute of Technology, Library",same_ror,https://ror.org/04t3en479,https://ror.org/04t3en479
"University of Bern, Climate and Environmental Physics","Eurac Research, Institute for Applied Linguistics",random_negative,https://ror.org/02k7v4d05,https://ror.org/05rxnta87
"US Department of Energy, Office of Science, Nuclear Physics NP",Pacific Northwest National Laboratory,ror_parent_child,https://ror.org/00mmn6b08,https://ror.org/05h992307
Institut Català de Nanociència i Nanotecnologia,University of Science and Technology of Hanoi,random_negative,https://ror.org/00k1qja49,https://ror.org/02wdwrr89
University of Stuttgart,"Universität Stuttgart, Institut für Maschinelle Sprachverarbeitung, Forschungszentrum Informatik",same_ror,https://ror.org/04vnq7t77,https://ror.org/04vnq7t77
Goddard Space Flight Center,"NASA's Goddard Space Flight Center,Sciences and Exploration Directorate, Heliospheric Physics Laboratory",same_ror,https://ror.org/0171mag52,https://ror.org/0171mag52
Le Centre national de la recherche scientifique,"Université Paul Valéry - Montpellier 3, ASM - Archéologie des Sociétés Méditerranéennes, UMR5140",ror_parent_child,https://ror.org/02feahw73,https://ror.org/04n9eyw42
"National Oceanic and Atmospheric Administration, Coral Health and Monitoring Program",NOAA Fisheries,ror_parent_child,https://ror.org/02z5nhe81,https://ror.org/033mqx355
Helmholtz Association of German Research Centres,Helmholtz-Zentrum Berlin für Materialien und Energie (HZB),ror_parent_child,https://ror.org/0281dp749,https://ror.org/02aj13c28
Pennsylvania State University,"Pennsylvania State University, College of Earth and Mineral Sciences, Department of Geosciences",same_ror,https://ror.org/04p491231,https://ror.org/04p491231
Centre National de la Recherche Scientifique,"Centre national de la recherche scientifique, L'Institut national des sciences de l'Univers",ror_parent_child,https://ror.org/02feahw73,https://ror.org/04kdfz702
"University of Victoria, Libraries",Ocean Networks Canada Society,ror_parent_child,https://ror.org/04s5mat29,https://ror.org/05gknh003
"International Science Council, World Data System International Programme Office","World Climate Research Programme,  Atmospheric Processes And their Role in Climate",ror_parent_child,https://ror.org/034s44556,https://ror.org/04frnva71
"Australian Nuclear Science and Technology Organisation, The Australian Synchrotron",Australian Nuclear Science and Technology Organisation,ror_parent_child,https://ror.org/03vk18a84,https://ror.org/05j7fep28
Oxford University IT Services,"Oxford University, Department of Psychiatry",same_ror,https://ror.org/052gg0110,https://ror.org/052gg0110
"National Oceanic and Atmospheric Administration, National Environmental Satellite, Data, and Information Service, National Geophysical Data Center",NOAA National Centers for Environmental Information,ror_parent_child,https://ror.org/007qwym43,https://ror.org/04r0wrp59
"U.S. Department of Health and Human Services, Agency for Healthcare Research and Quality","U.S. Department of Health and Human Services, National Institutes of Health, Office of Behavioral and Social Sciences Research",same_ror,https://ror.org/033jnv181,https://ror.org/033jnv181
Centre for Northern Studies,Parkinson's UK,random_negative,https://ror.org/01q8ytn75,https://ror.org/02417p338
"University of Oxford,  Department of Psychiatry, Warneford Hospital","University of Oxford, Bodleian Libraries",same_ror,https://ror.org/052gg0110,https://ror.org/052gg0110
"University Corporation for Atmospheric Research, National Center for Atmospheric Research","University Corporation for Atmospheric Research, Unidata",same_ror,https://ror.org/04zhhyn23,https://ror.org/04zhhyn23
Columbia University,"Columbia University, Taub Institute",same_ror,https://ror.org/00hj8s172,https://ror.org/00hj8s172
"National Oceanic and Atmospheric Administration, National Weather Service, Climate Prediction Center","U.S. Department of Commerce, United States Census Bureau",ror_parent_child,https://ror.org/02z5nhe81,https://ror.org/04chq2495
National Center for Atmospheric Research -  Cyberinfrastructure Strageic Initiative,"University Cooperation for Atmospheric Research, National Center for Atmospheric Research",same_ror,https://ror.org/05cvfcr44,https://ror.org/05cvfcr44
"University of Alberta, Edmonton, Wishart Research Group","University of Alberta, Faculty of Science, Departments of Biological Sciences and Computing Science, Wishart Research Group",same_ror,https://ror.org/0160cpw27,https://ror.org/0160cpw27
"Russian Academy of Sciences, N.D. Zelinsky Institute of Organic Chemistry",Japan Meteorological Agency,random_negative,https://ror.org/007phxq15,https://ror.org/02772kk97
"Australian Governmnent, Australian Research Council",Australian Research Council,same_ror,https://ror.org/05mmh0f86,https://ror.org/05mmh0f86
"University of Victoria,  Division of Continuing Studies",Ocean Networks Canada Society,ror_parent_child,https://ror.org/04s5mat29,https://ror.org/05gknh003
Wellcome Sanger Institute,"Centro de Astrobiología, Instituto Nacional de Técnica Aeroespacial",random_negative,https://ror.org/05cy4wa09,https://ror.org/02m44ak47
"University of Wisconsin-Madison, Social Science Computing Cooperative","University of Wisconsin-Madison, Space Science and Engineering Center",same_ror,https://ror.org/01y2jtd41,https://ror.org/01y2jtd41
Canadian Space Agency,"Government of Canada, Canadian Space Agency",same_ror,https://ror.org/03a1gte98,https://ror.org/03a1gte98
"United States Department of Agriculture, World Agricultural Outlook Board",U.S. Fish and Wildlife Service,ror_parent_child,https://ror.org/01na82s61,https://ror.org/0599wfz09
University of Cologne,"Universität Köln, Archäologisches Institut",same_ror,https://ror.org/00rcxh774,https://ror.org/00rcxh774
GSI Helmholtz Centre for Heavy Ion Research,Mary Lyon Centre at MRC Harwell,random_negative,https://ror.org/02k8cbn47,https://ror.org/0001h1y25
"University of Colorado Boulder, Laboratory for Atmospheric and Space Physics, Extreme Ultraviolet Variability Experiment","University of Colorado Boulder, University Libraries",ror_parent_child,https://ror.org/01fcjzv38,https://ror.org/02ttsq026
"National Institutes of Health, National Heart, Lung, and Blood Institute","U.S. Department of Health & Human Services, National Institutes of Health, National Heart, Lung, and Blood Institute",same_ror,https://ror.org/012pb6c26,https://ror.org/012pb6c26
"United States Department of Agriculture, Livestock Genome Research Projects, National Animal Genome Research Program","United States Department of Agriculture, Natural Resources Conservation Service",ror_parent_child,https://ror.org/01na82s61,https://ror.org/03j7rgg33
"National Aeronautics and Space Administration, Jet Propulsion Laboratory",NASA  Ocean Color Web,ror_parent_child,https://ror.org/027ka1x80,https://ror.org/037ch5s45
"University Corporation for Atmospheric Research, National Science Digital Library","University Corporation for Atmospheric Research, UNIDATA",same_ror,https://ror.org/04zhhyn23,https://ror.org/04zhhyn23
"University of Michigan, James and Anne Duderstadt Center","University of Michigan,  Inter-University Consortium for Political and Social Research",ror_parent_child,https://ror.org/00jmfr291,https://ror.org/02q7mkh03
Goddard Space Flight Center,"National Aeronautics and Space Administration, Goddard Space Flight Center, Astrophysics Science Division",ror_parent_child,https://ror.org/0171mag52,https://ror.org/027ka1x80
Friedrich-Schiller Universität Jena,Fonds zur Förderung der wissenschaftlichen Forschung,random_negative,https://ror.org/05qpz1x62,https://ror.org/013tf3c58
"Government of Canada, Genome Canada","Government of Canada, Northern Contaminants Program",same_ror,https://ror.org/010q4q527,https://ror.org/010q4q527
BioData.pt,University of Turin,random_negative,https://ror.org/02q7abn51,https://ror.org/048tbm396
National Institute of Advanced Industrial Science and Technology,British Phycological Society,random_negative,https://ror.org/01703db54,https://ror.org/00g5pdd79
National Institute on Drug Abuse,"National Institutes of Health, National Institute on Drug Abuse",same_ror,https://ror.org/00fq5cm18,https://ror.org/00fq5cm18
"National Aeronautics and Space Administration, Global Hydrology Resource Center",Government of the United States of America,ror_parent_child,https://ror.org/027ka1x80,https://ror.org/02rcrvv70
Universitetet i Bergen,"University of Bergen, Sea Lice Research Center",same_ror,https://ror.org/03zga2b32,https://ror.org/03zga2b32
Japan Space Systems,"Japan Space Systems, ASTER Project",same_ror,https://ror.org/00hc8av43,https://ror.org/00hc8av43
National Aeronautics and Space Administration,"NASA Langley Research Center, Atmospheric Science Data Center",ror_parent_child,https://ror.org/027ka1x80,https://ror.org/0399mhs52
"U.S Department of Commerce, Bureau of Economic Analysis","U.S. Department of Commerce, United States Census Bureau",ror_parent_child,https://ror.org/03b17a012,https://ror.org/04chq2495
"Ministério da Ciência, Tecnologia e Inovações",Cornell Institute for Social and Economic Research,random_negative,https://ror.org/050zdnc69,https://ror.org/04476hk95
Jet Propulsions Laboratory,"National Aeronautics and Space Administration, National Snow and Ice Data Center",ror_parent_child,https://ror.org/027k65916,https://ror.org/027ka1x80
"U.S. Department of Health and Human Services, National Institutes of Health",United States Department of Health and Human Services,same_ror,https://ror.org/033jnv181,https://ror.org/033jnv181
"Philipps-Universität Marburg, Deutsches Dokumentationszentrum für Kunstgeschichte, Bildarchiv Foto marburg",National Center for Ecological Analysis and Synthesis,random_negative,https://ror.org/01rdrb571,https://ror.org/0146z4r19
"Cooperative Institute for Research in Environmental Sciences, National Snow and Ice Data Center","National Oceanographic and Atmospheric Administration, NOAA Research",ror_parent_child,https://ror.org/00bdqav06,https://ror.org/02kgve346
Child Mind Institute,"Radboud University, Donders Institute for Brain, Cognition and Behaviour",random_negative,https://ror.org/01bfgxw09,https://ror.org/053sba816
"Humboldt-Universität zu Berlin, Computer- und Medienservice","Humboldt-Universität zu Berlin, Institut für Deutsche Sprache und Linguistik",same_ror,https://ror.org/01hcx6992,https://ror.org/01hcx6992
"U.S. Department of Energy, Fusion Energy Sciences, Office of  Science","Oak Ridge National Laboratory, Oak Ridge Campus",ror_parent_child,https://ror.org/00mmn6b08,https://ror.org/01qz5mb56
Centre Roland Mousnier,French National Centre for Scientific Research,ror_parent_child,https://ror.org/01gapzp55,https://ror.org/02feahw73
"National Aeronautics and Space Administration, Earth Observing System Data and Information System","National Aeronautics and Space Administration, Global Hydrology Resource Center",same_ror,https://ror.org/027ka1x80,https://ror.org/027ka1x80
"National Aeronautics and Space Administration, Land Processes Distributed Active Archive Center","National Aeronautics and Space Administration, MODIS Level 1 and Atmosphere Archive and Distribution System",same_ror,https://ror.org/027ka1x80,https://ror.org/027ka1x80
Niedersächsisches Ministerium für Wissenschaft und Kultur,"International Space Science Institute, Polar Stratospheric Cloud Initiative",random_negative,https://ror.org/0116z8r77,https://ror.org/01xm30661
Max Plank Institute for Mathematics in the Sciences,Max-Planck-Gesellschaft zur Förderung der Wissenschaften e.V.,ror_parent_child,https://ror.org/00ez2he07,https://ror.org/01hhn8329
University of Pittsburgh,"University of Pittsburgh, Center for Biologic Imaging",same_ror,https://ror.org/01an3r305,https://ror.org/01an3r305
"United States Department of Agriculture, Forest Service, Willamette National Forest","United States Department of Agriculture, Animal and Plant Health Inspection Service, Plant Protection and Quarantine Program",ror_parent_child,https://ror.org/01na82s61,https://ror.org/0599wfz09
French National Centre for Scientific Research,"Observatoire Midi-Pyrénées - OMP, SErvice de DOnnées de L'OMP",ror_parent_child,https://ror.org/02feahw73,https://ror.org/030syve83
Colorado State University Pueblo,"China National Institute for Drug Control, Center for Medical Device Stadardization Administration NMPA, Natuional Institutes for Food and Drug Control",random_negative,https://ror.org/02gn3zg65,https://ror.org/041rdq190
"University of Leipzig, Clinical Trial Coordination Center","University of Leipzig, Interdisciplinary Centre for Bioinformatics",same_ror,https://ror.org/03s7gtk40,https://ror.org/03s7gtk40
"Children's Hospital of Philadelphia, Division of Oncology, Department of Pediatrics",Chemnitz University of Technology,random_negative,https://ror.org/01z7r7q48,https://ror.org/00a208s56
Uniwersytet Łódzki,The University of Chicago,random_negative,https://ror.org/05cq64r17,https://ror.org/024mw5h28
"Universität Hamburg, Hamburger Zentrum für Sprachkorpora","Universität Hamburg, Regionales Rechenzentrum",same_ror,https://ror.org/00g30e956,https://ror.org/00g30e956
Nord University,Social Sciences and Humanities Research Council,random_negative,https://ror.org/030mwrt98,https://ror.org/04j5jqy92
"Imperial College London, School of Public Health",Toronto Metropolitan University,random_negative,https://ror.org/041kmwe10,https://ror.org/05g13zd79
"Chinese Academy of Sciences, Institute of Biochemistry and Cell Biology",National Space Science Center of the Chinese Academy of Sciences (CAS),ror_parent_child,https://ror.org/02rrdvm96,https://ror.org/034t30j35
National Informatics Centre,"Telangana Tate, National Informatics Centre",same_ror,https://ror.org/055nd7x53,https://ror.org/055nd7x53
Centre for Development Studies,Alfred  P.  Sloan Foundation,random_negative,https://ror.org/02dteh969,https://ror.org/052csg198
"University of Michigan, James and Anne Duderstadt Center","University of Michigan, Inter-university Consortium for Political and Social Research",ror_parent_child,https://ror.org/00jmfr291,https://ror.org/02q7mkh03
European Union,European Medicines Agency,ror_parent_child,https://ror.org/019w4f821,https://ror.org/01z0wsw92
University of Pittsburgh,"University of Pittsburgh, Dietrich School of Arts & Sciences",same_ror,https://ror.org/01an3r305,https://ror.org/01an3r305
Sage Bionetworks,Deutsches Elektronen-Synchrotron DESY,random_negative,https://ror.org/049ncjx51,https://ror.org/01js2sh04
"National Aeronautics and Space Administration, Atmospheric Science Data Center","National Aeronautics and Space Administration, Jet Propulsion Laboratory",same_ror,https://ror.org/027ka1x80,https://ror.org/027ka1x80
Bird Studies Canada,"BirdLife International,  Bird Studies Canada",same_ror,https://ror.org/04ezxnp02,https://ror.org/04ezxnp02
Villum Kann Rasmussen Foundation,Defense Advanced Research Project Agency,random_negative,https://ror.org/02zav4281,https://ror.org/02caytj08
World Bank,University of Colorado Colorado Springs,random_negative,https://ror.org/00ae7jd04,https://ror.org/054spjc55
Deep Carbon Observatory,Brigham Young University,random_negative,https://ror.org/00bk35j03,https://ror.org/047rhhm47
"National Oceanic and Atmospheric Administration, National Environmental Satellite, Data, and Information Service, National Geophysical Data Center","NOAA National Centers for Environmental Information, Ocean Climate Laboratory",ror_parent_child,https://ror.org/007qwym43,https://ror.org/04r0wrp59
"Verbundzentrale des Gemeinsamen Bibliotheksverbundes der Länder Bremen, Hamburg, Mecklenburg-Vorpommern, Niedersachsen, Sachsen-Anhalt, Schleswig-Holstein, Thüringen und der Stiftung Preußischer Kulturbesitz","Staatliche Museen zu Berlin, Vorderasiatisches Museum",ror_parent_child,https://ror.org/01y6swy44,https://ror.org/02k3b8775
"United States, Department of Energy, Office of Science, Biological and Environmental Research","U.S. Department of Energy, Microbial Genome Program",ror_parent_child,https://ror.org/00mmn6b08,https://ror.org/01bj3aw27
NASA Goddard Space Flight Center,"National Aeronautics and Space Administration, Goddard Space Flight Center",ror_parent_child,https://ror.org/0171mag52,https://ror.org/027ka1x80
"Karlsruhe Institute of Technology, Institut für Kunst- und Baugeschichte","Karlsruhe Institute of Technology, Institute for Astroparticle Physics",same_ror,https://ror.org/04t3en479,https://ror.org/04t3en479
"California Institute of Technology, Infrared Processing and Analysis Center","Infrared Processing and Analysis Center, Science and Data Center for Infrared Astronomy",same_ror,https://ror.org/05q79g396,https://ror.org/05q79g396
"FernUniversität in Hagen, Institut für Geschichte und Biographie","Schweizerischer Erdbebendienst, ETH Zürich",ror_parent_child,https://ror.org/02cp6jm68,https://ror.org/05a28rw58
"Chinese Academy of Agricultural Sciences, Institute of Crop Science",Ifremer,random_negative,https://ror.org/053g6zg46,https://ror.org/044jxhp58
Ministry of Electronics and Information Technology,"National Informatics Centre (NIC), Ministry of Electronics & Information Technology, Government of India",same_ror,https://ror.org/02z31cn83,https://ror.org/02z31cn83
"Allergy, Genes and Environment Network",United States Geological Survey,random_negative,https://ror.org/048gf2b30,https://ror.org/03eg83y24
Centre national de la recherche scientifique,Huma-Num,ror_parent_child,https://ror.org/02feahw73,https://ror.org/04ces3204
"U.S. Department of Health and Human Services, National Institutes of Health, National Cancer Institute","U.S. Department of Health and Human Services, National Institutes of Health, National Cancer Institute, Center for Biomedical Informatics and Information Technology",same_ror,https://ror.org/033jnv181,https://ror.org/033jnv181
"University of Belgrade, Computer Centre","University of Belgrade, Faculty of Chemistry",same_ror,https://ror.org/02qsmb048,https://ror.org/02qsmb048
University of California Davis,"University of California, Davis, Department of Economics, Center for International Data",same_ror,https://ror.org/05rrcem69,https://ror.org/05rrcem69
"European Central Bank, Household Finance and Consumption Network",European Union’s 5th PCRDT programme,ror_parent_child,https://ror.org/00ajckn66,https://ror.org/019w4f821
"NOAA, Desert Research Institute",University of Groningen,random_negative,https://ror.org/02vg22c33,https://ror.org/012p63287
"National Aeronautics and Space Administration, Jet Propulsion Laboratory",Government of the United States of America,ror_parent_child,https://ror.org/027ka1x80,https://ror.org/02rcrvv70
Université d'Orléans,"Ministry of Science, Research and Arts Baden-Württemberg",random_negative,https://ror.org/014zrew76,https://ror.org/023ktd084
Centre national de la recherche scientifique,"Lyon Astrophysics Research Center, Lyon Observatory",ror_parent_child,https://ror.org/02feahw73,https://ror.org/03j307b25
"European Commission, Research and Innovation","UK Research and Innovation, Arts and Humanities Research Council",ror_parent_child,https://ror.org/001aqnf71,https://ror.org/0505m1554
Universitat de Girona,"National Agriculture and Food Research Organization, Institute of Agrobiological Sciences",random_negative,https://ror.org/01xdxns91,https://ror.org/01786mp71
National Multiple Sclerosis Society,Kumamoto University,random_negative,https://ror.org/03019wv17,https://ror.org/02cgss904
Institute for Agricultural and Forest Systems in the Mediterranean,Consiglio Nazionale delle Ricerche,ror_parent_child,https://ror.org/02the9q75,https://ror.org/04zaypm56
Institut de Physique du Globe de Paris,French National Centre for Scientific Research (CNRS),ror_parent_child,https://ror.org/004gzqz66,https://ror.org/02feahw73
"United States Department of Agriculture,  Forest Service",U.S. Fish and Wildlife Service,ror_parent_child,https://ror.org/01na82s61,https://ror.org/0599wfz09
Federal Office for Food and Agriculture,TÜBİTAK Ulusal Akademik Ağ ve Bilgi Merkezi,random_negative,https://ror.org/01526pb12,https://ror.org/017k52s24
"National Oceanic and Atmospheric Administration, National Centers for Environmental Prediction","National Centers for Environmental Information, Ocean Climate Laboratory",ror_parent_child,https://ror.org/02z5nhe81,https://ror.org/04r0wrp59
International Association of Geodesy,"International Association of Geodesy, Global Geodetic Observing System",same_ror,https://ror.org/04a9s7v87,https://ror.org/04a9s7v87
University of Oxford,"University of Oxford, Nuffield Department of Medicine, Centre for Medicines Discovery, Target Discovery Institute",same_ror,https://ror.org/052gg0110,https://ror.org/052gg0110
Roswell Park Cancer Institute,Barrow Arctic Science Consortium,random_negative,https://ror.org/0499dwk57,https://ror.org/0447b5h55
United States Navy,"University of Oslo,  Research Council of Norway,  Stochastics for Time-Space Risk Models Project",random_negative,https://ror.org/03cs53d16,https://ror.org/00epmv149
National Oceanic & Atmospheric Administration,"National Oceanic and Atmospheric Administration, Pacific Marine Environmental Laboratory",same_ror,https://ror.org/02z5nhe81,https://ror.org/02z5nhe81
"U.S. Geological Survey,  National Earthquake Hazards Reduction Program, Earthquake Hazards Program",US Geological Survey,same_ror,https://ror.org/035a68863,https://ror.org/035a68863
National Institute for Nuclear Physics,"United States Department of Agriculture, National Agricultural Statistics Service",random_negative,https://ror.org/005ta0471,https://ror.org/04dpymk59
"National Oceanic and Atmospheric Administration, National Centers for Environmental Prediction","U.S. Department of Commerce, National Oceanic and Atmospheric Administration, Global Monitoring Laboratory",same_ror,https://ror.org/02z5nhe81,https://ror.org/02z5nhe81
"Government of Newfoundland and Labrador: Fisheries, Foresty and Agriculturen",Benemérita Universidad Autónoma de Puebla,random_negative,https://ror.org/01jet5b79,https://ror.org/03p2z7827
Gesellschaft für Wissenschaftliche Datenverarbeitung mbH Göttingen,Gesellschaft für wissenschaftliche Datenverarbeitung mbH Göttingen,same_ror,https://ror.org/00cd95c65,https://ror.org/00cd95c65
"U.S.Department of Energy, Office of Science","U.S. Department of Energy, Science.gov",ror_parent_child,https://ror.org/00mmn6b08,https://ror.org/01bj3aw27
Universiteit Utrecht,"Utrecht University, CLARIN ERIC Office",same_ror,https://ror.org/04pp8hn57,https://ror.org/04pp8hn57
National Institute of Nursing Research,École de Technologie Supérieure,random_negative,https://ror.org/01y3zfr79,https://ror.org/0020snb74
"United States Department of Agriculture, World Agricultural Outlook Board","U.S. Department of Agriculture, Natural Resources Conservation Service",ror_parent_child,https://ror.org/01na82s61,https://ror.org/03j7rgg33
"Government of Canada, Open Government",Institut für Sozialwissenschaftliche Forschung,random_negative,https://ror.org/010q4q527,https://ror.org/0120amd78
"University of Tübingen, Institute for Geoscience, Invertebrate Palaeontology and Palaeoclimatology",Staats- und Universitätsbibliothek Hamburg,random_negative,https://ror.org/03a1kwz48,https://ror.org/00pwcvj19
"University of Toronto, Donnelly Centre for Cellular and Biomolecular Research","University of Toronto, Donnelly Centre for Cellular and Biomolecular Research, Zhang Lab",same_ror,https://ror.org/03dbr7087,https://ror.org/03dbr7087
Istituto Nazionale di Geofisica e Vulcanologia,"National Institute of Geophysics and Volcanology, Etna Observatory",same_ror,https://ror.org/00qps9a02,https://ror.org/00qps9a02
"Chinese Academy of Science, Kunming Institute of Botany",Research Council of Lithuania,random_negative,https://ror.org/02e5hx313,https://ror.org/02gs16m83
"National Astronomical Observatories, Chinese Academy of Sciences, Chinese Virtual Observatory","University of Science & Technology of China, WANG Group, School of Life Sciences, Hefei National Laboratory for Physical Sciences at the Microscale",ror_parent_child,https://ror.org/034t30j35,https://ror.org/04c4dkn09
European Molecular Biology Laboratory - The European Bioinformatics Institute,"European Molecular Biology Laboratory, European Bioinformatics Institute, Goldman Group",same_ror,https://ror.org/02catss52,https://ror.org/02catss52
"Indiana University, Institute for Digital Arts and Humanities","NYU Langone Health,  NYU School of Medicine",ror_parent_child,https://ror.org/01kg8sb98,https://ror.org/02ets8c94
"Georg-August Universität Göttingen, Department of Evolutionary Developmental Genetics",Georg-August-Universität Göttingen,same_ror,https://ror.org/01y9bpm73,https://ror.org/01y9bpm73
Ministry of Electronics and Information Technology,National Informatics Center,ror_parent_child,https://ror.org/02z31cn83,https://ror.org/055nd7x53
"University of Washington, OOI Regional Cabled Array",UNESCO Institute for Statistics,random_negative,https://ror.org/00cvxb145,https://ror.org/02t7bvx21
"National Aeronautics and Space Administration, Earth Data","National Aeronautics and Space Administration, Socio-Economic Data and Applications Center",same_ror,https://ror.org/027ka1x80,https://ror.org/027ka1x80
NOAA’s National Centers for Coastal Ocean Science,Government of  Karnataka,random_negative,https://ror.org/05ba43f71,https://ror.org/00maf9573
University of Manitoba,"University of Manitoba, Centre for Earth Observation Science",ror_parent_child,https://ror.org/02gfys938,https://ror.org/05pcf2t08
New Mexico Tech,"New Mexico Institute of Mining and Technology, New Mexico Bureau of Geology & Mineral Resources",ror_parent_child,https://ror.org/005p9kw61,https://ror.org/00jvn6d28
"National Institute of Allergy and Infectious Diseases, Division of Allergy, Immunology, and Transplantation","National Institutes of Health,  National Institute of Allergy and Infectious Diseases",same_ror,https://ror.org/043z4tv69,https://ror.org/043z4tv69
University of Manchester,"University of Manchester, Department of Computer Science",same_ror,https://ror.org/027m9bs27,https://ror.org/027m9bs27
National Center for Health Statistics,University of Buffalo,random_negative,https://ror.org/03p15s250,https://ror.org/01y64my43
"United States Department of Agriculture, Foreign Agricultural Service","U.S. Department of Agriculture, Natural Resources Conservation Service",ror_parent_child,https://ror.org/01na82s61,https://ror.org/03j7rgg33
"University Medical Center Freiburg, Institute of Medical Biometry and Statistics",United Nations Environment Programme - World Conservation Monitoring Centre,random_negative,https://ror.org/03vzbgh69,https://ror.org/04570b518
"Université de Liège, Institut de Physique Nucleaire, Atomique et de Spectroscopie",Centre National de la Recherche Scientifique,ror_parent_child,https://ror.org/00z54nq84,https://ror.org/02feahw73
World Bank,World Bank Group,ror_parent_child,https://ror.org/00ae7jd04,https://ror.org/02md09461
Bio-Med Big Data Center,National Institute on Alcohol Abuse and Alcoholism,random_negative,https://ror.org/04663jx74,https://ror.org/02jzrsm59
National Oceanic and Atmospheric Administration,NOAA's National Centers for Environmental Information,ror_parent_child,https://ror.org/02z5nhe81,https://ror.org/04r0wrp59
Africa Health Research Institute,"University of Waterloo, Science Society",random_negative,https://ror.org/034m6ke32,https://ror.org/01aff2v68
"Georg-August Universität Göttingen, Department of Evolutionary Developmental Genetics","Georg-August-Universität Göttingen, Niedersächsische Staats- und Universitätsbibliothek Göttingen",ror_parent_child,https://ror.org/01y9bpm73,https://ror.org/05745n787
"University of California San Diego, San Diego Supercomputer Center","UC San Diego, Scripps Institution of Oceanography",ror_parent_child,https://ror.org/0168r3w48,https://ror.org/04v7hvq31
"NASA, Jet Propulsion Laboratory","National Aeronautics and Space Administration, Oak Ridge National Laboratory DAAC",ror_parent_child,https://ror.org/027k65916,https://ror.org/027ka1x80
Information and Library Network Centre,"Universität Paderborn, Zentrum für Informations- und Medientechnologien",random_negative,https://ror.org/05mhhk279,https://ror.org/058kzsd48
Weizmann Institute of Science,"Weizmann Institute of Science, The Crown Human Gemome Center",same_ror,https://ror.org/0316ej306,https://ror.org/0316ej306
Université Grenoble Alpes,"Freistaat Thüringen, Landesamt für Denkmalpflege und Archäologie",random_negative,https://ror.org/02rx3b187,https://ror.org/041hmhr55
Digital Humanities Center (Eberhard Karls Universität Tübingen),Eberhard Karls Universität Tübingen,same_ror,https://ror.org/03a1kwz48,https://ror.org/03a1kwz48
European X-Ray Free-Electron Laser,"Université de Strasbourg, Centre National de la Recherche Scientifique, Strasbourg Observatory",ror_parent_child,https://ror.org/01wp2jz98,https://ror.org/02feahw73
Babeș-Bolyai University,"Korea Atomic Energy Research Institute, Nuclear Data Center",random_negative,https://ror.org/02rmd1t30,https://ror.org/01xb4fs50
"Australian Government, Department of Industry, Science and Resources",Australian Nuclear Science and Technology Organisation,ror_parent_child,https://ror.org/021z9m619,https://ror.org/05j7fep28
"NOAA National Centers for Environmental Information, Ocean Climate Laboratory","The National Oceanic and Atmospheric Administration, National Centers for Environmental Information",same_ror,https://ror.org/04r0wrp59,https://ror.org/04r0wrp59
Centre national de la recherche scientifique,Géosciences Environnement  Toulouse,ror_parent_child,https://ror.org/02feahw73,https://ror.org/05k0qmv73
Bundesministerium für Wirtschaft und Energie,Federal Ministry for Economic Affairs and Energy,same_ror,https://ror.org/02vgg2808,https://ror.org/02vgg2808
Hochschule für Angewandte Wissenschaften Hamburg,"Hochschule für Angewandte Wissenschaften Hamburg, Hochschulinformations- und Bibliotheksservice",same_ror,https://ror.org/00fkqwx76,https://ror.org/00fkqwx76
GESIS – Leibniz Institute for the Social Sciences,gesis Leibniz Institute for the Social Sciences,same_ror,https://ror.org/018afyw53,https://ror.org/018afyw53
"Queens University Library, Joseph S. Stauffer Library","Queens University, University Libary",same_ror,https://ror.org/00strmv13,https://ror.org/00strmv13
"Government of Canada, Public Health Agency of Canada","Utah State University, College of  Engineering, Utah Water Research Laboratory",random_negative,https://ror.org/023xf2a37,https://ror.org/00h6set76
"U.S. Department of Energy, National Energy Technology Laboratory",Douglas Mental Health University Institute,random_negative,https://ror.org/01x26mz03,https://ror.org/05dk2r620
"National Oceanographic and Atmospheric Administration, NOAA Research","National Oceanographic and Atmospheric Administration, Atlantic Oceanographic and Meterological Laboratory",ror_parent_child,https://ror.org/02kgve346,https://ror.org/042r9xb17
"Kyoto University, Graduate School of Science, Data Analysis Center for Geomagnetism and Space Magnetism","Kyoto University, Kanehisa Laboratories",same_ror,https://ror.org/02kpeqv85,https://ror.org/02kpeqv85
"National Oceanic and Atmospheric Administration, National Environmental Satellite, Data, and Information Service, National Geophysical Data Center",National Oceanic and Atmospheric Administration's National Ocean Service,ror_parent_child,https://ror.org/007qwym43,https://ror.org/02z5nhe81
"Ministry of Higher Education, Science and Technology",Ministry for the Environment,random_negative,https://ror.org/015snc593,https://ror.org/05err5w18
"Hong Kong Polytechnic University, Pao Yue-kong Library",Instituut voor de Nederlandse Taal,random_negative,https://ror.org/0030zas98,https://ror.org/04m5bjk54
Yokohama City University,Fachhochschule Erfurt,random_negative,https://ror.org/0135d1r83,https://ror.org/01hkc4630
"University of Oxford, Centre for Tropical Medicine and Global Health","University of Oxford, Oxford e-Research Centre",same_ror,https://ror.org/052gg0110,https://ror.org/052gg0110
"European Commission, Research & Innovation, 6th Framework Programme","European Commission, Research and Innovation, FP7, Infrastructures",same_ror,https://ror.org/00k4n6c32,https://ror.org/00k4n6c32
"National Institute of Biomedical Innovation, Health and Nutrition",Johnson Space Center,random_negative,https://ror.org/001rkbe13,https://ror.org/04xx4z452
Karlsruhe Institute of Technology,"Karlsruhe Institute of Technology, Institute of Meteorology and Climate Research, Department Troposphere Research",same_ror,https://ror.org/04t3en479,https://ror.org/04t3en479
"Deutsche Forschungsgemeineschaft, Wissenschaftliche Literaturversorgungs- und Informationssysteme","Deutsche Forschungsgemeinschaft,  Wissenschaftliche Literaturversorgungs- und Informationssysteme",same_ror,https://ror.org/018mejw64,https://ror.org/018mejw64
"United States Department of Agriculture, Agricultural Research Services","United States Department of Agriculture, Risk Management Agency",same_ror,https://ror.org/01na82s61,https://ror.org/01na82s61
"Université de Montréal, Institute for Research in Immunology and Cancer",Leibniz-Institut für Deutsche Sprache,random_negative,https://ror.org/00wj6x496,https://ror.org/00hvwkt50
University of Graz,"University of Graz, Department of Digital Humanities",same_ror,https://ror.org/01faaaf77,https://ror.org/01faaaf77
Georg-August-Universität Göttingen,"Georg-August-Universität Göttingen, Niedersächsische Staats- und Universitätsbibliothek Göttingen",ror_parent_child,https://ror.org/01y9bpm73,https://ror.org/05745n787
"University of  Toronto, Faculty of Medicine,  McLaughlin Centre","University of Toronto, Libraries",same_ror,https://ror.org/03dbr7087,https://ror.org/03dbr7087
"Swiss Federal Institute of Aquatic Science and Technology,  Department  Environmental Chemistry","University of Helsinki, Institute of Seismology",random_negative,https://ror.org/00pc48d59,https://ror.org/040af2s02
"United States Department of Agriculture, National Agricultural Library","United States Department of Agriculture, Forest Service, Willamette National Forest",ror_parent_child,https://ror.org/00z6b1508,https://ror.org/01na82s61
Jet Propulsions Laboratory,"National Aeronautics and Space Administration, Socio-Economic Data and Applications Center",ror_parent_child,https://ror.org/027k65916,https://ror.org/027ka1x80
Consorcio Madroño,University of Wyoming,random_negative,https://ror.org/04x3fyv94,https://ror.org/01485tq96
German Climate Computing Centre,huma-num,random_negative,https://ror.org/03ztgj037,https://ror.org/04ces3204
"U.S. Department of Health and Human Services, Office of Child Care","U.S. Department of Health and Human Services, Office of Planning, Research and Evaluation",same_ror,https://ror.org/033jnv181,https://ror.org/033jnv181
Barcelona Supercomputing Center,"Stony Brook University, Department of Political Science",random_negative,https://ror.org/05sd8tv96,https://ror.org/05qghxh33
"National Oceanic and Atmospheric Administration, Office of the Chief Information Officer and High-Performance Computing and Communications Office","National Centers for Environmental Information, Ocean Climate Laboratory",ror_parent_child,https://ror.org/02z5nhe81,https://ror.org/04r0wrp59
"National Aeronautics and Space Administration, Goddard Space Flight Center, Astrophysics Science Division",Johnson Space Center,ror_parent_child,https://ror.org/027ka1x80,https://ror.org/04xx4z452
"University College London, British Heart Foundation, Cardiovascular Gene Annotation","University College London, Institute of Healthy Ageing, Partridge Lab",same_ror,https://ror.org/02jx3x895,https://ror.org/02jx3x895
"University of Michigan, Office of Research and Sponsored Projects",Inter University Consortium for Political and Social Research,ror_parent_child,https://ror.org/00jmfr291,https://ror.org/02q7mkh03
"University of California San Diego, Center for Computational Mass Spectrometry","University of California, San Diego, Center for Research in Biological Systems",same_ror,https://ror.org/0168r3w48,https://ror.org/0168r3w48
"Faculty of Technology and Metallurgy, University of Belgrade",University of Belgrade - Faculty of Geography,same_ror,https://ror.org/02qsmb048,https://ror.org/02qsmb048
University of Victoria,Bavarian State Library,random_negative,https://ror.org/04s5mat29,https://ror.org/031h71w90
"University of Copenhagen, Department of Biology, The Bioinformatics Centre","University of Copenhagen, The Novo Nordisk Foundation, Center for Protein Research",same_ror,https://ror.org/035b05819,https://ror.org/035b05819
"National Science Foundation, Division of Environmental Biology",Canadian Forest Service,random_negative,https://ror.org/03g87he71,https://ror.org/0430zw506
NOAA National Centers for Environmental Information,"NOAA National Centers for Environmental Information, Ocean Climate Laboratory",same_ror,https://ror.org/04r0wrp59,https://ror.org/04r0wrp59
Jet Propulsions Laboratory,Caltech,ror_parent_child,https://ror.org/027k65916,https://ror.org/05dxps055
University of South-Eastern Norway,"National Infrastructure of Mineral, Rock and Fossil for Science and Technology",random_negative,https://ror.org/05ecg5h20,https://ror.org/02sr2ee22
"University of California San Diego, San Diego Supercomputer Center",California Sea Grant Program,ror_parent_child,https://ror.org/0168r3w48,https://ror.org/02yn1nr06
"National Oceanic and Atmospheric Administration, National Environmental Satellite, Data, and Information Service, National Geophysical Data Center","National Oceanic and Atmospheric Administration, National Ocean Service",ror_parent_child,https://ror.org/007qwym43,https://ror.org/02z5nhe81
French Institute of Pondicherry,Wageningen University & Research,random_negative,https://ror.org/05kxcj202,https://ror.org/04qw24q55
Child Mind Institute,Queen's University Library,random_negative,https://ror.org/01bfgxw09,https://ror.org/02y72wh86
"Bielefeld University, Central Lab Facilities","Universität Bielefeld, Sonderforschungsbereich 882 ""Von Heterogenitäten zu Ungleichheiten""",same_ror,https://ror.org/02hpadn98,https://ror.org/02hpadn98
"United States Department of Agriculture, Forest Service, Willamette National Forest","United States Department of Agriculture, Risk Management Agency",same_ror,https://ror.org/01na82s61,https://ror.org/01na82s61
"China National Center for Bioinformation / Beijing Institute of Genomics, Chinese Academy of Sciences",Institute of High Energy Physics,ror_parent_child,https://ror.org/034t30j35,https://ror.org/03v8tnc06
Brookings Institution,British Columbia Centre for Disease Control,random_negative,https://ror.org/04aj4sh46,https://ror.org/05jyzx602
"Julius Kühn-Institut, Institut für Rebenzüchtung","Federal Ministry of Agriculture, Food and Regional Identity",ror_parent_child,https://ror.org/022d5qt08,https://ror.org/04jw21793
International Union of Biochemistry and Molecular Biology,Commonwealth Scientific and Industrial Research Organisation,random_negative,https://ror.org/00910ay07,https://ror.org/03qn8fb07
United States Department of Commerce,"National Institute of Standards and Technology, Atomic Spectroscopy Data Center",ror_parent_child,https://ror.org/04chq2495,https://ror.org/05xpvk416
Goddard Space Flight Center,"National Aeronautics and Space Administration, Goddard Space Flight Center",ror_parent_child,https://ror.org/0171mag52,https://ror.org/027ka1x80
Consejo Superior de Investigaciones Cientificas,Institute of Astrophysics of Andalucia,ror_parent_child,https://ror.org/02gfc7t72,https://ror.org/04ka0vh05
University of Sheffield,"University of Sheffield, University Library",same_ror,https://ror.org/05krs5044,https://ror.org/05krs5044
Reiner Lemoine Institut,Scottish Government,random_negative,https://ror.org/03xvdbr49,https://ror.org/04v2xmd71
University of Manitoba,"University of Manitoba, Manitoba Centre for Health Policy",same_ror,https://ror.org/02gfys938,https://ror.org/02gfys938
Yale-NUS College,Beijing Genomics Institute,random_negative,https://ror.org/04g9wch13,https://ror.org/045pn2j94
"Karlsruhe Institute of Technology, Center for Disaster Management and Risk Reduction Technology","Karlsruhe Institute of Technology, Library",same_ror,https://ror.org/04t3en479,https://ror.org/04t3en479
Centre Roland Mousnier,American College of Radiology,random_negative,https://ror.org/01gapzp55,https://ror.org/01rzx2627
"NASA Goddard Space Flight Center, Crustal Dynamics Data Information System",U.S. National Aeronautics and Space Administration,ror_parent_child,https://ror.org/0171mag52,https://ror.org/027ka1x80
NASA Langley Research Center,Laboratoire d’Annecy de Physique des Particules,random_negative,https://ror.org/0399mhs52,https://ror.org/049nhh297
"Rice University, Kinder Institute for Urban Research",Universidad de Santiago de Chile,random_negative,https://ror.org/01reat095,https://ror.org/02ma57s91
"Chinese Academy of Sciences, Institute of Mountain Hazards and Environment","China National Center for Bioinformation / Beijing Institute of Genomics, Chinese Academy of Sciences",ror_parent_child,https://ror.org/02z0nsb22,https://ror.org/034t30j35
SickKids,American Kennel Club  Canine Health Foundation,random_negative,https://ror.org/057q4rt57,https://ror.org/04y3rzk98
Montreal Neurological Institute and Hospital,Leibniz-Institut für Pflanzenbiochemie,random_negative,https://ror.org/05ghs6f64,https://ror.org/01mzk5576
"Karlsruhe Institute of Technology, Institute for Meteorology and Climate Research - Troposphere Research","Karlsruhe Institute of Technology, Institute of Sports and Sports Science",same_ror,https://ror.org/04t3en479,https://ror.org/04t3en479
Martin Luther University Halle-Wittenberg,Martin-Luther-Universität Halle-Wittenberg,same_ror,https://ror.org/05gqaka33,https://ror.org/05gqaka33
Baycrest Rotman Research Institute,University of Edinburgh,random_negative,https://ror.org/01kvpec59,https://ror.org/01nrxwf90
"European Comission, Horizon 2020","European Commission, Research & Innovation, Seventh Framework Programm, FP7",same_ror,https://ror.org/00k4n6c32,https://ror.org/00k4n6c32
Ocean Networks Canada Society,"Mass General Brigham, Interventional Radiology",random_negative,https://ror.org/05gknh003,https://ror.org/04py2rh25
"University of California, Berkeley, Department of Demography",Medical University of Silesia,random_negative,https://ror.org/01an7q238,https://ror.org/005k7hp45
The Cornell Lab of Ornithology,Joint Commission for Oceanography and Marine Meteorology,random_negative,https://ror.org/00k86w020,https://ror.org/03skrcz21
"Indiana University, Department of Biology","Indiana University, School of Informatics, Computing, and Engineering",same_ror,https://ror.org/01kg8sb98,https://ror.org/01kg8sb98
Murray-Darling Basin Authority,Joint Information Systems Committee,random_negative,https://ror.org/03cwpte63,https://ror.org/01rv9gx86
NASA's Goddard Space Flight Center,"National Aeronautics and Space Administration, Earth Observing System Data and Information System",ror_parent_child,https://ror.org/0171mag52,https://ror.org/027ka1x80
Diamond Light Source Ltd.,State Geological Institute of Dionýz Štúr,random_negative,https://ror.org/05etxs293,https://ror.org/02we0q870
French National Centre for Scientific Research,Institut de recherche et d’histoire des textes,ror_parent_child,https://ror.org/02feahw73,https://ror.org/05evznf71
"U.S. Department of Health and Human Services, National Institutes of Health, Office of Behavioral and Social Sciences Research",United States Department of Health and Human Services,same_ror,https://ror.org/033jnv181,https://ror.org/033jnv181
"US Department of Energy, Office of Science","U.S. Department of Energy, Biological and Environmental Research",ror_parent_child,https://ror.org/00mmn6b08,https://ror.org/01bj3aw27
Helmholtz Association of German Research Centres,The HSC Foundation,random_negative,https://ror.org/0281dp749,https://ror.org/02dp0x317
"Government of Canada, Northern Contaminants Program",Agriculture and Agri-Food Canada,ror_parent_child,https://ror.org/010q4q527,https://ror.org/051dzs374
Universtity of Sydney,"NIH, National Institute of Environmental Health Sciences, Superfund Research Program",random_negative,https://ror.org/02es3mz67,https://ror.org/00j4k1h63
"Karlsruhe Institute of Technology, Institute for Meteorology and Climate Research","Karlsruhe Institute of Technology, Institute of Meteorology and Climate Research - Atmospheric Environmental Research",same_ror,https://ror.org/04t3en479,https://ror.org/04t3en479
Erasmus University Rotterdam,European Organization for Nuclear Research,random_negative,https://ror.org/057w15z03,https://ror.org/01ggx4157
Wellcome,Wellcome trust,same_ror,https://ror.org/029chgv08,https://ror.org/029chgv08
Universität Paderborn,"Universität Paderborn, Zentrum für Informations- und Medientechnologien",same_ror,https://ror.org/058kzsd48,https://ror.org/058kzsd48
"United States Department of Agriculture, World Agricultural Outlook Board","United States Department of Agriculture, Natural Resources Conservation Service",ror_parent_child,https://ror.org/01na82s61,https://ror.org/03j7rgg33
"Universität Münster, Institut für Musikwissenschaft","Universität Münster, Institut für Ägyptologie und Koptologie",same_ror,https://ror.org/00pd74e08,https://ror.org/00pd74e08
"NASA, California Institute of Technology, Jet Propulsion Laboratory","Infrared Processing and Analysis Center, Science and Data Center for Infrared Astronomy",ror_parent_child,https://ror.org/05dxps055,https://ror.org/05q79g396
San Diego State University,University of Aruba,random_negative,https://ror.org/0264fdx42,https://ror.org/05cdyhf91
European Spallation Source ERIC,Welsh Government,random_negative,https://ror.org/01wv9cn34,https://ror.org/000wh6t45
"University of Cambridge, Churchill College","University of Cambridge, Department of Genetics",same_ror,https://ror.org/013meh722,https://ror.org/013meh722
"Virginia Tech, Virginia Biocomplexity Institute",City of Vancouver,random_negative,https://ror.org/02smfhw86,https://ror.org/00k9xs904
Natural History Museum of Denmark,ArcticNet,random_negative,https://ror.org/040ck2b86,https://ror.org/01tca3t44
Central Queensland University,Universidade Federal do Rio Grande do Sul,random_negative,https://ror.org/023q4bk22,https://ror.org/041yk2d64
"Chinese Academy of Sciences, Institute of Biochemistry and Cell Biology",Chinese Academy of Sciences,ror_parent_child,https://ror.org/02rrdvm96,https://ror.org/034t30j35
Instituto de Astrofísica de Canarias,University of Glasgow,random_negative,https://ror.org/03cmntr54,https://ror.org/00vtgdb53
"UK Research and Innovation, Arts and Humanities Research Council","UKRI, Arts and Humanities Research Council",same_ror,https://ror.org/0505m1554,https://ror.org/0505m1554
Royal Melbourne Institute of Technology,"Jodrell Bank Observatory, Square Kilometre Array Headquater",random_negative,https://ror.org/0132xxe06,https://ror.org/00ydnew86
Universität Hamburg,"Universität Hamburg, Regionales Rechenzentrum",same_ror,https://ror.org/00g30e956,https://ror.org/00g30e956
Jet Propulsion Laboratory,"National Aeronautics and Space Administration, MODIS Level 1 and Atmosphere Archive and Distribution System",ror_parent_child,https://ror.org/027k65916,https://ror.org/027ka1x80
Federal Institute for Geosciences and Natural Resources,"Department of Agriculture, Water and the Environment, Australian Antarctic Division",random_negative,https://ror.org/04d77de73,https://ror.org/05e89k615
Cracow University of Technology,Goethe Universität Frankfurt am Main,random_negative,https://ror.org/00pdej676,https://ror.org/04cvxnb49
Technical University of Darmstadt,Technische Universität Darmstadt,same_ror,https://ror.org/05n911h24,https://ror.org/05n911h24
"Ghent University, Department of Biology","Ghent University, Department of Biomedical Molecular Biology, BCCM/GeneCorner",same_ror,https://ror.org/00cv9y106,https://ror.org/00cv9y106
gesis Leibniz Institute for the Social Sciences,Government of Ontario,random_negative,https://ror.org/018afyw53,https://ror.org/015pzp858
"Chinese Academy of Sciences, Qinghai Salt Lake Research Institute","University of Science & Technology of China, WANG Group, School of Life Sciences, Hefei National Laboratory for Physical Sciences at the Microscale",ror_parent_child,https://ror.org/034t30j35,https://ror.org/04c4dkn09
"U.S. Department of Health and Human Services, Health Resources and Services Administration",United States Department  of Health and Human Services,same_ror,https://ror.org/033jnv181,https://ror.org/033jnv181
Swiss Federal Institute of Aquatic Science and Technology,"Swiss Federal Institute of Aquatic Science and Technology,  Department  Environmental Chemistry",same_ror,https://ror.org/00pc48d59,https://ror.org/00pc48d59
Malaysian Agricultural Research and Development Institute,State Geological Institute of Dionýz Štúr,random_negative,https://ror.org/04sky4s35,https://ror.org/02we0q870
University Hospitals of Geneva,European Mathematical Society,random_negative,https://ror.org/01m1pv723,https://ror.org/042rvyb12
"Czech Academy of Sciences, Institute of Archaeology, Prague",Library of Czech Academy of Sciences,ror_parent_child,https://ror.org/0287jta43,https://ror.org/053avzc18
Lawrence Berkeley National Laboratory,DOE Joint Genome Institute,ror_parent_child,https://ror.org/02jbv0t02,https://ror.org/04xm1d337
"National Oceanic and Atmospheric Administration, National Centers for Environmental Prediction","U.S. Department of Commerce, U.S. Census Bureau",ror_parent_child,https://ror.org/02z5nhe81,https://ror.org/04chq2495
Inter-University Consortium for Political and Social Research,Inter-university Consortium for Political and Social Research,same_ror,https://ror.org/02q7mkh03,https://ror.org/02q7mkh03
"Stiftung Preußischer Kulturbesitz, Berlin",Berlin State Library,ror_parent_child,https://ror.org/01y6swy44,https://ror.org/02ysgg478
"United States Department of Agriculture,  Agricultural Marketing Service",United States Forest Service,ror_parent_child,https://ror.org/01na82s61,https://ror.org/03zmjc935
"National Oceanic and Atmospheric Administration, National Weather Service","National Centers for Environmental Information, Ocean Climate Laboratory",ror_parent_child,https://ror.org/02z5nhe81,https://ror.org/04r0wrp59
NOAA National Weather Service,"U.S. Department of Commerce, National Oceanic and Atmospheric Administration, Global Monitoring Laboratory",ror_parent_child,https://ror.org/00tgqzw13,https://ror.org/02z5nhe81
Dartmouth College,"Dartmouth College, Center for Mobile Computing",same_ror,https://ror.org/049s0rh22,https://ror.org/049s0rh22
University Corporation for Atmosheric Research,"National Center for Atmospheric Research, University Corporation for Antmospheric Research, Computational and Information Systems Laboratory",ror_parent_child,https://ror.org/04zhhyn23,https://ror.org/05xc0qp17
Government of Kerala,Department of Glaciology and Climate at the Geological survey of Denmark and Greenland,random_negative,https://ror.org/00r96e843,https://ror.org/01b40r146
"Chinese Academy of Sciences, Xinjiang Institute of Ecology and Geography","China National Center for Bioinformation / Beijing Institute of Genomics, Chinese Academy of Sciences",ror_parent_child,https://ror.org/01a8ev928,https://ror.org/034t30j35
"Max Delbrück Center for Molecular Medicine, Berlin Institute for Medical Systems Biology","Max Delbrück Center for Molecular Medicine, Matthias Selbach Lab",ror_parent_child,https://ror.org/02xhb7d50,https://ror.org/04p5ggc03
The Royal Liverpool and Broadgreen University Hospitals NHS Trust,InnoTech Alberta,random_negative,https://ror.org/009sa0g06,https://ror.org/0119pw819
"National Aeronautics and Space Administration, National Snow and Ice Data Center","NASA Langley Research Center, Atmospheric Science Data Center",ror_parent_child,https://ror.org/027ka1x80,https://ror.org/0399mhs52
"Pennsylvania State University, College of Information Sciences and Technology","The Pennsylvania State University, Social Science Research Institute",same_ror,https://ror.org/04p491231,https://ror.org/04p491231
"European Commission, Research & Innovation, Sixth Framework Programm",European Union’s 5th PCRDT programme,ror_parent_child,https://ror.org/00k4n6c32,https://ror.org/019w4f821
"World Meteorological Organization, Global Climate Observing System","World Meterological Organization, World Climate Research Programme",ror_parent_child,https://ror.org/011pjwf87,https://ror.org/04frnva71
"United States Department of Agriculture, National Agricultural Statistics Service","Technische Universität Dresden, Zentrum für Informationsdienste und Hochleistungsrechnen",random_negative,https://ror.org/04dpymk59,https://ror.org/003kzqz52
"U. S. Department of Commerce, National Oceanic and Atmospheric Administration, Global Monitoring Division, Earth System Research Laboratory",United States Department of Commerce,ror_parent_child,https://ror.org/02z5nhe81,https://ror.org/04chq2495
"University of Southampton, School of Chemistry and Chemical Engineering","Max Delbrück Center for Molecular Medicine, Berlin Institute for Medical Systems Biology",random_negative,https://ror.org/01ryk1543,https://ror.org/02xhb7d50
Wrocław University of Science and Technology,LTER-Italy,random_negative,https://ror.org/008fyn775,https://ror.org/05ma8mw15
"University of British Columbia, Institute for the Oceans and Fisheries","University of British Columbia, Land Use and Global Environment Research Group",same_ror,https://ror.org/03rmrcq20,https://ror.org/03rmrcq20
Council of Scientific & Industrial Research  - National Institute of Oceanography,Council of Scientific and Industrial Research,ror_parent_child,https://ror.org/01gvkyp03,https://ror.org/021wm7p51
National Institute of General Medical Sciences,"U.S. Department of Health & Human Services, National Institutes of Health, National Institute of General Medical Sciences",same_ror,https://ror.org/04q48ey07,https://ror.org/04q48ey07
"University of Saskatchewan, Global Institute for Water Security",Boston University,random_negative,https://ror.org/05997db74,https://ror.org/05qwgg493
"University of Oxford, Department of Physics","University of Oxford, Oxford e-Research Centre",same_ror,https://ror.org/052gg0110,https://ror.org/052gg0110
NASA Goddard Institute for Space Studies,"National Aeronautics and Space Administration, Crustal Dynamics Data Information System",ror_parent_child,https://ror.org/01cyfxe35,https://ror.org/027ka1x80
"United Nations, Population Divison","United Nations Office for the Coordination of Humanitarian Affairs, Centre for Humanitarian Data",ror_parent_child,https://ror.org/006kxhp52,https://ror.org/00aahzn97
Government of India,"Government of India, National Knowledge Commission",same_ror,https://ror.org/036h6g940,https://ror.org/036h6g940
"Ministry of Health Welfare and Sports, Directorate of Long-Term Care","Bigelow Laboratory for Ocean Sciences, Provasoli-Guillard National Center for Marine Algae and Microbiota",random_negative,https://ror.org/041evnj42,https://ror.org/03v2r6x37
"University of California, Office of the President","University of California, California Digital Library",ror_parent_child,https://ror.org/00dmfq477,https://ror.org/03yrm5c26
Rigshospitalet,Østfold University College,random_negative,https://ror.org/03mchdq19,https://ror.org/04gf7fp41
"U.S. Department of Commerce, U.S. Census Bureau",National Institute of Standards and Technology,ror_parent_child,https://ror.org/04chq2495,https://ror.org/05xpvk416
University System of Maryland & Affiliated Institutions,University of Reading,random_negative,https://ror.org/01r0c1p88,https://ror.org/05v62cm79
"National Science Foundation, Division of Ocean Sciences",Organisation for Economic Co-operation and Development,random_negative,https://ror.org/05wqqhv83,https://ror.org/0438wbg98
University of Graz,NOAA National Weather Service,random_negative,https://ror.org/01faaaf77,https://ror.org/00tgqzw13
Consultative Group on International Agricultural Research,"Consultative Group on International Agricultural Research, Research Program on Forest, Trees and Agroforestry",same_ror,https://ror.org/04c4bm785,https://ror.org/04c4bm785
"Chinese Academy of Sciences, Institute of Mountain Hazards and Environment","Chinese Academy of Sciences, Institute of Zoology",ror_parent_child,https://ror.org/02z0nsb22,https://ror.org/034t30j35
Izmir Institute of Technology,Cheikh Anta Diop University,random_negative,https://ror.org/03stptj97,https://ror.org/04je6yw13
"Stiftung Preußischer Kulturbesitz, Berlin",Staatsbibliothek zu Berlin - Preußischer Kulturbesitz,ror_parent_child,https://ror.org/01y6swy44,https://ror.org/02ysgg478
Alberta Innovates Health Solutions,Alberta Innovates – Health Solutions,same_ror,https://ror.org/00ynafe15,https://ror.org/00ynafe15
"National Aeronautics and Space Administration, Socioeconomic Data and Applications Center",NASA Marshall Space Flight Center Earth Science Office,ror_parent_child,https://ror.org/027ka1x80,https://ror.org/02epydz83
Joint Nature Conservation Committee,Observatoire royal de Belgique,random_negative,https://ror.org/05tzsrw37,https://ror.org/00hjks330
Tata Trusts,University of Warmia and Mazury in Olsztyn,random_negative,https://ror.org/057kjcb31,https://ror.org/05s4feg49
"National Aeronautics and Space Administration, Earth Observing System and Information System",NASA Marshall Space Flight Center Earth Science Office,ror_parent_child,https://ror.org/027ka1x80,https://ror.org/02epydz83
"University of Victoria, Libraries","University of Victoria, Pacific Climate Impacts Consortium",same_ror,https://ror.org/04s5mat29,https://ror.org/04s5mat29
Novartis Institutes for Biomedical Research,University of the West of England Bristol,random_negative,https://ror.org/053gv2m95,https://ror.org/02nwg5t34
"University of Toronto, Bader Lab","University of Toronto, Centre for Cellular and Biomolecular Research, Andrews Lab",same_ror,https://ror.org/03dbr7087,https://ror.org/03dbr7087
National Oceanic and Atmospheric Adminstration,"U. S. Department of Commerce, National Oceanic and Atmospheric Administration, Global Monitoring Division, Earth System Research Laboratory",same_ror,https://ror.org/02z5nhe81,https://ror.org/02z5nhe81
"National Autonomous University of Mexico, Institute of Biomedical Research","Universidad Nacional Autónoma de México, Dirección General de Bibliotecas y Servicios Digitales de Información",ror_parent_child,https://ror.org/01tmp8f25,https://ror.org/04jan8q76
National Center for Atmospheric Research | University Corporation for Atmospheric Research,National Center for Atmospheric Research,ror_parent_child,https://ror.org/04zhhyn23,https://ror.org/05cvfcr44
"Japanese Ministry of Education, Culture, Sports, Science & Technology","Ministry of Education, Culture, Sports, Science and Technology - Japan",same_ror,https://ror.org/048rj2z13,https://ror.org/048rj2z13
"Technische Universität Berlin, Fakultät Wirtschaft und Managment, Volkswirtschaftslehre und Wirtschaftsrecht, Fachgebiet Wirtschafts- und Infrastrukturpolitik","Technische Universität Berlin, Institut für Architektur, Fachgebiet “Historische Bauforschung und Baudenkmalpflege”",same_ror,https://ror.org/03v4gjf40,https://ror.org/03v4gjf40
"National Oceanic and Atmospheric Administration, National Environmental Satellite, Data, and Information Service, National Geophysical Data Center","National Oceanographic and Atmospheric Administration, Monterey Bay National Marine Sanctuary",ror_parent_child,https://ror.org/007qwym43,https://ror.org/02z5nhe81
"Computer Network Information Center, Chinese Academy of Sciences",Institute of Geographic Sciences and Natural Resources Research,ror_parent_child,https://ror.org/034t30j35,https://ror.org/04t1cdb72
Herzog August Bibliothek,Herzog August Bibliothek Wolfenbüttel,same_ror,https://ror.org/02y5mkh60,https://ror.org/02y5mkh60
"The University of Edinburgh, Information Services","University of Edinburgh, Institute of Genetics and Cancer, MRC Human Genetics Unit",ror_parent_child,https://ror.org/01nrxwf90,https://ror.org/05hygey35
Helmholtz Centre for Infection Research,Sächsische Landesbibliothek - Staats- und Universitätsbibliothek Dresden,random_negative,https://ror.org/03d0p2685,https://ror.org/03wf51b65
"University of Hull, Hull History Centre",Universidad Austral de Chile,random_negative,https://ror.org/04nkhwh30,https://ror.org/029ycp228
"U.S Department of the Interior, National Park Service","Cologne University of Applied Science, Faculty of Information Science and Communication Studies, Institute of Information Science",random_negative,https://ror.org/044zqqy65,https://ror.org/055q8rh54
"Université PSL, Paris Observatory",French National Centre for Scientific Research,ror_parent_child,https://ror.org/029nkcm90,https://ror.org/02feahw73
Universidad Internacional de Andalucia,"University of Massachusetts Amherst, Libraries",random_negative,https://ror.org/058nh3n50,https://ror.org/0072zz521
University of Southern California,"University of Southern California, Keck School of Medicine, USC Mark and Mary Stevens Neuroimaging and Informatics Institute, Laboratory of Neuro Imaging",same_ror,https://ror.org/03taz7m60,https://ror.org/03taz7m60
"Nagoya University, Institute for Space-Earth Environmental Research","Nagoya University, Solar-Terrestrial Environment Laboratory",same_ror,https://ror.org/04chrp450,https://ror.org/04chrp450
"Université catholique de Louvain, School of Public Health, Centre for Research on the Epidemiology of Disasters",Earth Observatory of Singapore,random_negative,https://ror.org/02495e989,https://ror.org/01167a838
"University of British Columbia, Graduate Program in Bioinformatics","University of British Columbia, Institute for the Oceans and Fisheries",same_ror,https://ror.org/03rmrcq20,https://ror.org/03rmrcq20
Acadia University,Spanish Institute of Oceanography,random_negative,https://ror.org/00839we02,https://ror.org/00f3x4340
"Observatoire Midi-Pyrénées - OMP, SErvice de DOnnées de L'OMP",Institute of Research for Development,ror_parent_child,https://ror.org/030syve83,https://ror.org/05q3vnk25
Bundesgesellschaft für Endlagerung,Royal Melbourne Institute of Technology,random_negative,https://ror.org/050asrz41,https://ror.org/0132xxe06
"NASA's Goddard Space Flight Center,Sciences and Exploration Directorate, Heliospheric Physics Laboratory",U.S. National Aeronautics and Space Administration,ror_parent_child,https://ror.org/0171mag52,https://ror.org/027ka1x80
Earthscope Consortium,"University of Colorado, Institute of Arctic and Alpine Research, Community Surface Dynamics Modeling System",random_negative,https://ror.org/04danrt76,https://ror.org/00924z688
University of California Santa Cruz,"University of California, Santa Cruz, Genomics Institute",same_ror,https://ror.org/03s65by71,https://ror.org/03s65by71
"National Autonomous University of Mexico, Center for Genomic Sciences","Universidad Nacional Autónoma de México, Instituto de Astronomía",same_ror,https://ror.org/01tmp8f25,https://ror.org/01tmp8f25
"University of Alberta, Departments of Computing Science and Biological Sciences, Wishart Research Group","University of Alberta, Wishart Research Group",same_ror,https://ror.org/0160cpw27,https://ror.org/0160cpw27
"United States Department of Agriculture, World Agricultural Outlook Board","United States Department of Agriculture, National Agricultural Statistics Service",ror_parent_child,https://ror.org/01na82s61,https://ror.org/04dpymk59
Peking University,"Peking University, Center for Bioinformatics",same_ror,https://ror.org/02v51f717,https://ror.org/02v51f717
"Universita degli Studi di Roma 'Tor Vergata', Dipartimento di Biologia","University of Rome ""Tor Vergata""",same_ror,https://ror.org/02p77k626,https://ror.org/02p77k626
"U.S. Department of Health & Human Services, Agency for Healthcare Research and Quality","Substance Abuse & Mental Health Services Administration, Center for Behavioral Health Statistics and Quality",ror_parent_child,https://ror.org/033jnv181,https://ror.org/03t3qg659
Institut de Recerca i Tecnologia Agroalimentàries,Nofer Institute of Occupational Medicine,random_negative,https://ror.org/012zh9h13,https://ror.org/02b5m3n83
Chesapeake Research Consortium,Alma Mater Studiorum - University of Bologna,random_negative,https://ror.org/00f2ymb10,https://ror.org/01111rn36
"Columbia University Libraries, Open Scholarship Services","Columbia University, Earth Institute, International Research Institute for Climate and Society",same_ror,https://ror.org/00hj8s172,https://ror.org/00hj8s172
"Johns Hopkins University,  National Heart Lung & Blood Institute","National Institutes of Health, National Heart, Lung and Blood Institute",same_ror,https://ror.org/012pb6c26,https://ror.org/012pb6c26
Österreischische Akademie der Wissenschaften,Österrreichische Akademie der Wissenschaften,same_ror,https://ror.org/03anc3s24,https://ror.org/03anc3s24
"US Department of Energy, Office of Science",United Nations Environment Programme - World Conservation Monitoring Centre,random_negative,https://ror.org/00mmn6b08,https://ror.org/04570b518
U.S. Department of Energy's Scientific Discovery through Advanced Computing program,"U.S. Department of Energy, Energy Information Administration",same_ror,https://ror.org/01bj3aw27,https://ror.org/01bj3aw27
"European Space Astronomy Centre, INTEGRAL Science Operations Centre","European Space Agency, ISO Data Centre",ror_parent_child,https://ror.org/00kw1sm04,https://ror.org/03wd9za21
"Hochschule für Musik und Theater München, Bibliothek",University of Music and Theatre Munich,same_ror,https://ror.org/02m7p2c22,https://ror.org/02m7p2c22
"University Corporation for Atmospheric Research, National Center for Atmospheric Research","Agricultural University of Athens, Department of Food Science and Human Nutrition",random_negative,https://ror.org/04zhhyn23,https://ror.org/03xawq568
European Commission Seventh Framework Programme,"European Commission, Research & Innovation, 6th Framework Programme",same_ror,https://ror.org/00k4n6c32,https://ror.org/00k4n6c32
University of Oxford e-Research Centre,"University of Oxford, Bodleian Libraries",same_ror,https://ror.org/052gg0110,https://ror.org/052gg0110
"Southwest University, State Key Laboratory of Silkworm Genome Biology",National Library of Scotland,random_negative,https://ror.org/01kj4z117,https://ror.org/051samc18
"Ghent University, Department of Biology","Ghent University, VIB-UGent Center for Inflammation Research",ror_parent_child,https://ror.org/00cv9y106,https://ror.org/04q4ydz28
The University of British Columbia,"University of British Columbia, Land Use and Global Environment Research Group",same_ror,https://ror.org/03rmrcq20,https://ror.org/03rmrcq20
"University of Cambridge, Department of Genetics","University of Cambridge, Department of Physiology, Development and Neuroscience",same_ror,https://ror.org/013meh722,https://ror.org/013meh722
"National Center for Atmospheric Research, University Corporation for Antmospheric Research, Library",University Corporation for Atmosheric Research,same_ror,https://ror.org/04zhhyn23,https://ror.org/04zhhyn23
The Terry Fox Foundation,Spanish National Research Council,random_negative,https://ror.org/05vd00053,https://ror.org/02gfc7t72
Wellcome,Wellcome Trust,same_ror,https://ror.org/029chgv08,https://ror.org/029chgv08
"Australian Government, Geoscience Australia",Hochschule der Medien,random_negative,https://ror.org/04ge02x20,https://ror.org/022r03w28
NOAA Air Resources Laboratory,"Agricultural University of Athens, Department of Food Science and Human Nutrition",random_negative,https://ror.org/0061q5f61,https://ror.org/03xawq568
"University of Texas at Austin, Center for Computational Biology and Bioinformatics",Texas Advanced Computing Center,ror_parent_child,https://ror.org/00hj54h04,https://ror.org/00xg4bh43
"NIH, National Institute of Environmental Health Sciences, Superfund Research Program",Institute of Food Sciences,random_negative,https://ror.org/00j4k1h63,https://ror.org/0013zhk30
"National Aeronautics and Space Administration, Land Processes Distributed Active Archive Center",NASA Marshall Space Flight Center Earth Science Office,ror_parent_child,https://ror.org/027ka1x80,https://ror.org/02epydz83
National Institute on Minority Health and Health Disparities,United States Forest Service,random_negative,https://ror.org/0493hgw16,https://ror.org/03zmjc935
American Concrete Institute,OpenStreetMap Foundation,random_negative,https://ror.org/02a207p76,https://ror.org/01b09k795
"European Commission, EASME, Life programme","European Commission, Seventh Framework Programme",same_ror,https://ror.org/00k4n6c32,https://ror.org/00k4n6c32
Instituto Politécnico de Bragança,Office of Critical Minerals and Energy Innovation,random_negative,https://ror.org/00prsav78,https://ror.org/02xznz413
"University of Oxford, Bodleian Digital Library Systems and Services","University of Oxford, Nuffield Department of Medicine, Centre for Medicines Discovery, Target Discovery Institute",same_ror,https://ror.org/052gg0110,https://ror.org/052gg0110
"U.S. Department of Agriculture, Digital Infrastructure Services Center, Data Center Hosting Services","United States Department of Agriculture, Animal and Plant Health Inspection Service, Plant Protection and Quarantine Program",ror_parent_child,https://ror.org/01na82s61,https://ror.org/0599wfz09
"University of Minho, Centre of Biological Engineering",French Research Institute for Exploitation of the Sea,random_negative,https://ror.org/037wpkx04,https://ror.org/044jxhp58
"Humboldt-Universität zu Berlin,  Kultur-, Sozial- und Bildungswissenschaftliche Fakultät, Winckelmann-Institut","Humboldt-Universität zu Berlin, DFG-Schwerpunktprogramm 1859",same_ror,https://ror.org/01hcx6992,https://ror.org/01hcx6992
University of Arkansas for Medical Sciences,Government of Newfoundland and Labrador,random_negative,https://ror.org/00xcryt71,https://ror.org/01jet5b79
"National Oceanic and Atmospheric Administration, Pacific Marine Environmental Laboratory","NOAA National Centers for Environmental Information, Ocean Climate Laboratory",ror_parent_child,https://ror.org/02z5nhe81,https://ror.org/04r0wrp59
Indian Institute of Chemical Biology,"Government of India, Ministry of Science and Technology, Council of Scientific and Industrial Research",ror_parent_child,https://ror.org/01kh0x418,https://ror.org/021wm7p51
OpenAIRE,École et Observatoire des Sciences de la Terre,random_negative,https://ror.org/019kf3481,https://ror.org/030qxve40
Forschungsverbund Berlin,"Hasso Plattner Institut,  Future SOC Lab",random_negative,https://ror.org/059m1v232,https://ror.org/058rn5r42
Chinese Academy of Sciences,"Chinese Academy of Sciences, Institute of High Energy Physics",ror_parent_child,https://ror.org/034t30j35,https://ror.org/03v8tnc06
"University of Duisburg-Essen, Faculty of the Social Sciences, Institute of Political Science",Helmholtz-Zentrum Hereon,random_negative,https://ror.org/04mz5ra38,https://ror.org/03qjp1d79
UC San Diego,University of California San Diego,same_ror,https://ror.org/0168r3w48,https://ror.org/0168r3w48
"Chinese Academy of Sciences, Northwest Institute of Eco-Environment and Resources",Institute of Tibetan Plateau Research - Chinese Academy of Sciences,ror_parent_child,https://ror.org/01jz1e142,https://ror.org/034t30j35
"Beijing Institute of Genomics, Chinese Academy of Sciences, China National Center for BioInformation, National Genomics Data Center","Chinese Academy of Sciences, Beijing Institute of Genomics",ror_parent_child,https://ror.org/034t30j35,https://ror.org/049gn7z52
"European Commission, HORIZON 2020","European Union, Horizon 2020",ror_parent_child,https://ror.org/00k4n6c32,https://ror.org/019w4f821
"TU Wien, Campus IT","Vienna University of Technology, Department of Geodesy and Geoinformation",same_ror,https://ror.org/04d836q62,https://ror.org/04d836q62
"National Institute of Allergy and Infectious Deseases, Bioinformatics Resource Centers","University of California, Mutant Mouse Resource & Research Centers",same_ror,https://ror.org/033tgbx59,https://ror.org/033tgbx59
"Children's Hospital of Philadelphia, Division of Oncology, Department of Pediatrics",Institut de Física d'Altes Energies,random_negative,https://ror.org/01z7r7q48,https://ror.org/01sdrjx85
North-West University,"Mount Sinai Hospital, Samuel Lunenfeld Research Institute",random_negative,https://ror.org/010f1sq29,https://ror.org/01s5axj25
Canadian Association of Research Libraries,"Federal Ministry of Health, Federal Institute of Public Health",random_negative,https://ror.org/001tw8739,https://ror.org/054c9y537
Université de Paris-Sorbonne,RMC Lab,ror_parent_child,https://ror.org/05f82e368,https://ror.org/05wzw4r89
"University Corporation for Atmospheric Research, National Science Digital Library",National Center for Atmospheric Research,ror_parent_child,https://ror.org/04zhhyn23,https://ror.org/05cvfcr44
"Norwegian Institute for Air Research, Chemical Coordinating Centre",Deutsche Lufthansa AG,random_negative,https://ror.org/00q7d9z06,https://ror.org/05hp2t033
Institut national de la recherche scientifique,"Institut national de la recherche scientifique, Service de documentation et d'information spécialisées",same_ror,https://ror.org/04td37d32,https://ror.org/04td37d32
"Goddard Space Flight Center, Ocean Biology Processing Group, Ocean Color Web","National Aeronautics and Space Administration, Atmospheric Science Data Center",ror_parent_child,https://ror.org/0171mag52,https://ror.org/027ka1x80
"Institut National de Recherche pour l'Agriculture, l'Alimentation et l'Environnement","National Research Institute for Agriculture, Food and Environment",same_ror,https://ror.org/003vg9w96,https://ror.org/003vg9w96
in medias res - Gesellschaft für Informationstechnologie mbH,Claremont Colleges Library's Center for Digital Initiatives,random_negative,https://ror.org/03220m208,https://ror.org/03xaz7s88
"U.S. Department of Commerce, U.S. Census Bureau, TheDataWeb",Open Society Institute,random_negative,https://ror.org/04chq2495,https://ror.org/00qnfvz68
United States Department of Agriculture,"U.S. Department of Agriculture, Natural Resources Conservation Service",ror_parent_child,https://ror.org/01na82s61,https://ror.org/03j7rgg33
"TU Wien, Campus IT","TU Wien, Center for Research Data Management",same_ror,https://ror.org/04d836q62,https://ror.org/04d836q62
European Commission,Directorate-General for Health and Food Safety,ror_parent_child,https://ror.org/00k4n6c32,https://ror.org/0399w1j22
Ionian University. Laboratory on Digital Libraries and Electronic Publishing,Council of Scientific and Industrial Research,random_negative,https://ror.org/01xm4n520,https://ror.org/021wm7p51
Institut de Physique du Globe de Paris,"Centre National de la recherche scientifique, Institut national des sciences de l'univers",ror_parent_child,https://ror.org/004gzqz66,https://ror.org/04kdfz702
"U.S. Department of Energy, Fusion Energy Sciences, Office of  Science","U.S. Department of Energy, Biological and Environmental Research",ror_parent_child,https://ror.org/00mmn6b08,https://ror.org/01bj3aw27
Le Centre national de la recherche scientifique,"Maison Archéologie & Ethnologie, Renè-Ginouvès, Laboratoire d’Ethnologie et de Sociologie Comparative",ror_parent_child,https://ror.org/02feahw73,https://ror.org/056swcy54
"Harvard University, Institute for Quantitative Social Sciences","Harvard University, Museum of Comparative Zoology",same_ror,https://ror.org/03vek6s52,https://ror.org/03vek6s52
European Commission Seventh Framework Programme,"European Commission, Directorate-General Communication",same_ror,https://ror.org/00k4n6c32,https://ror.org/00k4n6c32
University of Basel,"Universität Basel, Research group Torsten Schwede",same_ror,https://ror.org/02s6k3f65,https://ror.org/02s6k3f65
"Harvard-Smithsonian Center for Astrophysics, Smithsonian Astrophysical Observatory",Harvard University Herbaria & Libraries,ror_parent_child,https://ror.org/03c3r2d17,https://ror.org/03vek6s52
Servicio Geológico Minero Argentino,Bundesministerium für Wirschaft und Energie,random_negative,https://ror.org/04t8w3r40,https://ror.org/02vgg2808
The University of Manchester,University of Manchester,same_ror,https://ror.org/027m9bs27,https://ror.org/027m9bs27
"US Department of Energy, Office of Science, Nuclear Physics NP","U.S.Department of Energy, Office of Science, Office of Scientific and Technical Information",ror_parent_child,https://ror.org/00mmn6b08,https://ror.org/031478740
"National Aeronautics and Space Administration, Earth Observing System Data and Information System",Empresa Brasileira de Pesquisa Agropecuária,random_negative,https://ror.org/027ka1x80,https://ror.org/0482b5b22
"International Atomic Energy Agency, International Network of Nuclear Reaction Data Centres","OECD Nuclear Energy Agency, Computer Program Services",ror_parent_child,https://ror.org/00e50mf91,https://ror.org/01xy6f245
"European Commission, Directorate-General Communication","European Commission, HORIZON 2020",same_ror,https://ror.org/00k4n6c32,https://ror.org/00k4n6c32
Federal Office of Meteorology and Climatology MeteoSwiss,Swiss GCOS Office at the Federal Office of Meteorology and Climatology,same_ror,https://ror.org/03wbkx358,https://ror.org/03wbkx358
Fraunhofer-Institut für Zelltherapie und Immunologie,"Karlsruhe Institute of Technology, Institute of Climatology and Climate Research, Atmospheric Trace Gases and Remote Sensing",random_negative,https://ror.org/04x45f476,https://ror.org/04t3en479
Leibniz-Informationszentrum Technik und Naturwissenschaften und Universitätsbibliothek Hannover,Technische Informationsbibliothek,same_ror,https://ror.org/04aj4c181,https://ror.org/04aj4c181
"University of Saskatchewan, Global Institute for Water Security",GeoSphere Austria,random_negative,https://ror.org/05997db74,https://ror.org/0181cy234
Pacific Southwest Research Station,"National Institutes of Health, Division of Program Coordination Planning and Strategic Initiatives",random_negative,https://ror.org/036a0fn15,https://ror.org/02e3wq066
"European Commission, Directorate-General Communication","European Commission, Infrastructure for Spatial Information in the European Community",same_ror,https://ror.org/00k4n6c32,https://ror.org/00k4n6c32
Roskilde University,Danish e-infrastructure Cooperation,random_negative,https://ror.org/014axpa37,https://ror.org/03f0nev63
"King's College London, Department of Twin Research & Genetic Epidemiology","University of London, CoSector",ror_parent_child,https://ror.org/0220mzb33,https://ror.org/04cw6st05
"Staatlichen Akademie der Bildenden Künste Stuttgart, Lehrstuhl für Mittlere und Neuere Kunstgeschichte","Université Paris-Sud, Laboratoire de Physique des Gaz et des Plasmas",random_negative,https://ror.org/00zayq578,https://ror.org/04bgjpg77
"National Aeronautics and Space Administration, Goddard Space Flight Center, Astrophysics Science Division","National Aeronautics and Space Administration, Science Mission Directorate",same_ror,https://ror.org/027ka1x80,https://ror.org/027ka1x80
Columbia University,"Columbia University, Lamont-Doherty Earth Observatory",ror_parent_child,https://ror.org/00hj8s172,https://ror.org/02e2tgs60
"Washington University in St. Louis, School of Medicine","Washington University in St.Louis, School of Law, Center for Empirical Research in the Law",same_ror,https://ror.org/01yc7t268,https://ror.org/01yc7t268
University College London,"University College London, British Heart Foundation, Cardiovascular Gene Annotation",same_ror,https://ror.org/02jx3x895,https://ror.org/02jx3x895
"Frankfurt Biotechnology Innovation Center, MBN Research Center",Canadian Institutes of Health Research,random_negative,https://ror.org/04jm9wm67,https://ror.org/01gavpb45
Fraunhofer Fokus,Fraunhofer-Gesellschaft zur Förderung der angewandten Forschung e.V.,ror_parent_child,https://ror.org/00px80p03,https://ror.org/05hkkdn48
UC San Diego Library,Scripps Institution of Oceanography,ror_parent_child,https://ror.org/0168r3w48,https://ror.org/04v7hvq31
"United States Department of Agriculture, Agricultural Research Services","U.S. Department of Agriculture, Natural Resources Conservation Service",ror_parent_child,https://ror.org/01na82s61,https://ror.org/03j7rgg33
"Centre National de la Recherche Scientifique, Institut National des Sciences de l'Univers",Institut de Recherche en Astrophysique et Planétologie,ror_parent_child,https://ror.org/04kdfz702,https://ror.org/05hm2ja81
"Analyse et Traitement Informatique de La Langue Francaise, Centre National de Ressources Textuelles et Lexicales",University of Lorraine,ror_parent_child,https://ror.org/02cy9g557,https://ror.org/04vfs2w97
Centre national d'études spatiales,Institut de Recherche en Astrophysique et Planétologie,ror_parent_child,https://ror.org/04h1h0y33,https://ror.org/05hm2ja81
"Instituto Nacional de Astrofísica, Óptica y Electrónica","University of Oregon, UO Libraries",random_negative,https://ror.org/00bpmmc63,https://ror.org/0293rh119
"European Molecular Biology Laboratory, European Bioinformatics Institute, Protein Data Bank in Europe","European Molecular Biology Laboratory, European Bioinformatics Institute, Thornton Group",same_ror,https://ror.org/02catss52,https://ror.org/02catss52
Leibniz Centre for Agricultural Landscape Research,DIPF | Leibniz Institute for Research and Information in Education,random_negative,https://ror.org/01ygyzs83,https://ror.org/0327sr118
"Karlsruhe Institute of Technology, Center for Disaster Management and Risk Reduction Technology","Karlsruhe Institute of Technology, Institute of Climatology and Climate Research, Atmospheric Trace Gases and Remote Sensing",same_ror,https://ror.org/04t3en479,https://ror.org/04t3en479
"Université de Strasbourg, Centre National de la Recherche Scientifique, Strasbourg Observatory","Université d'Aix-Marseille, Laboratoire Architecture et Fonction des Macromolécules Biologiques",ror_parent_child,https://ror.org/02feahw73,https://ror.org/04jm8zw14
"National Center for Atmospheric Research, University Corporation for Atmospheric Research","University Corporation for Atmospheric Research, UNIDATA",same_ror,https://ror.org/04zhhyn23,https://ror.org/04zhhyn23
"U.S. Department of Energy, Fusion Energy Sciences, Office of  Science","U.S. Department of Energy, Office of Science, Office of Nuclear Physics",ror_parent_child,https://ror.org/00mmn6b08,https://ror.org/02atag894
CSIR Central Food Technological Research Institute,Alfred  P.  Sloan Foundation,random_negative,https://ror.org/01d7fn555,https://ror.org/052csg198
Federal Office of Meteorology and Climatology,Federal Office of Meteorology and Climatology MeteoSwiss,same_ror,https://ror.org/03wbkx358,https://ror.org/03wbkx358
"University of California, San Diego, San Diego Supercomputer Center",San Diego Supercomputer Center,ror_parent_child,https://ror.org/0168r3w48,https://ror.org/04mg3nk07
"University Corporation for Atmospheric Research, National Science Digital Library","National Science Foundation National Center for Atmospheric Research, Computational and Information Systems Laboratory",ror_parent_child,https://ror.org/04zhhyn23,https://ror.org/05xc0qp17
Alfred  P.  Sloan Foundation,Alfred P. Sloan Foundation,same_ror,https://ror.org/052csg198,https://ror.org/052csg198
AIX-Marseille Université,huma-num,ror_parent_child,https://ror.org/035xkbk20,https://ror.org/04ces3204
"National Research Council of Italy , Italian Institute of Polar Sciences",Scottish Environment Protection Agency,random_negative,https://ror.org/05d49bv37,https://ror.org/01kxjy285
Joint Nature Conservation Committee,National Institute on Aging Genetics of Alzheimer's Disease Data Storage Site,random_negative,https://ror.org/05tzsrw37,https://ror.org/049v75w11
"UK Research and Innovation, Industrial Strategy Challenge Fund","UK Research and Innovation, Science and Technology Facilities Council, Data & Software Engineering Group",ror_parent_child,https://ror.org/001aqnf71,https://ror.org/057g20z61
"Aix-Marseille University, Maison Méditerranéenne des Sciences de l’Homme",French National Centre for Scientific Research (CNRS),ror_parent_child,https://ror.org/01ejp3f31,https://ror.org/02feahw73
"Chinese Academy of Sciences,  Institute of Computing Technology","China National Center for Bioinformation / Beijing Institute of Genomics, Chinese Academy of Sciences",ror_parent_child,https://ror.org/0090r4d87,https://ror.org/034t30j35
"U.S. Department of Health & Human Services, National Institutes of Health, U.S. National Library of Medicine","National Institutes of Health, National Library of Medicine, National Center for Biotechnology Information",ror_parent_child,https://ror.org/0060t0j89,https://ror.org/02meqm098
"Centre for Australian National Biodiversity Research, Australian National Herbarium",Commonwealth Scientific and Industrial Research Organisation,ror_parent_child,https://ror.org/00n82gt57,https://ror.org/03qn8fb07
"UKRI, Daresbury Laboratory","Instituto Brasileiro de Informação em Ciência e Tecnologia, Rede Cariniana",random_negative,https://ror.org/0089bg420,https://ror.org/006c42y96
"Karlsruhe Institute of Technology, Helmholtz Program Natural, Artificial and Cognitive Information Processing,  BioInterfaces in Technology and Medicine","Karlsruhe Institute of Technology, Institute of Meteorology and Climate Research - Atmospheric Environmental Research",same_ror,https://ror.org/04t3en479,https://ror.org/04t3en479
United States Department of Agriculture,"United States Department of Agriculture, Economics, Statistics, and Market Information System",same_ror,https://ror.org/01na82s61,https://ror.org/01na82s61
Medical University of Bialystok,"U.S. Environmental Protection Agency, Chesapeake Bay Program Office",random_negative,https://ror.org/00y4ya841,https://ror.org/04x4haa49
"National Institute for Basic Biology, Department of Cell Biology",The Terry Fox Foundation,random_negative,https://ror.org/05q8wtt20,https://ror.org/05vd00053
"Bronfenbrenner Center for Translational Research, Cornell University","Cornell University, Computer Science Department, Robot Learning Lab",same_ror,https://ror.org/05bnh6r87,https://ror.org/05bnh6r87
University of Edinburgh,"University of Edinburgh, Institute for Adaptive and Neural Computation",same_ror,https://ror.org/01nrxwf90,https://ror.org/01nrxwf90
UC Berkeley School of Information,"University of California, Berkeley, Department of Demography",same_ror,https://ror.org/01an7q238,https://ror.org/01an7q238
Earth Science Information Partners,"Institut National de Physique Nucléaire et de Physique de Particules, Centre de Calcul",random_negative,https://ror.org/03q5xa910,https://ror.org/03fd77x13
NOAA's National Centers for Environmental Information,"National Centers for Environmental Information, Ocean Climate Laboratory",same_ror,https://ror.org/04r0wrp59,https://ror.org/04r0wrp59
Institut de Recherche en Astrophysique et Planétologie,Engineering and Physical Sciences Research Council,random_negative,https://ror.org/05hm2ja81,https://ror.org/0439y7842
"National Aeronautics and Space Administration, MODIS Level 1 and Atmosphere Archive and Distribution System",NASA  Ocean Color Web,ror_parent_child,https://ror.org/027ka1x80,https://ror.org/037ch5s45
Alberta Innovates,Alberta Innovates Bio Solutions,same_ror,https://ror.org/00ynafe15,https://ror.org/00ynafe15
"Temple University, Liberles group",The Irving Ludmer Family Foundation,random_negative,https://ror.org/00kx1jb78,https://ror.org/027ezef52
"United States Department of Agriculture, Agricultural Research Services",United States Department of Agriculture - Agricultural Research Service,ror_parent_child,https://ror.org/01na82s61,https://ror.org/02d2m2044
"University of Belgrade, Institute of molecular genetics and genetic engineering,","Directorate of Economics and Statistics (DES), Planning Department, Government of Maharastra",random_negative,https://ror.org/026ynmk26,https://ror.org/057ykey20
Group on Earth Observations,"Friedrich-Löffler-Institut, Bundesforschungsinstitut für Tiergesundheit",random_negative,https://ror.org/04xfre028,https://ror.org/025fw7a54
Columbia University,Lamont-Doherty Earth Observatory,ror_parent_child,https://ror.org/00hj8s172,https://ror.org/02e2tgs60
"Humboldt-Universität zu Berlin,  Kultur-, Sozial- und Bildungswissenschaftliche Fakultät, Winckelmann-Institut","Humboldt-Universität zu Berlin, Institut für Archäologie, Archäologie und Kulturgeschichte Nordostafrikas",same_ror,https://ror.org/01hcx6992,https://ror.org/01hcx6992
"University of Pittsburgh,  Kenneth P. Dietrich School of Arts and Sciences","University of Pittsburgh, Department of Chemistry",same_ror,https://ror.org/01an3r305,https://ror.org/01an3r305
"National Aeronautics and Space Administration, Goddard Space Flight Center","National Aeronautics and Space Administration, Goddard Space Flight Center, Ocean Biology Distributed Active Archive Center",ror_parent_child,https://ror.org/027ka1x80,https://ror.org/037ch5s45
"Universidad Nacional Autónoma de México, Dirección General de Bibliotecas y Servicios Digitales de Información",Gordon and Betty Moore Foundation,random_negative,https://ror.org/04jan8q76,https://ror.org/006wxqw41
Aarhus University,The National Biodiversity Network,random_negative,https://ror.org/01aj84f44,https://ror.org/00mcxye41
NASA - Goddard Space Flight Center,NASA's Goddard Space Flight Center,same_ror,https://ror.org/0171mag52,https://ror.org/0171mag52
SIB Swiss Institute of Bioinformatics,Swiss Institute of Bioniformatics,same_ror,https://ror.org/002n09z45,https://ror.org/002n09z45
National Oceanic and Atmospheric Administration,"U.S Department of Commerce, National Oceanic and Atmospheric Administration, National Weather Service",same_ror,https://ror.org/02z5nhe81,https://ror.org/02z5nhe81
Indian Space Research Organisation,Universidad Autonoma de Manizales,random_negative,https://ror.org/00cwrns71,https://ror.org/00jfare13
Cary Institute of Ecosystem Studies,National Bureau of Statistics of China,random_negative,https://ror.org/01dhcyx48,https://ror.org/008zm7t63
Helmholtz Association of German Research Centres,GSI Helmholtz Centre for Heavy Ion Research,ror_parent_child,https://ror.org/0281dp749,https://ror.org/02k8cbn47
"Harvard Medical School, Dana-Faber/Harvard Cancer Center","Harvard University, Institute for Quantitative Social Sciences",ror_parent_child,https://ror.org/03pvyf116,https://ror.org/03vek6s52
Instituto Nacional de Pesquisas da Amazônia,Western Economic Diversification Canada,random_negative,https://ror.org/01xe86309,https://ror.org/002sgqx17
"NASA, Jet Propulsion Laboratory","National Aeronautics and Space Administration, MODIS Level 1 and Atmosphere Archive and Distribution System",ror_parent_child,https://ror.org/027k65916,https://ror.org/027ka1x80
"U.S. Department of Energy, Office of Science","U.S. Department of Energy, Biological and Environmental Research",ror_parent_child,https://ror.org/00mmn6b08,https://ror.org/01bj3aw27
"Universität zu Köln, Mathematisch-Naturwissenschaftliche Fakultät, Institut für Geophysik und Meteorologie","Schweizerischer Erdbebendienst, ETH Zürich",ror_parent_child,https://ror.org/02xcy2g83,https://ror.org/05a28rw58
Fundação de Apoio à Pesquisa do Estado da Paraíba,National Institute of Nursing Research,random_negative,https://ror.org/021y4b202,https://ror.org/01y3zfr79
Laboratoire Ligérien de Linguistique,International Union of Crystallography,random_negative,https://ror.org/04s6f1186,https://ror.org/00vdend65
University of Belgrade Computer Centre,"University of Belgrade, Faculty of Veterinary Medicine",same_ror,https://ror.org/02qsmb048,https://ror.org/02qsmb048
"Columbia University,  Lamont-Doherty Earth Observatory",Chinese Academy of Tropical Agricultural Sciences,random_negative,https://ror.org/02e2tgs60,https://ror.org/003qeh975
"Ministry of Science, Innovation and Universities",ELI ERIC,random_negative,https://ror.org/05r0vyz12,https://ror.org/03ct7hs15
Collège de France,Natural Resources Institute Finland,random_negative,https://ror.org/04ex24z53,https://ror.org/02hb7bm88
University of Innsbruck,"Universität Innsbruck, Central IT-Services",same_ror,https://ror.org/054pv6659,https://ror.org/054pv6659
"National Oceanic and Atmospheric Administration, National Weather Service, Climate Prediction Center","U. S. Department of Commerce, National Oceanic and Atmospheric Administration, Global Monitoring Division, Earth System Research Laboratory",same_ror,https://ror.org/02z5nhe81,https://ror.org/02z5nhe81
"National Oceanic and Atmospheric Administration, National Centers for Environmental Prediction","National Centers for Environmental Information,  National Oceanographic Data Center",ror_parent_child,https://ror.org/02z5nhe81,https://ror.org/04r0wrp59
"University of Cambridge, Cambridge University Library","University of Cambridge, Scott Polar Research Institute, Library",same_ror,https://ror.org/013meh722,https://ror.org/013meh722
GESIS - Leibniz Institute for the Social Sciences,Gesis - Leibniz-Institut für Sozialwissenschaften,same_ror,https://ror.org/018afyw53,https://ror.org/018afyw53
"University of Zurich, Institute of Molecular Life Sciences, Baudis Group",Météo-France,random_negative,https://ror.org/04t4pws42,https://ror.org/0233st365
City of Calgary,The Kyoto University Museum,random_negative,https://ror.org/02sgaqm31,https://ror.org/05gwbwn20
"National Aeronautics and Space Administration, Crustal Dynamics Data Information System","National Aeronautics and Space Administration, Smithsonian Astrophysical Observatory, Chandra X-Ray Observatory",same_ror,https://ror.org/027ka1x80,https://ror.org/027ka1x80
"National Oceanic and Atmospheric Administration, National Environmental Satellite, Data, and Information Service, National Geophysical Data Center","National Oceanic and Atmospheric Administration, National Centers for Environmental Information",ror_parent_child,https://ror.org/007qwym43,https://ror.org/04r0wrp59
UC San Diego,"University of California, San Diego",same_ror,https://ror.org/0168r3w48,https://ror.org/0168r3w48
"University of British Columbia, Department of Microbiology and Immunology, R.E. W. Hancock Laboratory","University of British Columbia, Library",same_ror,https://ror.org/03rmrcq20,https://ror.org/03rmrcq20
"U.S Department of Commerce, National Oceanic and Atmospheric Administration, National Weather Service","The National Oceanic and Atmospheric Administration, National Centers for Environmental Information",ror_parent_child,https://ror.org/02z5nhe81,https://ror.org/04r0wrp59
Uppsala University,Institut für Sozialwissenschaftliche Forschung,random_negative,https://ror.org/048a87296,https://ror.org/0120amd78
"University of California, San Diego, San Diego Supercomputer Center, Metabolomics Program's Data Repository and Coordinating Center","University of California San Diego,  Swartz Center for Computational Neuroscience",ror_parent_child,https://ror.org/0168r3w48,https://ror.org/01bt2qm76
"Centre National de la recherche scientifique, Institut national des sciences de l'univers","Centre de Données Astronomiques de Strasbourg, Observatoire astronomique de Strasbourg",ror_parent_child,https://ror.org/04kdfz702,https://ror.org/04xsj2p07
"University of Copenhagen, The Novo Nordisk Foundation, Center for Protein Research",Natural History Museum of Denmark,ror_parent_child,https://ror.org/035b05819,https://ror.org/040ck2b86
Institut National d'Études Démographiques,California Institute of Technology,random_negative,https://ror.org/02cnsac56,https://ror.org/05dxps055
University Corporation for Atmosheric Research,"University Corporation for Atmospheric Research - National Center for Atmospheric Research, Climate and Global Dynamics Laboratory",same_ror,https://ror.org/04zhhyn23,https://ror.org/04zhhyn23
"University of Toronto, Bader Lab","University of Toronto, Donnelly Centre for Cellular and Biomolecular Research",same_ror,https://ror.org/03dbr7087,https://ror.org/03dbr7087
SickKids,"Universität Bielefeld, Sonderforschungsbereich 882 ""Von Heterogenitäten zu Ungleichheiten""",random_negative,https://ror.org/057q4rt57,https://ror.org/02hpadn98
Jet Propulsions Laboratory,"National Aeronautics and Space Administration, Smithsonian Astrophysical Observatory, Chandra X-Ray Observatory",ror_parent_child,https://ror.org/027k65916,https://ror.org/027ka1x80
UK Centre for Ecology & Hydrology,"Université de Strasbourg, Centre National de la Recherche Scientifique, Strasbourg Observatory",random_negative,https://ror.org/00pggkr55,https://ror.org/02feahw73
"National Oceanic and Atmospheric Administration, National Centers for Environmental Prediction","U. S. Department of Commerce, National Oceanic and Atmospheric Administration, Global Monitoring Division, Earth System Research Laboratory",same_ror,https://ror.org/02z5nhe81,https://ror.org/02z5nhe81
"Temple University, Department of Biology, Center for Computational Genetics and Genomics","University of Miami, Miller School of Medicine Department of Biochemistry and Molecular Biology",random_negative,https://ror.org/00kx1jb78,https://ror.org/02dgjyy92
"Case Western Reserve University, Kelvin Smith Library",SRI International,random_negative,https://ror.org/051fd9666,https://ror.org/05s570m15
University of Alberta Libraries,"University of Alberta, Departments of Computing Science and Biological Sciences, Wishart Research Group",same_ror,https://ror.org/0160cpw27,https://ror.org/0160cpw27
NASA's Jet Propulsion Laboratory,"National Aeronautics and Space Administration, Land Processes Distributed Active Archive Center",ror_parent_child,https://ror.org/027k65916,https://ror.org/027ka1x80
Canadian Integrated Ocean Observing System,Tigray Health Research Institute,random_negative,https://ror.org/0390v9245,https://ror.org/00e798h81
European Synchrotron Radiation Facility,"NASA,  Goddard Space Flight Center, Wallops Flight Facility",random_negative,https://ror.org/02550n020,https://ror.org/00r57r863
"Canadian Epigenetics, Environment and Health Research Consortium","Canadian Institutes of Health Research, The Canadian Epigenetics, Environment and Health Research Consortium",same_ror,https://ror.org/027svba45,https://ror.org/027svba45
"National Institute for Health Research, School for Primary Care Research",German Cancer Research Center,random_negative,https://ror.org/0187kwz08,https://ror.org/04cdgtt98
"Infrared Processing and Analysis Center, Science and Data Center for Infrared Astronomy",NASA's Infrared Processing and Analysis Centre,same_ror,https://ror.org/05q79g396,https://ror.org/05q79g396
"National Aeronautics and Space Administration, Goddard Earth Sciences Data and Information Services Center",NASA Langley Research Center,ror_parent_child,https://ror.org/027ka1x80,https://ror.org/0399mhs52
"European Comission, Horizon 2020","European Commission, HORIZON 2020",same_ror,https://ror.org/00k4n6c32,https://ror.org/00k4n6c32
National Oceanic and Atmospheric Administration's National Ocean Service,"U.S. Department of Commerce, U.S. Census Bureau",ror_parent_child,https://ror.org/02z5nhe81,https://ror.org/04chq2495
Le Centre national de la recherche scientifique,"Université Pierre et Marie Curie, Institut Pierre Simon Laplace, Laboratoire d'Océanographie et du Climat: Expérimentations et Approches Numériques",ror_parent_child,https://ror.org/02feahw73,https://ror.org/05j3atf73
Government of Newfoundland and Labrador,Radiological Society of North America,random_negative,https://ror.org/01jet5b79,https://ror.org/00rj4x019
"University of Colorado Boulder, Laboratory for Atmospheric and Space Physics, Extreme Ultraviolet Variability Experiment",Ashoka University,random_negative,https://ror.org/01fcjzv38,https://ror.org/02j1xr113
"National & Kapodistrian University of Athens, Department of Political Science  and Public Administration","National and Kapodistrian University of Athens, School of Sciences, Department of Geology and Geoenvironment",same_ror,https://ror.org/04gnjpq42,https://ror.org/04gnjpq42
"European Commission, Research and Innovation","UK Search and Innovation, Biotechnology and Biological Sciences Research Council",ror_parent_child,https://ror.org/001aqnf71,https://ror.org/00cwqg982
National University of Singapore,National University of Singapore Libraries,same_ror,https://ror.org/01tgyzw49,https://ror.org/01tgyzw49
European Commission Seventh Framework Programme,"European Commission, Research & Innovation, Seventh Framework Programm, FP7",same_ror,https://ror.org/00k4n6c32,https://ror.org/00k4n6c32
"United States Department of Agriculture, Foreign Agricultural Service","United States Department of Agriculture, National Agricultural Statistics Service",ror_parent_child,https://ror.org/01na82s61,https://ror.org/04dpymk59
"U.S. Department of Energy, Office of Science","U.S. Department of Energy, Microbial Genome Program",ror_parent_child,https://ror.org/00mmn6b08,https://ror.org/01bj3aw27
"United States Department of Agriculture,  Forest Service",United States Department of Agriculture - Agricultural Research Service,ror_parent_child,https://ror.org/01na82s61,https://ror.org/02d2m2044
The CLARIN Centre at the University of Copenhagen,"University of Copenhagen, Department of Biology, The Bioinformatics Centre",same_ror,https://ror.org/035b05819,https://ror.org/035b05819
"National Aeronautics and Space Administration, Socioeconomic Data and Applications Center","National Aeronautics and Space Administration, Goddard Space Flight Center, Ocean Biology Distributed Active Archive Center",ror_parent_child,https://ror.org/027ka1x80,https://ror.org/037ch5s45
University of Neuchâtel,The FAIRsharing Team,random_negative,https://ror.org/00vasag41,https://ror.org/01zbzxe52
Lancaster University,IMDEA Nanoscience,random_negative,https://ror.org/04f2nsd36,https://ror.org/02skytd81
KU Leuven,"Katholieke Universiteit Leuven, Declaratieve Talen en Artificiele Intelligentie",same_ror,https://ror.org/05f950310,https://ror.org/05f950310
"UKRI, Daresbury Laboratory",The Cyprus Institute,random_negative,https://ror.org/0089bg420,https://ror.org/01q8k8p90
"U.S. Department of Health and Human Services, National Institutes of Health, National Institute on Drug Abuse","U.S. Department of Health and Human Services, Office of Head Start",same_ror,https://ror.org/033jnv181,https://ror.org/033jnv181
"European Commission, BacHBERRY Seventh Framework Programme - FP7","European Commission, Seventh Framework Programme",same_ror,https://ror.org/00k4n6c32,https://ror.org/00k4n6c32
"European Commission, Research & Innovation, 6th Framework Programme","European Commission, Research & Innovation, Seventh Framework Programm - FP7",same_ror,https://ror.org/00k4n6c32,https://ror.org/00k4n6c32
"Natural Environment Research Council, Environmental Bioinformatics Centre",British Oceanographic Data Centre,ror_parent_child,https://ror.org/02b5d8509,https://ror.org/03102fn17
Observatoire des Sciences de l'Univers Nantes Atlantique,Université de Nantes,ror_parent_child,https://ror.org/02w0vb190,https://ror.org/03gnr7b55
"National Aeronautics and Space Administration, Ocean Biology Processing Group","National Aeronautics and Space Administration, Langley Research Center",ror_parent_child,https://ror.org/027ka1x80,https://ror.org/0399mhs52
Saints Cyril and Methodius University of Skopje,"Radboud University, Donders Institute for Brain, Cognition and Behaviour",random_negative,https://ror.org/02wk2vx54,https://ror.org/053sba816
"International Space Science Institute, Polar Stratospheric Cloud Initiative",Oak Ridge Leadership Computing Facility,random_negative,https://ror.org/01xm30661,https://ror.org/05p915b28
"Ministry of Digital Affairs, Digital Poland Project Centre",Leiden University Medical Center,random_negative,https://ror.org/03q81ka58,https://ror.org/05xvt9f17
Institute of Sciences of Food Production,wellcome trust,random_negative,https://ror.org/03x7xkr71,https://ror.org/029chgv08
Goddard Space Flight Center,"National Aeronautics and Space Administration,  High Energy Astrophysics Science Archive Research Center",ror_parent_child,https://ror.org/0171mag52,https://ror.org/05g4cxq12
RMIT University,"NSW Government, Department of Communities and Justice",random_negative,https://ror.org/04ttjf776,https://ror.org/05dmpdy49
"Freie Universität Berlin, Fachbereich Geowissenschaften, Institut für Geologische Wissenschaften","Freie Universität Berlin, Institut für Prähistorische Archäologie, Emmy-Noether-Nachwuchsgruppe LiVES",same_ror,https://ror.org/046ak2485,https://ror.org/046ak2485
Genome Quebec,"Universität Trier, Lehrstuhl für Kunstgeschichte",random_negative,https://ror.org/00xhtr962,https://ror.org/02778hg05
Leibniz-Gemeinschaft,Leibniz Centre for Agricultural Landscape Research,ror_parent_child,https://ror.org/01n6r0e97,https://ror.org/01ygyzs83
Singapore Management University,Gdańsk Medical University,random_negative,https://ror.org/050qmg959,https://ror.org/019sbgd69
"University of Wisconsin-Madison, Data and Information Services Center","University of Wisconsin-Madison, Social Science Computing Cooperative",same_ror,https://ror.org/01y2jtd41,https://ror.org/01y2jtd41
Institut de Physique du Globe de Paris,Centre National de la Recherche Scientifique,ror_parent_child,https://ror.org/004gzqz66,https://ror.org/02feahw73
"U.S. Department of Health & Human Services, National Institutes of Health, National Cancer Institute","U.S. Department of Health and Human Services, National Institutes of Health, National Cancer Institute",same_ror,https://ror.org/033jnv181,https://ror.org/033jnv181
Group of Eight Australia,Staatsbibliothek zu Berlin - Preußischer Kulturbesitz,random_negative,https://ror.org/00j8gx359,https://ror.org/02ysgg478
Hochschule Esslingen,"United States Department of Agriculture, Agricultural Research Services",random_negative,https://ror.org/056cezx90,https://ror.org/01na82s61
"Science & Technology Facilities Council, Scientific Computing Department",Science and Technology Facilities Council,same_ror,https://ror.org/057g20z61,https://ror.org/057g20z61
"NASA's Goddard Space Flight Center,Sciences and Exploration Directorate, Heliospheric Physics Laboratory","National Aeronautics and Space Administration, Goddard Space Flight Center, Sciences and Exploration Directorate, Heliospheric Physics Laboratory",ror_parent_child,https://ror.org/0171mag52,https://ror.org/027ka1x80
Institut de Physique du Globe de Paris,"Université de Strasbourg, Centre National de la Recherche Scientifique, Strasbourg Observatory",ror_parent_child,https://ror.org/004gzqz66,https://ror.org/02feahw73
"Beijing Institute of Genomics, Chinese Academy of Sciences, China National Center for BioInformation, National Genomics Data Center","Chinese Academy of Sciences, Qinghai Salt Lake Research Institute",same_ror,https://ror.org/034t30j35,https://ror.org/034t30j35
"National Oceanic and Atmospheric Administration, Office of Oceanic and Atmospheric Research, Atlantic Oceanographic & Meteorological Laboratory","National Oceanographic and Atmospheric Administration, Atlantic Oceanographic and Meterological Laboratory",same_ror,https://ror.org/042r9xb17,https://ror.org/042r9xb17
Council of Scientific and Industrial Research,"National Chemical Laboratory, Digital Information Resource Center",ror_parent_child,https://ror.org/021wm7p51,https://ror.org/057mn3690
Centre for Ecology and Hydrology,International Neuroinformatics Coordinating Facility,random_negative,https://ror.org/00pggkr55,https://ror.org/02y5xjh56
"National Oceanic and Atmospheric Administration, National Weather Service","Natonal Oceanic and Atmospheric Administration, National Centers for Environmental Information",ror_parent_child,https://ror.org/02z5nhe81,https://ror.org/04r0wrp59
"U.S. Department of Commerce, United States Census Bureau","National Institute of Standards and Technology, Physical Measurement Laboratory",ror_parent_child,https://ror.org/04chq2495,https://ror.org/05xpvk416
National Institute on Aging Genetics of Alzheimer's Disease Data Storage Site,"U.S. Department of Health & Human Services, National Institutes of Health, National Institute on Aging",same_ror,https://ror.org/049v75w11,https://ror.org/049v75w11
University of Toronto,"University of Toronto, Bader Lab",same_ror,https://ror.org/03dbr7087,https://ror.org/03dbr7087
Centre National d'Etudes Spatiales,Centre national d'études spatiales,same_ror,https://ror.org/04h1h0y33,https://ror.org/04h1h0y33
"NASA's Goddard Space Flight Center,Sciences and Exploration Directorate, Heliospheric Physics Laboratory",Harte Research Institute,random_negative,https://ror.org/0171mag52,https://ror.org/04rpe5h19
Genome Canada,"Griffith University, Scholarly Information and Research, Information Services, eResearch Services",random_negative,https://ror.org/029s29983,https://ror.org/02sc3r913
