name_a,name_b,cos_sim,sim_bin
"National Heart, Lung, and Blood Institute","U.S. Department of Health & Human Services, National Institutes of Health, National Heart, Lung and Blood Institute",0.8473904132843018,0.8-0.9
"Japanese Ministry of Education, Culture, Sports, Science, and Technology","Ministry of Education, Culture, Sports, Science and Technology - Japan",0.9610716700553894,0.9+
Copernicus Atmosphere Monitoring Service,Global Earth Observation and Monitoring of the Atmosphere,0.6755786538124084,0.6-0.7
"U.S. Department of Health & Human Services, National Institutes of Health, National Cancer Institute","U.S. Department of Health and Human Services, National Institutes of Health, National Cancer Institute, Center for Biomedical Informatics and Information Technology",0.8281710147857666,0.8-0.9
Amsterdam University of Applied Sciences,University of Amsterdam,0.8589407205581665,0.8-0.9
Copenhagen University Library Service,The Royal Danish Library,0.7260472774505615,0.7-0.8
Columbia University in the City of New York,York University,0.7665222883224487,0.7-0.8
UiT The Arctic University of Norway,University of Inland Norway,0.8059624433517456,0.8-0.9
Canadian Institutes for Health Research,Canadian Institutes of Health,0.9335858225822449,0.9+
Institute of Atmospheric Sciences and Climate,"Karlsruhe Institute of Technology, Institute for Meteorology and Climate Research",0.6782522797584534,0.6-0.7
University of Kassel,"Universität Kassel, Universitätsbibliothek",0.742245078086853,0.7-0.8
"UC San Diego, Scripps Institution of Oceanography","University of California San DIego, Scripps Institution of Oceanography, Ocean and Geosciences Data Center",0.8847552537918091,0.8-0.9
National Research Council - Institute of Marine Science,"National Science Foundation, Division of Ocean Sciences",0.7510372400283813,0.7-0.8
Max-Planck-Institut für Extraterrestrische Physik,Max-Planck-Institut für Wissenschaftsgeschichte,0.8176178336143494,0.8-0.9
National Institute for Environmental Health Sciences,"National Institutes of Health, National Institute of Environmental Health Sciences",0.8883405327796936,0.8-0.9
Environmental Institute,University of Minnesota’s Institute on the Environment,0.7433860301971436,0.7-0.8
"Dalhousie University, Department of Oceanography",Institute of Oceanology Polish Academy of Sciences,0.7413294911384583,0.7-0.8
Excellence Cluster Topoi,TOPOI Excellence Cluster,0.9882389307022095,0.9+
Natural History Museum of Denmark,Swedish Museum of Natural History,0.7922043800354004,0.7-0.8
NIH  National Institute of Diabetes and Digestive and Kidney Diseases,"National Institute of Biomedical Innovation, Health and Nutrition",0.6523333787918091,0.6-0.7
"Hong Kong Polytechnic University, Pao Yue-kong Library",The Hong Kong Polytechnic University,0.8158066272735596,0.8-0.9
Cuckoo Workgroup,The Cuckoo Workgroup,0.9516714811325073,0.9+
Muséum National d'histoire Naturelle,Muséum national d'Histoire naturelle,1.000000238418579,0.9+
North Dakota State University,University of Notre Dame,0.7055814862251282,0.7-0.8
Universidad de Murcia,Universidade Federal de Goiás,0.7946875095367432,0.7-0.8
U.S.Department of Health & Human Services,US Department of Health & Human Services,0.9837099313735962,0.9+
Liverpool John Moores University,University of Manchester,0.7011999487876892,0.7-0.8
"National Institutes of Health, National Institute on Drug Abuse","U.S. Department of Health and Human Services, National Institutes of Health, National Institute on Drug Abuse",0.9071199893951416,0.9+
University of Glasgow,"University of Strathclyde, Glasgow",0.8007491827011108,0.8-0.9
"Australian Government, Department of Education and Training, National Collaborative Research Infrastructure Strategy","Australian Government, Department of Education, National Collaborative Research Infrastructure Strategy",0.9841060638427734,0.9+
Universidad de Granada,University of Granada,0.8931598663330078,0.8-0.9
Universidad Carlos III de Madrid,Universidad Santo Tomás,0.7212315797805786,0.7-0.8
"Research Councils UK, Biotechnology and Biological Sciences Research Council",United Kingdom Biotechnology and Biosciences Research Council,0.8614857196807861,0.8-0.9
"National Aeronautics and Space Administration, Earth Data","National Aeronautics and Space Administration, Terrestrial Ecology Program",0.6457952260971069,0.6-0.7
Canadian Space Agency,"National Aeronautics and Space Administration, Langley Research Center",0.6580439209938049,0.6-0.7
"International Atomic Energy Agency, International Network of Nuclear Reaction Data Centres",Nuclear Energy Agency,0.7129759788513184,0.7-0.8
National Oceanic and Atmospheric Administration's National Ocean Service,"National Oceanic and Atmospheric Administration, National Ocean Service",0.9839539527893066,0.9+
Centre for Northern Studies,National Center for Scientific Research,0.6332433223724365,0.6-0.7
Woods Hole Oceanographic Insitution,"Woods Hole Oceanographic Institution, Physical Oceanography Department",0.9028489589691162,0.9+
"Chinese Academy of Sciences, Computer Network Information Center","Computer Network Information Center, Chinese Academy of Sciences",0.980576753616333,0.9+
Danish Council for Independent Research,Norwegian Centre for Research Data,0.6386297345161438,0.6-0.7
International Molecular Exchange Consortium,International Union of Biochemistry and Molecular Biology,0.6054263710975647,0.6-0.7
"University of British Columbia, Institute for the Oceans and Fisheries","University of British Columbia, Institute for the Oceans and Fisheries, Strait of Georgia Data Centre",0.8447338342666626,0.8-0.9
"University Corporation for Atmospheric Research, National Center for Atmospheric Research","University Corporation for Atmospheric Research, National Science Digital Library",0.9141813516616821,0.9+
Chinese Academy of Fishery Sciences,"Ministry of Agriculture and Rural Affairs, Chinese Academy of Fishery Sciences",0.8837628364562988,0.8-0.9
Department of Health and Human Services,U.S. Department of Health and Human Services,0.9307712316513062,0.9+
"U.S Department of Commerce, Bureau of Economic Analysis","U.S. Department of Commerce, U.S. Census Bureau",0.6857703924179077,0.6-0.7
University of Bremen,Universität Bremen,0.8961554765701294,0.8-0.9
Centro de Investigación y Tecnologia Agroalimentaria de Aragón,"Centro de Investigación y Tecnologia Agroalimentaria de Aragón, Biblioteca",0.9482914805412292,0.9+
International Agency for Research on Cancer,National Cancer Institute,0.6881360411643982,0.6-0.7
The William and Flora Hewlett Foundation,William and Flora Hewlett Foundation,0.9870471954345703,0.9+
National Human Genome Research Institute Home,"US National Institutes of Health, National Human Genome Research Institute",0.8732445240020752,0.8-0.9
Centre National d'Etudes Spatiales,Centre d’Études Supérieures de la Renaissance,0.6020466685295105,0.6-0.7
Lawrence Berkeley National Lab,"University of California, Lawrence Berkeley National Laboratory",0.8727065920829773,0.8-0.9
"University of Michigan, Institute for Social Research, Inter-university Consortium for Political and Social Research","University of Michigan, Inter-University Consortium for Political and Social Research",0.9629011154174805,0.9+
Biotechnology and Biological Sciences Research Council,"UK Search and Innovation, Biotechnology and Biological Sciences Research Council",0.751977801322937,0.7-0.8
CLARIN-IT,CLARIN-NL,0.8266407251358032,0.8-0.9
IOC Committee on International Oceanographic Data and Information Exchange,WMO-IOC Joint Technical Commission for Oceanography and Marine Meteorology,0.6747996807098389,0.6-0.7
Bioinformatics Institute,Institute for Bioinformatics Research and Development,0.9245562553405762,0.9+
"Universidad Distrital Francisco José de Caldas, Sistema de Bibliotecas","Universidad de Antioquia, Sistema de Bibliotecas",0.8277475833892822,0.8-0.9
"University of California, Davis",University of Southern California,0.8338660001754761,0.8-0.9
W.K. Kellog Foundation,W.M. Keck Foundation,0.8690687417984009,0.8-0.9
Lincoln University,University of Lincoln,0.9678021669387817,0.9+
Digital Commons Data,"University of Essex, UK Data Archive, UK Data Service",0.6003408432006836,0.6-0.7
"Max Delbrück Center for Molecular Medicine, N. Rajewsky Lab","Max Delbrück Center for Molecular Medicine, Nikolaus Rajewsky Lab",0.959538459777832,0.9+
University of Glasgow Library,University of Michigan Library,0.7109434604644775,0.7-0.8
U.S. Department of Health & Human Services,U.S: Department of Health and Human Services,0.9680783748626709,0.9+
European Molecular Biology Laboratory,"European Molecular Biology Laboratory, European Bioinformatics Institute, Goldman Group",0.8474161028862,0.8-0.9
Research Center Deutscher Sprachatlas,Swedish Research Council,0.6102901101112366,0.6-0.7
"Research Programme on Biomedical Informatics, Integrative Biomedical Informatics","Stanford Biomedical Informatics Research, National Center for Biomedical Ontology",0.7341400980949402,0.7-0.8
"National Institutes of Health, National Heart Lung and Blood Institute","U.S. Department of Health & Human Services, National Institutes of Health, National Heart, Lung, and Blood Institute",0.9171838760375977,0.9+
"Federal Ministry  of Research, Technology and Space","Federal Ministry  of Research, Technology and Space, FONA",0.8636856079101562,0.8-0.9
University of Melbourne,University of Western Australia,0.8058919906616211,0.8-0.9
U.S. Department of Energy,"United States, Department of Energy",0.9745469689369202,0.9+
Bioinformatics Resource Centers,"Tianjin University, Center of BioInformatics",0.7721409797668457,0.7-0.8
Freie Universität Berlin,Universität Bonn,0.7566384077072144,0.7-0.8
University of Gdansk,University of Gdańsk,1.0,0.9+
Universidad Politécnica de Madrid,Universidad de Sevilla,0.8001564741134644,0.8-0.9
Institute of Agriculture Biology and Biotechnology,"University of Nottingham, School of Biosciences, Plant and Crop",0.6820122003555298,0.6-0.7
Universidade Federal de São Carlos,Universidade Federal de São Paulo,0.9139825105667114,0.9+
"Max Delbrück Center for Molecular Medicine, Berlin Institute for Medical Systems Biology","Max Delbrück Center for Molecular Medicine, N. Rajewsky Lab",0.8745176792144775,0.8-0.9
California Institute of Technology Library,"University of California, California Digital Library",0.7849112153053284,0.7-0.8
All Russian Research Institute of Hydrometeorological information World Data Center,All-Russian Research Institute of Hydrometeorological Information - WDC,0.9338442087173462,0.9+
University of Oslo,University of South-Eastern Norway,0.8292574286460876,0.8-0.9
Imperial College London,"University of London, CoSector",0.7292309999465942,0.7-0.8
"Natural Resources Canada, Canadian Forest Service","Natural Resources Canada, Canadian Forest Service, Canadian Wood Fibre Centre",0.8700777888298035,0.8-0.9
Hochschulrechenzentrum der Johann Wolfgang Goethe-Universität Frankfurt am Main,Johann Wolfgang Goethe-Universität Frankfurt,0.8318710923194885,0.8-0.9
University of Sydney,University of Technology Sydney,0.8913525342941284,0.8-0.9
Leibniz-Institut für Bildungsverläufe,Leibniz-Institut für Deutsche Sprache,0.8019005060195923,0.8-0.9
CGIAR,CGIAR Consortium,0.7954730987548828,0.7-0.8
Universidad Católica de Córdoba,Università Cattolica del Sacro Cuore,0.6882747411727905,0.6-0.7
"National Institutes of Health, National Insitute of Drug Abuse","National Institutes of Health, National Institute on Drug Abuse",0.9762281179428101,0.9+
"Swiss Institute of Bioinformatics,  Swiss-Prot Knowledgebases",Swiss Institute of Bioniformatics,0.8854684829711914,0.8-0.9
"Department of Agriculture, Agriculture Research Service","U.S.Department of Agriculture, Agricultural Research Service",0.9499139785766602,0.9+
Boise State University,Purdue University,0.726472020149231,0.7-0.8
Medical Research Council,"UK Research and Innovation, Medical Research Council",0.7410339117050171,0.7-0.8
Amazon Web Services,"Amazon Web Services, Inc.",0.8174192309379578,0.8-0.9
Center for Earth Resources Observation and Science,National Earth Observation Data Center,0.8002004623413086,0.8-0.9
U.S Department of Health & Human Services,"U.S. Department of Health & Human Services, Agency for Healthcare Research and Quality",0.8573305606842041,0.8-0.9
U.S. Department of Agriculture,"U.S. Department of Agriculture, Agricultural Research Service",0.881687581539154,0.8-0.9
"Department of Space, Indian Space Research Organisation",Indian Space Research Organisation,0.9334139823913574,0.9+
"Northeastern University, New England Biolabs","University of New York, Department of Biology",0.7126226425170898,0.7-0.8
"International Neuroinformatics Coordination Facility, National Node of Japan","Washington University School of Medicine, Neuroinformatics Research Group",0.6531164646148682,0.6-0.7
"Australian Government, Australian Institute of Marine Science","University of Tasmania, Institute for Marine & Antarctic Studies",0.7154412269592285,0.7-0.8
Federation University Australia,University of Melbourne,0.7866771221160889,0.7-0.8
"Carnegie Institution for Science, Department of Terrestrial Magnetism","École et Observatoire des Sciences de la Terre, Université de Strasbourg/CNRS-INSU Service national d’Observation en Magnétisme",0.7026370763778687,0.7-0.8
"Columbia University, Earth Institute, Lamont-Doherty Earth Observatory",Lamont-Doherty Earth Observatory,0.8979618549346924,0.8-0.9
"University of Washington, University libraries",Washington State University,0.7691978812217712,0.7-0.8
"TU Wien, Campus IT","Universität Erfurt, Forschungsbibliothek Gotha",0.6643029451370239,0.6-0.7
"University of Aveiro, Department of Biology","University of New York, Department of Biology",0.8087213039398193,0.8-0.9
Bielefeld University,University of Milano-Bicocca,0.6989389657974243,0.6-0.7
"Centrum für Digitale Forschung in den Geistes-, Sozial- und Bildungswissenschaften","Niedersächsisches Ministerium für Wirtschaft, Arbeit, Verkehr und Digitalisierung",0.7667999267578125,0.7-0.8
"National Center for Atmospheric Research, University Corporation for Atmospheric Research","University Corporation for Atmospheric Research, National Center for Atmospheric Research",0.979669451713562,0.9+
"Government of Canada, Northern Contaminants Program","Government of Canada, Public Health Agency of Canada",0.617079496383667,0.6-0.7
National Institute for Health Research,National Institute of Mental Health,0.7808214426040649,0.7-0.8
"European Commission, Research & Innovation, Seventh Framework Programm, FP7","European Commission, Research & Innovation, Sixth Framework Programm",0.8138679265975952,0.8-0.9
GESIS - Leibniz Institute for the Social Sciences,GESIS – Leibniz Institute for the Social Sciences,0.9946404099464417,0.9+
University of Hertfordshire,University of Surrey,0.7456667423248291,0.7-0.8
"El Centro de Investigación Científica y de Educación Superior de Ensenada, Baja California",Universidad Autónoma de Baja California,0.6273294687271118,0.6-0.7
National Cancer Institute at the National Institutes of Health,"U.S. National Institutes of Health, National Cancer Institute",0.9335733652114868,0.9+
"National Centers for Environmental Information,  National Oceanographic Data Center","The National Oceanic and Atmospheric Administration, National Centers for Environmental Information",0.8658061027526855,0.8-0.9
National Oceanic and Atmospheric Administration's National Ocean Service,"National Oceanic and Atmospheric Administration, National Weather Service",0.8480998277664185,0.8-0.9
"U.S. Department of Energy, Office of Science, Office of Nuclear Physics","US Department of Energy, Office of Science, Nuclear Physics NP",0.8801528811454773,0.8-0.9
National Human Genome Research Institute Home,"University of Tokyo, Institute of Medical Science, Human Genome Center",0.8061496019363403,0.8-0.9
"Serbian Academy of Sciences and Arts, Institute for Balkan Studies",University of Belgrade,0.7417840957641602,0.7-0.8
DOE Joint Genome Institute,"US National Institutes of Health, National Human Genome Research Institute",0.7099512815475464,0.7-0.8
"NYU Langone Health,  NYU School of Medicine","New York University, Langone Medical Center, School of Medicine",0.8491221070289612,0.8-0.9
University of Wisconsin,University of Wisconsin-Madison,0.9340239763259888,0.9+
"Ministry of Education, Culture, Sports, Science and Technology","Ministry of Education, Youth and Sports",0.8511286973953247,0.8-0.9
"Cincinnati Children's Hospital, Zorn Lab",Hospital for Sick Children,0.6220182180404663,0.6-0.7
Ontario Ministry of Health,Ontario Ministry of Health and Long Term Care,0.8922749757766724,0.8-0.9
Stanford Libraries,"Stanford University, Stanford University Libraries",0.8883248567581177,0.8-0.9
"University of Graz, Wegener Center for Climate and Global Change",World Climate Research Programme,0.7023622989654541,0.7-0.8
Manchester Metropolitan University,University of Manchester,0.9134747385978699,0.9+
Database Center for Life Science,National Bioscience Database Center,0.8458072543144226,0.8-0.9
Fleet Numerical Meteorology and Oceanography Center,Naval Meteorology and Oceanography Command,0.7692105174064636,0.7-0.8
"Medical University of Innsbruck, Biocenter, Division of Bioinformatics","University of Leipzig, Interdisciplinary Centre for Bioinformatics",0.8204768300056458,0.8-0.9
Georg-August Universität Göttingen,"Georg-August-Universität Göttingen, DIGIS",0.925167441368103,0.9+
Centre National de la Recherche Scientifique,"Institut national de la recherche scientifique, Service de documentation et d'information spécialisées",0.8189622759819031,0.8-0.9
Centre National de la Recherche Scientifique,Centre national de la recherche scientifique,1.0,0.9+
Bundesamt für Kartographie und Geodäsie,"Bundesamt für Kartographie und Geodäsie, Zentrale Stelle Geotopographie",0.9099966287612915,0.9+
"National Oceanic and Atmospheric Administration, Office of Oceanic and Atmospheric Research, Atlantic Oceanographic & Meteorological Laboratory",National Oceanic and Atmospheric Adminstration,0.8198562860488892,0.8-0.9
"Karlsruhe Institute of Technology, Library","Karlsruhe Institute of Technology, Scientific Computing Center",0.6876482963562012,0.6-0.7
"National Aeronautics and Space Administration,  Earth Science","National Aeronautics and Space Administration, Earth Observing System Data and Information System",0.7051346302032471,0.7-0.8
Internet Archive,The National Archives,0.6266065835952759,0.6-0.7
University of Siegen,"University of Siegen, Centre for Information and Media Technology",0.7080027461051941,0.7-0.8
Harvard Library,"Massachusetts Institute of Technology, MIT Libraries Curation and Preservation Services",0.6200339198112488,0.6-0.7
"Chinese Academy of Sciences, Institute of Oceanography","Chinese Academy of Sciences, South China Sea Institute of Oceanology",0.9139254093170166,0.9+
"University of Zagreb, Faculty of Science",Wrocław University of Environmental and Life Sciences,0.6129989624023438,0.6-0.7
"U.S.  Department of Energy, Office of Science","United States, Department of Energy",0.9006351828575134,0.9+
"Federal Ministry  of Research, Technology and Space","Federal Ministry of Research, Technology and Space",1.000000238418579,0.9+
European Environment Agency,The European Environment Agency,0.9863137006759644,0.9+
Rat für Sozial- und WirtschaftsDaten,Rat für Sozial- und Wirtschaftsdaten,1.0000001192092896,0.9+
"Harvard-Smithsonian Center for Astrophysics, John G. Wolbach Library and Information Resource Center","Harvard-Smithsonian Center for Astrophysics, Smithsonian Astrophysical Observatory",0.8472404479980469,0.8-0.9
"BC Cancer Agency, Canada's Michael Smith Genome Sciences Centre","BC Cancer Agency, Research Centre, Canada's Michael Smith Genome Sciences Centre",0.9855108857154846,0.9+
Canada's Michael Smith Genome Sciences Centre,Genome Quebec,0.6692387461662292,0.6-0.7
University of Rostock,Universität Rostock,0.8664463758468628,0.8-0.9
"Brookhaven National Laboratory, National Nuclear Data Center","Brookhaven National Laboratory, Nuclear Science andTechnology Department, National Nuclear Data Center, Cross Section Evaluation Working Group",0.866694450378418,0.8-0.9
National Center for Atmospheric Research,"National Center for Atmospheric Research, University Corporation for Atmospheric Research",0.9375631809234619,0.9+
"Indian Institute of Geomagnetism, Mumbai","Kyoto University, Graduate School of Science, Data Analysis Center for Geomagnetism and Space Magnetism",0.7448440194129944,0.7-0.8
Commonwealth Scientific & Industrial Research Organization,Commonwealth Scientific and Industrial Research Organisation,0.9854658842086792,0.9+
"National Center for Atmospheric Research, University Corporation for Atmospheric Research","National Science Foundation National Center for Atmospheric Research, Computational and Information Systems Laboratory",0.8093035221099854,0.8-0.9
National Science foundation,U.S. National Science Foundation,0.9576404094696045,0.9+
"National Institutes of Health, National Institute on Aging",The National Institutes of Health,0.7287055253982544,0.7-0.8
GESIS - Leibniz-Institut für Sozialwissenschaften,gesis Leibniz Institute for the Social Sciences,0.6577041149139404,0.6-0.7
Queen's University Library,The Royal Library,0.8025630116462708,0.8-0.9
Toronto Metropolitan University,University of Calgary,0.7098290324211121,0.7-0.8
Open PHACTS Foundation,Open Phacts Foundation,1.0,0.9+
Akademie der Wissenschaften und Literatur Mainz,Akademie der Wissenschaften zu Göttingen,0.7124894261360168,0.7-0.8
"U.S. Department of Energy, Biological and Environmental Research","U.S. Department of Energy, Office of Science, Office of Biological and Environmental Research",0.9178158044815063,0.9+
"Stanford University, Poldrack Lab","University of Toronto, Bader Lab",0.6485260725021362,0.6-0.7
University College of London,University of the Arts London,0.7687796950340271,0.7-0.8
L'École des Hautes Études en Sciences Sociales,École des hautes études en sciences sociales,0.9879413843154907,0.9+
Maria Curie-Skłodowska University,University of Warmia and Mazury in Olsztyn,0.6225838661193848,0.6-0.7
"University Cooperation for Atmospheric Research, National Center for Atmospheric Research","University Corporation for Atmospheric Research, National Center for Atmospheric Research",0.9581406712532043,0.9+
City of Victoria,University of Victoria,0.7052819728851318,0.7-0.8
Allen Institute  for Cell Science,Allen Institute for Brain Science,0.6766936182975769,0.6-0.7
"Harvard University, Department of Molecular and Cellular Biology","National Institute for Basic Biology, Department of Cell Biology",0.7273657321929932,0.7-0.8
"Cornell University, Albert R. Mann Library","University of York, Library",0.6412671804428101,0.6-0.7
Toronto Metropolitan University,"University of Toronto, McLaughlin Centre",0.7125832438468933,0.7-0.8
NASA - Goddard Space Flight Center,NASA Goddard Space Flight Center,0.9870138168334961,0.9+
U.S. Department of Health & Human Services,"U.S. Department of Health and Human Services, Office of Planning, Research and Evaluation",0.8588006496429443,0.8-0.9
"The National Oceanic and Atmospheric Administration, National Centers for Environmental Information","US Department of Commerce, National Oceanic & Atmospheric Administration, National Centers for Environmental Information",0.9274628162384033,0.9+
Deutsches Archäologisches Institut,Heidelberger Institut für Theoretische Studien,0.7568319439888,0.7-0.8
"U.S. Department of Health & Human Services, Agency for Healthcare Research and Quality",U.S.Department of Health & Human Services,0.8579294681549072,0.8-0.9
Land Sachsen-Anhalt,Landesarchiv Baden-Württemberg,0.6177504658699036,0.6-0.7
"J. Craig Venter Institute, The Institute for Genomic Research","University of Wisconsin-Madison, Genome Evolution Laboratory",0.7483173608779907,0.7-0.8
"The University of Colorado, Boulder",University of Colorado Boulder,0.9753150343894958,0.9+
U.S Department of Health & Human Services,U.S.Department of Health and Human Services,0.987170934677124,0.9+
Austrian Academy of Sciences,Czech Academy of Sciences,0.7878720760345459,0.7-0.8
Observatoire Royal de Belgique,Observatoire royal de Belgique,0.9999999403953552,0.9+
"George Mason University, Krasnow Institute for Advanced Study, The Center for Neural Informatics, Neural Structures, and Neural Plasticity","Washington University School of Medicine, Neuroinformatics Research Group",0.6395848393440247,0.6-0.7
Max Planck Institute for Extraterrestrial Physics,Max Planck Institute for Mathematics in the Sciences,0.7840979695320129,0.7-0.8
Erzbischöfliche Diözesan- und Dombibliothek Köln,Staatsbibliothek zu Berlin,0.6571571826934814,0.6-0.7
"Indiana University, School of Informatics, Computing, and Engineering","Oregon State University, Northwest Alliance for Computational Science & Engineering",0.6567083597183228,0.6-0.7
University of Alabama,University of Missouri,0.7300960421562195,0.7-0.8
CLARIN ERIC,CLARIN-ERIC,0.903785228729248,0.9+
National Institute for Health Research,National Institute of General Medical Sciences,0.8268409371376038,0.8-0.9
Staatliche Museen zu Berlin - Rathgen-Forschungslabor,"Staatliche Museen zu Berlin, Vorderasiatisches Museum",0.8083168864250183,0.8-0.9
Belgrade University Computer Centre,University of Zagreb,0.6724451184272766,0.6-0.7
"GitHub, Inc.",github,0.9030293226242065,0.9+
McGill University,University of Toronto,0.7126624584197998,0.7-0.8
University of South-Eastern Norway,Western Norway University of Applied Sciences,0.7967093586921692,0.7-0.8
"University of  Wisconsin, Center for Demography of Health and Aging","University of Wisconsin-Madison, Center for Demography of Health and Aging",0.9751216173171997,0.9+
Laurentian University,University of Milan,0.7177008390426636,0.7-0.8
Department of Health and Human Services,US Department of Health & Human Services,0.9388929605484009,0.9+
Hong Kong University of Science and Technology,The Hong Kong Polytechnic University,0.806799054145813,0.8-0.9
South Australian Health & Medical Research Institute,"University of Sydney, National Health and Medical Research Council Clinical Trials Centre",0.633976399898529,0.6-0.7
"Imperial College London, School of Public Health",University College of London,0.7304764986038208,0.7-0.8
United States Department of Agriculture,United States Department of Agriculture - Agricultural Research Service,0.8583342432975769,0.8-0.9
University of Chicago,University of Cincinnati,0.7292308807373047,0.7-0.8
"Deutsches Archäologisches Institut, Eurasien-Abteilung",Institut français d’archéologie orientale - Le Caire,0.6108198165893555,0.6-0.7
Sikt - Norwegian Agency for Shared Services in Education and Research,Sikt – Norwegian Agency for Shared Services in Education and Research,0.9967950582504272,0.9+
Danish Technical University,Technical University of Denmark,0.9632221460342407,0.9+
Goddard Space Flight Center,NASA's Goddard Space Flight Center,0.9522193074226379,0.9+
Eidgenössische Technische Hochschule,Technische Hochschule Mittelhessen,0.8655640482902527,0.8-0.9
"International Science Council, World Data System","International Science Council, World Data System International Programme Office",0.9356546401977539,0.9+
National Oceanic and Atmospheric Administration's National Ocean Service,"U.S. Department of Commerce, National Oceanic & Atmospheric Administration, Oceanic & Atmospheric Research",0.8018501996994019,0.8-0.9
NOAA’s National Centers for Coastal Ocean Science,National Oceanic and Atmospheric Administration's National Ocean Service,0.7304604053497314,0.7-0.8
"University of Manitoba, Libraries",University of Winnipeg Library,0.8816499710083008,0.8-0.9
"The University of Colorado, Boulder",University of Colorado,0.9170966744422913,0.9+
Gdańsk Medical University,Gdańsk University of Technology,0.7994004487991333,0.7-0.8
"U.S. Department of Health and Human Services, National Institutes of Health, National Cancer Institute","U.S. National Institutes of Health, National Cancer Institute",0.8909211754798889,0.8-0.9
National Institute of Biomedical Imaging and Bioengineering,"National Institutes of Health, National Institute of Biomedical Imaging and Bioengineering",0.9055638313293457,0.9+
Soka University,Tohoku University,0.6464001536369324,0.6-0.7
Aarhus University,Technical University of Denmark,0.7825785875320435,0.7-0.8
U. S. National Library of Medicine,United States National Library of Medicine,0.9797077178955078,0.9+
University of Lausanne,"University of Lausanne, Center for Primary Care and Public Health",0.7342235445976257,0.7-0.8
The University of Arizona,"University of Arizona, University Libraries",0.8263864517211914,0.8-0.9
National Institutes of Health,"National Institutes of Health, Center for Information Technology",0.8692553043365479,0.8-0.9
Universidad Nacional de La Plata,Universidad de Santiago de Chile,0.8010374903678894,0.8-0.9
International Global Atmospheric Chemistry Project,"University Corporation for Atmospheric Research - National Center for Atmospheric Research, Climate and Global Dynamics Laboratory",0.7306130528450012,0.7-0.8
Akademie der Wissenschaften zu Göttingen,Österrreichische Akademie der Wissenschaften,0.6798298954963684,0.6-0.7
Université Paris Cité,Université de Paris-Sorbonne,0.8425538539886475,0.8-0.9
"Centers for Disease Control and Prevention, National Center for Chronic Disease Prevention and Health Promotion, Division of Population Health","Centers for Disease Control and Prevention, National Center for Health Statistics",0.9142032265663147,0.9+
U. S. Geological Survey EROS Data Center,"United States Geological Survey, National Earthquake Information Center",0.6989186406135559,0.6-0.7
The University of British Columbia,"University of British Columbia, Faculty of Graduate Studies",0.8778558969497681,0.8-0.9
"University of Edinburgh, Institute of Genetics and Cancer, MRC Human Genetics Unit","University of Edinburgh, MRC Institute of Genetics & Molecular Medicine",0.771792471408844,0.7-0.8
"U.S.Department of Agriculture, Agricultural Research Service","United States Department of Agriculture, Agricultural Research Service",0.9913347959518433,0.9+
"The National Oceanic and Atmospheric Administration, National Centers for Environmental Information","U.S. Department of Commerce, National Oceanic & Atmospheric Administration, Oceanic & Atmospheric Research",0.8244321346282959,0.8-0.9
U.S.Department of Health and Human Services,US Department of Health & Human Services,0.9756256341934204,0.9+
"University of Toronto, Donnelly Centre for Cellular and Biomolecular Research, Boone Lab","University of Toronto, Donnelly Centre for Cellular and Biomolecular Research, Brenda Andrews Research Lab",0.9530389308929443,0.9+
University of Leicester,University of Southampton,0.7512598037719727,0.7-0.8
Chiba University,Chiba University Library,0.8355517983436584,0.8-0.9
Universität Bremen,Universität Wien,0.787900984287262,0.7-0.8
National Remote Sensing Center of China,National Remote Sensing Centre,0.8281128406524658,0.8-0.9
"Columbia University, Columbia Climate School, Center for Integrated Earth System Information (CIESIN)","University of Hamburg, Center for Earth System Research and Sustainability, Integrated Climate Data Center",0.7356116771697998,0.7-0.8
"U.S. Department of Health and Human Services, National Institutes of Health",U.S. National Institutes of Health,0.8661128282546997,0.8-0.9
"University Medical Center Freiburg, Institute of Medical Biometry and Statistics","University of Leipzig, Medical Faculty; Institute for Medical Informatics, Statistics and Epidemiology",0.6359909176826477,0.6-0.7
"Karlsruhe Institute of Technology, Institute for Astroparticle Physics","Université Libre de Bruxelles, Institut d'Astronomie et d'Astrophyique",0.7383259534835815,0.7-0.8
Universidad Internacional de Andalucia,Universidad de Santiago de Chile,0.7885220050811768,0.7-0.8
Intergovernmental Oceanographic Commission of UNESCO,"UNESCO Intergovernmental Oceanographic Commission, International Oceanographic Data and Information Exchange",0.915719747543335,0.9+
Ontario Institute for Cancer Research,"Ontario Institute for Cancer Research , Cold Spring Harbor Laboratory",0.8395581245422363,0.8-0.9
Department for Environment Food and Rural Affairs,U.S. Department of Agriculture,0.70209801197052,0.7-0.8
"U.S. Department of  Energy,  Biological and Environmental Research Program","U.S.Department of Energy, Office of Health and Environmental Research",0.8515549898147583,0.8-0.9
BioMed Central,Bioversity International,0.7018880844116211,0.7-0.8
"National Aeronautics and Space Administration, Goddard Space Flight Center","National Aeronautics and Space Administration, Oak Ridge National Laboratory DAAC",0.7074106335639954,0.7-0.8
"Stanford University, School of Medicine, Departments of Biochemistry and Genetics","University College Cork, School of Biochemistry and Cell Biology",0.7063754796981812,0.7-0.8
The University of Texas at Austin,"University of Texas Austin, Information Technology Services",0.809840202331543,0.8-0.9
"Ludwig-Maximilians-Universität München, Universitätsbibliothek",Niedersächsische Staats- und Universitätsbibliothek Göttingen,0.7661845684051514,0.7-0.8
São Paulo State University,University of Sao Paulo,0.9766560792922974,0.9+
"U.S. Department of Energy, Office of Science","U.S.Department of Energy, Office of Science, Office of Scientific and Technical Information",0.935736894607544,0.9+
GESIS-Leibniz-Institut für Sozialwissenschaften,Gesis - Leibniz-Institut für Sozialwissenschaften,1.000000238418579,0.9+
Universidad Pablo de Olavide,Universidad de Valladolid,0.7703826427459717,0.7-0.8
National Biodiversity Network,The National Biodiversity Network,0.9881149530410767,0.9+
National Institute of Allergy and Infectious Diseases,"National Institutes of Health, National Institute of Allergy and Infectious Diseases",0.9113112688064575,0.9+
Pontificia Universidad Javeriana,Universidad Autónoma de Madrid,0.7447837591171265,0.7-0.8
Philipps University of Marburg,Tilburg University,0.6705586910247803,0.6-0.7
"University of Hamburg, Department of Microbiology and Biotechnology","University of Liverpool, Centre of Excellence in Infectious Diseases Research",0.6098830699920654,0.6-0.7
Earth System Science Organization - Indian National Centre for Ocean Information Services,National Oceanography Centre,0.6892770528793335,0.6-0.7
Friedrich-Schiller-University Jena,"Friedrich-Schiller-Universität Jena, Institut für Soziologie",0.83867347240448,0.8-0.9
Pennsylvania State University,Universitiy of Pennsylvania,0.8569645881652832,0.8-0.9
National Library of Scotland,University of Glasgow Library,0.8209964036941528,0.8-0.9
Universidad de Concepción,Universidad de Santiago de Chile,0.8291401863098145,0.8-0.9
"U.S. Department of Energy, Office of Science, Office of Biological and Environmental Research","U.S.Department of Energy, Office of Science, Office of Scientific and Technical Information",0.8033096790313721,0.8-0.9
"U.S. Department of Health & Human Services, National Institutes of Health, National Institute of General Medical Sciences","U.S. Department of Health and Human Services, National Institutes of Health, National Institute of General Medical Sciences",0.996614933013916,0.9+
Universidade Federal de São Carlos,Universidade Federal do Paraná,0.8174506425857544,0.8-0.9
Centre for Environmental Data Analysis,Centre for Science and Environment,0.7427878379821777,0.7-0.8
"Hospital for Sick Children, The Centre for Applied Genomics","The Hospital for Sick Children, The Centre for Applied Genomics",0.9903463125228882,0.9+
Wrocław University of Science and Technology,Wrocław University of Science andTechnology,0.9688181281089783,0.9+
Max-Planck-Gesellschaft,"Max-Planck-Gesellschaft, Max-Planck Institut für Chemie",0.8882529735565186,0.8-0.9
Alfred-Wegener-Institut Helmholtz-Zentrum für Polar- und Meeresforschung,"University of Cambridge, Scott Polar Research Institute, Library",0.654044508934021,0.6-0.7
U.S. Department of Health & Human Services,"U.S. Department of Health and Human Services, National Institues of Health",0.9250677227973938,0.9+
Ludwig-Maximilians-Universität München,Technische Universität München,0.7730592489242554,0.7-0.8
"Kyoto University, Institute for Chemical Research, Bioinformatics Center","University of Cambridge, Yusuf Hamied Department of Chemistry, Centre for Molecular Informatics",0.8100734353065491,0.8-0.9
University of Franche-Comté,Université de Lorraine,0.7079944014549255,0.7-0.8
Universidad de Chile,Universidad de Salamanca,0.8078979253768921,0.8-0.9
"Research Programme on Biomedical Informatics, Integrative Biomedical Informatics","University of Pennsylvania,  Perelman School of Medicine, Institute for Biomedical Informatics",0.7601600885391235,0.7-0.8
"European Commission, Research & Innovation, 6th Framework Programme","European Commission, Research & Innovation, Seventh Framework Program",0.8782075643539429,0.8-0.9
Arizona State University,University of Arizona,0.9587276577949524,0.9+
"Government of Canada, Public Health Agency of Canada","Government of Ontario, Ministry of Health",0.8123553991317749,0.8-0.9
Lingnan University Hong Kong,The Chinese University of Hong Kong,0.8311893939971924,0.8-0.9
Ministry of Agriculture,"Ministry of Northern Development, Mines, Natural Resources and Forestry",0.6644324660301208,0.6-0.7
U. S. Environmental Protection Agency,United States Environmental Protection Agency,0.9869732856750488,0.9+
National Earthquake Hazards Reduction Program,"U.S. Geological Survey,  National Earthquake Hazards Reduction Program, Earthquake Hazards Program",0.8938251733779907,0.8-0.9
Figshare (for institutions),figshare,0.7483020424842834,0.7-0.8
"Ministerium für Wissenschaft, Forschung und Kunst","Ministerium für Wissenschaft, Forschung und Kunst Baden-Württemberg",0.8888901472091675,0.8-0.9
U. S. Environmental Protection Agency,U.S. Environmental Protection Agency,1.0000001192092896,0.9+
Council of European Social Science Data European Research Infrastructure Consortium,European Clinical Research Infrastructures Network,0.6388216614723206,0.6-0.7
University of Birmingham,University of Surrey,0.7803727388381958,0.7-0.8
Niedersächsische Staats- und Universitätsbibliothek Göttingen,Staatsbibliothek Berlin Preussischer Kulturbesitz,0.6841245293617249,0.6-0.7
University of California,University of Southern California,0.912540078163147,0.9+
"University of Alberta, Departments of Biological Sciences and Computing Science, Wishart Research Group","University of Alberta, Faculty of Science, Departments of Biological Sciences and Computing Science, Wishart Research Group",0.985609233379364,0.9+
"U.S. Department of Commerce, U.S. Census Bureau","U.S. Department of Commerce, U.S. Census Bureau, TheDataWeb",0.9634124040603638,0.9+
"Oxford University, Department of Psychiatry","University of Oxford,  Department of Psychiatry, Warneford Hospital",0.8273696303367615,0.8-0.9
American Museum of Natural History,National Museum of Natural History,0.8650617599487305,0.8-0.9
NOAA National Centers for Environmental Information,"NOAA National Environmental Satellite, Data, and Information Service",0.821768045425415,0.8-0.9
"National Institutes of Health, National Institute for Mental Health","National Institutes of Health, National Institutes of Mental Health",0.9789009690284729,0.9+
Ministry of Government and Consumer Services,"Ministry of Government and consumer Services, Broader Public Sector",0.9172865152359009,0.9+
"Julius Kühn-Institut, Institut für Rebenzüchtung",Julius Kühn-Institut. Institut für Rebenzüchtung,0.9957143068313599,0.9+
National Oceanic and Atmospheric Administration,"National Oceanic and Atmospheric Administration, National Centers for Environmental Information",0.8819984793663025,0.8-0.9
"National Institutes of Health, National Cancer Institute","U.S. Department of Health and Human Services, National Institutes of Health, National Cancer Institute",0.8658930063247681,0.8-0.9
Estonian Literary Museum,Estonian Museum of Natural History,0.8307249546051025,0.8-0.9
University of British Columbia,Vancouver Island University,0.7413328289985657,0.7-0.8
"University of Wisconsin-Madison,  Information Technology","University of Wisconsin-Madison, Data and Information Services Center",0.8248253464698792,0.8-0.9
European Commission,"European Commission, Research and Innovation",0.7813174724578857,0.7-0.8
ORTOLANG,Ortolang,0.9999999403953552,0.9+
CLARIN ERIC,CLARIN ERIC Centres,0.8302843570709229,0.8-0.9
"Centre National de la Recherche Scientifique, Institut National des Sciences de l'Univers","Centre national de la recherche scientifique, L'Institut national des sciences de l'Univers",0.9970951080322266,0.9+
"University of Sydney, School of Geosciences","University of Texas at Austin, Institute for Geophysics",0.6622743010520935,0.6-0.7
"Mississippi State University, College of Veterinary Medicine","University of Sydney, Sydney School of Veterinary Sciences",0.7627217769622803,0.7-0.8
"University of California San Diego, San Diego Supercomputer Center","University of California, San Diego, San Diego Supercomputer Center",0.9951350688934326,0.9+
"Florida State University, Libraries",University of South Florida Libraries,0.9095220565795898,0.9+
"University of California at San Diego, Skaggs School of Pharmacy and Pharmaceutical Sciences","University of North Carolina, Eshelman School of Pharmacy",0.7589554786682129,0.7-0.8
"U.S. Department of Health and Human Services, National Institutes of Health","US Department of Health and Human Services, National Institutes of Health",0.9855855703353882,0.9+
British Oceanographic Data Centre,IOC Committee on International Oceanographic Data and Information Exchange,0.6737772226333618,0.6-0.7
US Department of Energy,"United States, Department of Energy",0.9682908058166504,0.9+
Woods Hole Oceanographic Insitution,Woods Hole Oceanographic Institution,0.8969218730926514,0.8-0.9
"National Center for Atmospheric Research, Computational and Information Systems Laboratory Data Support Section","National Center for Atmospheric Research, University Corporation for Atmospheric Research",0.8223219513893127,0.8-0.9
"King's College, London",University College of London,0.7834732532501221,0.7-0.8
"University of Toronto, Centre for Cellular and Biomolecular Research, Andrews Lab","University of Toronto, Donnelly Centre for Cellular and Biomolecular Research, Zhang Lab",0.8702577352523804,0.8-0.9
"Ludwig-Maximilians-Universität München, Universitätsbibliothek",Niedersäschsische Staats- und Universitätsbibliothek Göttingen,0.7283352613449097,0.7-0.8
Smithsonian Institute,"Smithsonian Institution, Libraries",0.8663368225097656,0.8-0.9
National Institute of Mental Health,"National Institutes of Health, National Institute for Mental Health",0.8857237696647644,0.8-0.9
"National Center for Biotechnology Information, National Library of Medicine","National Institutes of Health, United States National Library of Medicine, National Center for Biotechnology Information",0.9015986323356628,0.9+
Douglas Mental Health University Institute Foundation,"National Institutes of Health, National Institute for Mental Health",0.7347046732902527,0.7-0.8
"University of California, Berkeley","University of California, San Diego",0.8670384287834167,0.8-0.9
Universiti Sains Malaysia,"Universität Konstanz, Kommunikations-, Informations-, Medienzentrum",0.6868870854377747,0.6-0.7
Universidad Católica de Salta,Universidad de Sevilla,0.7209666967391968,0.7-0.8
University of Sydney,Western  Sydney University,0.875811755657196,0.8-0.9
University of California at Irvine,University of California at Los Angeles,0.8292429447174072,0.8-0.9
"Biblioteca, Universidad de León","Universidad de Concepción, Bibliotecas UdeC",0.805397629737854,0.8-0.9
"Cologne University,  BioInformatics Facility","European Bioinformatics Institute,",0.8471653461456299,0.8-0.9
State Museum of Natural History Karlsruhe,State Museum of Natural History Stuttgart,0.8015825748443604,0.8-0.9
Universidad Nacional de Córdoba,Universidad Nacional de La Plata,0.8351958990097046,0.8-0.9
"Sinai Health System, Mount Sinai Hospital Toronto,  Department of Microbiology","University of Hamburg, Department of Microbiology and Biotechnology",0.6251395344734192,0.6-0.7
European Molecular Biology Laboratory - European Bioinformatics Institute,"European Molecular Biology Laboratory, European Bioinformatics Institute, Protein Data Bank in Europe",0.9209879636764526,0.9+
U.S. Department of Energy,"U.S. Department of Energy, Office of Energy Efficiency and Renewable Energy, Building Technologies Office",0.7549878358840942,0.7-0.8
"Universitat Politècnica de València, Servicio de Biblioteca y Documentación Científica",Universitat de València,0.6900718212127686,0.6-0.7
University of Michigan Library,"University of Michigan, Office of Research and Sponsored Projects",0.6683412790298462,0.6-0.7
"University of Queensland, Institute for Molecular Bioscience","University of Vienna, Faculty for Life Sciences, Molecular Systems Biology",0.7230216860771179,0.7-0.8
The USA.gov,USA.gov,0.9329169988632202,0.9+
"Hamburg University of Technology, Computer Center","University of Cologne, Regional Computing Centre",0.7451413869857788,0.7-0.8
U.S. Department of Agriculture,United States Department of Agriculture,0.9867174625396729,0.9+
Natural Environment Research Council,"Natural Environment Research Council,  Centre for Ecology & Hydrology",0.8527770042419434,0.8-0.9
Marine Environmental Research Infrastructure for Data Integration and Application Network,Oceanography Distributed Active Data Center,0.602250337600708,0.6-0.7
Library of the University of Gdańsk,University of Gdansk,0.8632365465164185,0.8-0.9
"National Institutes of Health,  Eunice Kennedy Shriver National Institute of Child Health and Human Development","U.S. Department of Health and Human Services, National Institutes of Health, Eunice Kennedy Shriver National Institute of Child Health and Human Development",0.9338251352310181,0.9+
Institute for Bioinformatics Research and Development,"Institute of Bioinformatics, Bangalore",0.8969026803970337,0.8-0.9
U.S. Department of Energy,"U.S.Department of Energy, Office of Science",0.9081367254257202,0.9+
National Center for Atmospheric Science,National Centre for Atmospheric Science,0.9544763565063477,0.9+
Council of Scientific & Industrial Research  - National Institute of Oceanography,National Oceanography Centre,0.7961622476577759,0.7-0.8
European Medicines Agency,European Network of Centres for Pharmacoepidemiology and Pharmacovigilance,0.643726110458374,0.6-0.7
National Research Council Canada,National Research Council of Canada,0.978079080581665,0.9+
Johns Hopkins University,"Johns Hopkins University, Institute for Basic Biomedical Sciences",0.710136890411377,0.7-0.8
University of California San Diego,University of California Santa Cruz,0.8150888681411743,0.8-0.9
National Genomics Data Center,The National Center for Biotechnology Information,0.7180746793746948,0.7-0.8
"National Aeronautics and Space Administration, Goddard Earth Sciences Data and Information Services Center","National Aeronautics and Space Administration, Goddard Space Flight Center",0.8360332250595093,0.8-0.9
"National Institutes of Health, U.S. National Library of Medicine","U.S. Department of Health & Human Services, National Institutes of Health, U.S. National Library of Medicine",0.8655231595039368,0.8-0.9
"U.S. Department of Energy, Integrated Energy Systems Office",United States Department of Energy,0.8403178453445435,0.8-0.9
Central European Research Infrastructure Consortium ERIC,EuroBioImaging - ERIC Research Infrastructure,0.7543326020240784,0.7-0.8
National Informatic Centre  of the Government of India,"National Informatics Centre (NIC), Ministry of Electronics & Information Technology, Government of India",0.7390365600585938,0.7-0.8
Dienstleistungszentrum Ländlicher Raum Rheinpfalz - Neustadt a. d. W.,"Ministerium für Wissenschaft, Weiterbildung und Gesundheit des Landes Rheinland-Pfalz",0.6071656942367554,0.6-0.7
University of Missouri,University of the Free State,0.7121767997741699,0.7-0.8
Pompeu Fabra University Barcelona,Universitat Pompeu Fabra,0.7585260272026062,0.7-0.8
"U.S. Department of Health and Human Services, Health Resources and Services Administration",U.S.Department of Health and Human Services,0.9407498240470886,0.9+
Flinders University,University of Melbourne,0.8376945853233337,0.8-0.9
GitHub,"GitHub, Inc.",0.9030293226242065,0.9+
University of Bath,University of Warwick,0.660948634147644,0.6-0.7
European Bioinformatics Institute,European Molecular Biology Laboratory - European Bioinformatics Institute,0.8808761239051819,0.8-0.9
"Berkeley Lab, Earth & Environmental Sciences Area",Lawrence Berkeley National Lab,0.7446991205215454,0.7-0.8
"British Columbia Government, British Columbia Knowledge Development Fund","Government of British Columbia, Ministry of Land, Water and Resource Stewardship",0.7046753764152527,0.7-0.8
"University of Michigan, Institute for Social Research, Inter-university Consortium for Political and Social Research","University of Michigan, Institute for Social Research, Population Studies Center",0.7210595607757568,0.7-0.8
Interdisciplinary Earth Data Alliance,"University of Tokyo, Earth Observation Data Integration & Fusion Research Initiative",0.6236011981964111,0.6-0.7
Nanyang Technological University,National University of Singapore,0.641051173210144,0.6-0.7
"U.S. Department of Energy, Office of Scientific and Technical Information","U.S. Department of Energy, Science.gov",0.9404360055923462,0.9+
British Columbia,Government of British Columbia,0.765628457069397,0.7-0.8
"Ludwig-Maximilians-Universität München, Universitätsbibliothek","TU Berlin, Universitätsbibliothek",0.8018538951873779,0.8-0.9
University and State Library Darmstadt,University and State Library of Saxony-Anhalt,0.6349550485610962,0.6-0.7
University of Washington,"Washington State University, Division of Governmental Studies and Services",0.7962513566017151,0.7-0.8
Leibniz-Institut für Bildungsverläufe,"Leibniz-Institut für Bildungsverläufe e.V., Forschungsdatenzentrum",0.9064255952835083,0.9+
National Science Foundation,US National Science Foundation,0.965052604675293,0.9+
European Molecular Biology Laboratory Australia,"European Molecular Biology Laboratory, European Bioinformatics Institute",0.8066065311431885,0.8-0.9
"Government of Canada, Natural Resources, Canadian Forest Service,  Atlantic Forestry Centre","Nova Scotia Canada, Department of Natural Resources and Renewables",0.7054888010025024,0.7-0.8
"Columbia University, Lamont-Doherty Earth Observatory",Lamont-Doherty Earth Observatory,0.915410578250885,0.9+
"Luxembourg Centre for Systems Biomedicine, University of Luxembourg",Luxembourg Institute of Health,0.7481391429901123,0.7-0.8
"Stanford University, School of Medicine, Departments of Biochemistry and Genetics","University of Miami, Miller School of Medicine Department of Biochemistry and Molecular Biology",0.8214067220687866,0.8-0.9
"Ministry of Education, Science and Sport","Ministry of Education, Youth and Sports",0.8650922775268555,0.8-0.9
Georg-August Universität Göttingen,"Georg-August-Universität Göttingen, Niedersächsische Staats- und Universitätsbibliothek Göttingen",0.7549084424972534,0.7-0.8
EarthChem,https://www.earthchem.org/,0.7675811052322388,0.7-0.8
Swedish Cancer Society,Swedish Childhood Cancer Foundation,0.7618046998977661,0.7-0.8
University of Alberta,University of Saskatchewan,0.8598107099533081,0.8-0.9
U.S. Department of Commerce,"U.S. Department of Commerce, United States Census Bureau",0.7116765379905701,0.7-0.8
Madison Area Technical College,University of Wisconsin - Madison,0.7216417789459229,0.7-0.8
University of Michigan Library,University of Minnesota Libraries,0.7223733067512512,0.7-0.8
"Hong Kong Polytechnic University, Pao Yue-kong Library","Lingnan University Hong Kong, Fong Sum WoodLibrary",0.7323226928710938,0.7-0.8
"Heinrich Heine Universität Düsseldorf, Universitäts- und Landesbibliothek","Ludwig-Maximilians-Universität München, Universitätsbibliothek",0.7942726612091064,0.7-0.8
Texas Advanced Computing Center,"University of California, San Diego, San Diego Supercomputer Center",0.6598126292228699,0.6-0.7
Université Paris Cité,Université Paris-Sud,0.8166812658309937,0.8-0.9
Bundesamt für Kartographie und Geodäsie,"Bundesamt für Kartographie und Geodäsie, Dienstleistungszentrum",0.9370546936988831,0.9+
Genome Canada,Genome Quebec,0.8981101512908936,0.8-0.9
Northrop Grumman,Northrop Grumman Health and Human Services,0.7312848567962646,0.7-0.8
"Department of Agriculture, Natural Resources Conservation Service","United States Department of Agriculture, National Resources Conservation Service",0.9339097738265991,0.9+
"National Autonomous University of Mexico, Center for Genomic Sciences","National Autonomous University of Mexico, Institute of Biotechnology",0.8120847940444946,0.8-0.9
MCMaster University,University of Michigan,0.7027145028114319,0.7-0.8
Centre National d'Etudes Spatiales,Centre National d'Études Spatiales,0.9999998807907104,0.9+
California Institute of Technology Library,"University of California, California Digital Library,  Curation Center",0.6298675537109375,0.6-0.7
"National University of Ireland, Galway","The University of Dublin, Trinity College Dublin",0.8431516885757446,0.8-0.9
Museum National d'Histoire Naturelle,National Museum of Natural History,0.7833395600318909,0.7-0.8
"National Agency for New Technologies, Energy and Sustainable Economic Development","U.S. Department of Energy, Science.gov",0.6132272481918335,0.6-0.7
Queensland University of Technology,Swinburne University of Technology,0.6613508462905884,0.6-0.7
Boston University,University of Massachusetts Boston,0.9265085458755493,0.9+
"National Institutes of Health, National Institute of Environmental Health Sciences","National Institutes of Health, National Institute of General Medical Sciences",0.7900846004486084,0.7-0.8
U.S. Department of Agriculture,"United States Department of Agriculture, Economic Research Service",0.8360757231712341,0.8-0.9
Syracuse University,University of Buffalo,0.7008060216903687,0.7-0.8
Deep Carbon Observatory,Smithsonian Astrophysical Observatory,0.6543363332748413,0.6-0.7
Smithsonian Institution,"Smithsonian Institution, Libraries",0.9298457503318787,0.9+
National Science Digital Library,U.S. National Science Foundation,0.6399862170219421,0.6-0.7
Medical Research Council,UK Medical Research Council,0.9005398154258728,0.9+
"University of Michigan,  Inter-University Consortium for Political and Social Research","University of Michigan, Inter-University Consortium for Political and Social Research",1.000000238418579,0.9+
Electricité de France,Électricité de France SA,0.9628033638000488,0.9+
"Excellence Cluster TOPOI, A-6 Economic Space",Excellence Cluster Topoi EXC 264,0.8195533752441406,0.8-0.9
Université Montpellier,Université de Montpellier,0.979243814945221,0.9+
"Washington University in St. Louis, School of Medicine","Washington University in St.Louis, School of Law",0.8061056137084961,0.8-0.9
"University of Calgary, Hotchkiss Brain Institute","University of Queensland, Queensland Brain Institute",0.8399044871330261,0.8-0.9
"Harvard University, Institute for Quantitative Social Sciences","The Pennsylvania State University, Social Science Research Institute",0.697591245174408,0.6-0.7
National Institute of Health,National Institute on Minority Health and Health Disparities,0.7252441644668579,0.7-0.8
NASA Langley Research Center,"National Aeronautics and Space Administration, Langley Research Center",0.8462510108947754,0.8-0.9
NASA Goddard Institute for Space Studies,Space Telescope Science Institute,0.719058632850647,0.7-0.8
Universidade Federal de São Paulo,"Universidade de Sao Paulo, Escola Politécnica",0.7982603907585144,0.7-0.8
National Research Council,National Research Foundation,0.7592933177947998,0.7-0.8
"U.S. Department of Health & Human Services, National Institutes of Health, National Institute of General Medical Sciences","U.S. Department of Health and Human Services, National Institutes of Health, Office of Behavioral and Social Sciences Research",0.7852694988250732,0.7-0.8
Gesellschaft für wissenschaftliche Datenverarbeitung Göttingen mbH,Gesellschaft für wissenschaftliche Datenverarbeitung mbH Göttingen,0.9933325052261353,0.9+
National Institute of Diabetes and Digestive Kidney Diseases,"National Institutes of Health, National Institute of Diabetes, Digestive and Kidney Diseases",0.8695862293243408,0.8-0.9
"Swinburne University of Technology,  Institute for Social Research","University of Michigan, Institute for Social Research, Survey Research Center",0.64202880859375,0.6-0.7
"National Aeronautics and Space Administration, Atmospheric Science Data Center","National Aeronautics and Space Administration, Langley Research Center Atmospheric Science Data Center",0.9400506019592285,0.9+
"Concordia University, IT-Services","Concordia University, Library",0.7599407434463501,0.7-0.8
National Park Service,U.S. National Park Service,0.9489656686782837,0.9+
"National Institutes of Health, National Heart Lung and Blood Institute","U.S. Department of Health & Human Services, National Institutes of Health, National Heart, Lung and Blood Institute",0.9189598560333252,0.9+
"U.S. Department of Agriculture, Agricultural Research Service","U.S.Department of Agriculture, Agricultural Research Service",1.0,0.9+
Harvard University Library,University of Maryland Libraries,0.7170107364654541,0.7-0.8
"UK Data Archive, University of Essex","University of Essex, UK Data Archive, UK Data Service",0.9335958957672119,0.9+
Africa Health Research Institute,National Health Research Institutes,0.6767581701278687,0.6-0.7
Michigan State University,Rutgers University,0.6920095682144165,0.6-0.7
"Simon Fraser University, Department of Molecular Biology and Biochemistry, Fiona Brinkman Lab","Simon Fraser University, Department of Molecular Biology and Biochemistry, Fiona Brinkman Laboratory",0.9948545098304749,0.9+
Carnegie Mellon University,Stanford University,0.7124412655830383,0.7-0.8
GEOMAR Helmholtz Centre for Ocean Research Kiel,"GEOMAR Helmholtz Centre for Ocean Research Kiel, Library",0.9663066864013672,0.9+
"Aix-Marseille University, Maison Méditerranéenne des Sciences de l’Homme","Université Paul Valéry - Montpellier 3, ASM - Archéologie des Sociétés Méditerranéennes, UMR5140",0.6488946676254272,0.6-0.7
"University of Pennsylvania,  Perelman School of Medicine, Institute for Biomedical Informatics","University of Pennsylvania, Perelman School of Medicine, Computational Biology and Informatics Laboratory",0.8233233690261841,0.8-0.9
"University of Pennsylvania, Perelman School of Medicine, Computational Biology and Informatics Laboratory","University of Pennsylvania, PerelmanSchool of Medizine, Computational Biology and Informatics Laboratory",0.9295840263366699,0.9+
US Department of Energy,United States Department of Energy,0.9855849742889404,0.9+
"U.S.  Department of Energy, Office of Science",U.S. Department of Energy,0.9081367254257202,0.9+
University of Leicester,University of Liverpool,0.7403841614723206,0.7-0.8
"Department of Agriculture, Agriculture Research Service","United States Department of Agriculture, Economic Research Service",0.8724074363708496,0.8-0.9
"U.S.Department of Energy, Office of Science, Biological and Environmental Research","United States, Department of Energy, Office of Science, Biological and Environmental Research",0.9787769913673401,0.9+
Institute for Vegetable Crops,"National Research Institute for Agriculture, Food and Environment",0.7559190392494202,0.7-0.8
University of New Hampshire,University of New South Wales,0.7186123132705688,0.7-0.8
"Ministry of Education, Culture, Sports, Science and Technology, Targeted Proteins Research Program","National Institutes of Health, United States National Library of Medicine, National Center for Biotechnology Information",0.6084253191947937,0.6-0.7
National Research Council of Italy,Spanish National Research Council,0.6171963214874268,0.6-0.7
University of Oslo,University of Tromsø,0.7179220914840698,0.7-0.8
National Laboratory of the Rockies,Pacific Northwest National Laboratory,0.7246533632278442,0.7-0.8
Samuel H. Kress Foundation,The Kresge Foundation,0.7364147901535034,0.7-0.8
Universidade Federal de São Paulo,University of Sao Paulo,0.8940467834472656,0.8-0.9
Rensselaer Polytechnic Institute,University of Bergen,0.621921956539154,0.6-0.7
"Government of India, Ministry of Electronics & Information Technology","Government of India, Ministry of Science and Technology, Department of Science and Technology",0.7460426092147827,0.7-0.8
CSIRO,CSIRO Australia,0.8237956166267395,0.8-0.9
Database Center for Life Science,LifeMap Sciences,0.6509029269218445,0.6-0.7
All Russian Research Institute of Hydrometeorological information World Data Center,All-Russian Research Institute of Hydrometeorological Information - World Data Center,0.9919495582580566,0.9+
Japanese Society of Phycology,The Korean Society of Phycology,0.775350034236908,0.7-0.8
Department of Health and Human Services,U.S. Department of Health & Human Services,0.9237896800041199,0.9+
University of Saskatchewan,University of Winnipeg,0.8242624998092651,0.8-0.9
National Center for Atmospheric Research,National Center for Atmospheric Science,0.9663143754005432,0.9+
"Carnegie Mellon University, Qualiy of Life Technologies Center","Stanford University, Carnegie Institution for Science, Biosphere Sciences & Engineering",0.6671565771102905,0.6-0.7
"National Institutes of Health, National Institute for Aging","U.S. Department of Health & Human Services, National Institutes of Health, National Institute on Aging",0.8722327947616577,0.8-0.9
Heidelberger Institut für Theoretische Studien,"Universität Heidelberg, Universitätsbibliothek",0.7203179001808167,0.7-0.8
Blutspendedienst des Bayerischen Roten Kreuzes gemeinnützige GmbH,Deutsches Biomasseforschungszentrum gemeinnützige GmbH,0.6087323427200317,0.6-0.7
The University of British Columbia,University of Northern British Columbia,0.9449447393417358,0.9+
UK Centre for Ecology & Hydrology,"University of New South Wales, Centre for Ecosystem Science",0.6170785427093506,0.6-0.7
University of California San Diego,University of California Santa Barbara,0.8758768439292908,0.8-0.9
United States Department of Agriculture,"United States Department of Agriculture, Agricultural Research Service",0.8901187181472778,0.8-0.9
Max Planck Institute for Biochemistry,Max Planck Institute for Mathematics in the Sciences,0.8152210712432861,0.8-0.9
Australian Catholic University,University of South Australia,0.7221816182136536,0.7-0.8
Universidad Nacional de Colombia,Universidade Federal de São Paulo,0.7882258892059326,0.7-0.8
"The New Mexico State University, College of Arts and Sciences, Department of Astronomy","University of Kentucky, Department of Physics and Astronomy",0.7370460033416748,0.7-0.8
The National Institutes of Health,U.S. National Institutes of Health,0.9538350105285645,0.9+
Deutsches Zentrum für Hochschul- und Wissenschaftsforschung,Leibniz-Zentrum für Agrarlandschaftsforschung e. V.,0.6191637516021729,0.6-0.7
Universidade Federal de Goiás,Universidade Federal de São Paulo,0.8134801387786865,0.8-0.9
ENERGY.GOV,Energy.gov,1.0000001192092896,0.9+
Medical University of Warsaw,University of Warsaw,0.8775627613067627,0.8-0.9
Queen Mary University of London,University of East London,0.7188056707382202,0.7-0.8
Wellcome,wellcome trust,0.6505822539329529,0.6-0.7
Australian Museum,Estonian Museum of Natural History,0.6434078216552734,0.6-0.7
Albert-Ludwigs-Universität Freiburg,Ludwig-Maximilians-Universität München,0.8054298162460327,0.8-0.9
Universidad Simón Bolívar,Universidad de Santiago de Chile,0.7642606496810913,0.7-0.8
U.S. Department of Agriculture,"United States Department of Agriculture, Agricultural Research Service",0.8882753849029541,0.8-0.9
"TU Berlin, ZE Campusmanagement",Technical University of Berlin,0.7110069990158081,0.7-0.8
"Columbia University,  Lamont-Doherty Earth Observatory","Columbia University, Lamont -Doherty Earth Observatory",0.9999998807907104,0.9+
EarthScope Consortium,Earthscope Consortium,0.9999998807907104,0.9+
"Queen Margaret University, Edinburgh","University of Edinburgh, The Roslin Institute",0.6947219967842102,0.6-0.7
MIT Haystack Observatory,Smithsonian  Astrophysical Observatory,0.6947205662727356,0.6-0.7
MacEwan University,McMaster University,0.6506741046905518,0.6-0.7
"National Institutes of Health, National Cancer Institute, Center for Cancer Genomics, The Cancer Genome Atlas Program Office","U.S. National Institutes of Health, National Cancer Institute",0.8100141882896423,0.8-0.9
"University of Cambridge, Department of Genetics","University of Toronto, Department of Molecular Genetics",0.8473668694496155,0.8-0.9
La Jolla Institute for Allergy and Immunology,National Institute of Allergy and Infectious Diseases,0.7152768969535828,0.7-0.8
"Department of Agriculture, Agriculture Research Service",Indian Council of Agricultural Research,0.7129825353622437,0.7-0.8
"GFZ Helmholtz Centre for Geosciences, Information System and Data Center","GFZ Helmholtz Centre for Geosciences, Information Systems and Data Center",0.9957453608512878,0.9+
University of Oslo,University of Zurich,0.7111688852310181,0.7-0.8
"International Atomic Energy Agency, Nuclear Data Section, Atomic and Molecular  Unit","International Atomic Energy Agency, Nuclear Data Section, Atomic and Molecular Data Unit",0.9824188947677612,0.9+
Integrative Neuroscience Initiative on Alcoholism,"National Institute of Alcohol Abuse and Alcoholism, Integrative Neuroscience Initiative on Alcoholism",0.9238603115081787,0.9+
Landcare Research,Landcare Research NZ,0.8564711809158325,0.8-0.9
Deutsche Digitale Bibliothek,"Münchener DigitalisierungsZentrum, Digitale Bibliothek",0.8742794990539551,0.8-0.9
Woods Hole Oceanographic Insitution,"Woods Hole Oceanographic Institution, U.S. JGOFS Central Project Office",0.8677024841308594,0.8-0.9
National Centre for Atmospheric Science,"University Cooperation for Atmospheric Research, National Center for Atmospheric Research",0.810269832611084,0.8-0.9
Institute for Genomics and Evolutionary Medicine,National Human Genome Research Institute,0.7322254776954651,0.7-0.8
"NOAA National Centers for Environmental Information, Ocean Climate Laboratory",NOAA’s National Centers for Coastal Ocean Science,0.8202821016311646,0.8-0.9
Max Planck Institut für Informatik,Max-Planck-Institut für Informatik,0.9612094163894653,0.9+
University of Colorado,University of Colorado Colorado Springs,0.9112659692764282,0.9+
Monash University,"Monash University, e-reserach Centre",0.7725802063941956,0.7-0.8
CLARIN ERIC,CLARIN-IS,0.6665890216827393,0.6-0.7
"U.S. Department of Health & Human Services, National Institutes of Health, National Heart, Lung and Blood Institute","U.S. Department of Health & Human Services, National Institutes of Health, National Heart, Lung, and Blood Institute",0.99711674451828,0.9+
CNR,CNRS,0.9417755603790283,0.9+
University of Nebraska Lincoln,University of Nebraska-Lincoln,0.9797830581665039,0.9+
"European Commission,  Community Research and Development Information Service, Seventh Framework Programme","European Commission, Community Research and Development Information Service,  7th Framework Programme",0.9880166053771973,0.9+
Vecna Technologies,"Vecna Technologies, Inc.",0.8694824576377869,0.8-0.9
Smithsonian Institute,Smithsonian Libraries,0.8484336137771606,0.8-0.9
National Institute of Genetics,"National Institutes of Health, National Human Genome Research Institute",0.758418619632721,0.7-0.8
University of Michigan,"University of Michigan, English Language Institute",0.7321336269378662,0.7-0.8
"Indiana University Bloomington, Center for Genomics and Bioinformatics","University of Texas at Austin, Center for Computational Biology and Bioinformatics",0.7986684441566467,0.7-0.8
"University College London, Orengo Group",University College of London,0.7241514921188354,0.7-0.8
Alberta Government,"Government of Canada, Transport Canada",0.651380181312561,0.6-0.7
Norwegian Institute for Air Research,"Norwegian Institute for Air Research, Chemical Coordinating Centre",0.8720552325248718,0.8-0.9
Graz University of Technology,University of Graz,0.8905352354049683,0.8-0.9
"Technische Universität Dortmund, Sozialforschungsstelle Dortmund",Technische Universität Dresden,0.7541168928146362,0.7-0.8
University of Geneva,University of Lausanne,0.7937953472137451,0.7-0.8
"U.S. Department of Health & Human Services, National Institutes of Health, National Institute of General Medical Sciences","U.S. Department of Health and Human Services, National Institutes of Health",0.9253072142601013,0.9+
"Australian Government, Department of Education and Training, National Collaborative Research Infrastructure Strategy","Australian Government, Department of Education, Skills and Employment, National Collaborative Research Infrastructure Strategy",0.9594147205352783,0.9+
Leipzig University,University of Stuttgart,0.7283110618591309,0.7-0.8
Mount Royal University,University of New England,0.6463215351104736,0.6-0.7
"Hamburg University of Technology, Library","Karlsruhe Institute of Technology, Library",0.7119807004928589,0.7-0.8
"NASA Goddard Space Flight Center, Space Physics Data Facility, Space Physics Archive Search and Extract Consortium","National Aeronautics and Space Administration, NASA Space Science Data Coordinated Archive",0.8008730411529541,0.8-0.9
Instituto Brasileiro de Informação em Ciência e Tecnologia,"Universität Stuttgart, Institut für Maschinelle Sprachverarbeitung, Forschungszentrum Informatik",0.6023602485656738,0.6-0.7
Österreichische Akademie der Wissenschaften,Österrreichische Akademie der Wissenschaften,0.97137451171875,0.9+
British Phycological Society,International Phycological Society,0.8247631788253784,0.8-0.9
Ministry of Education and Research,"Ministry of Education, Science and Youth",0.828629195690155,0.8-0.9
"Advanced Centre for Treatment, Research and Education in Cancer, Tata Memorial Centre","Tata Memorial Centre, Advanced Centre for Treatment, Research and Education in Cancer",0.9767438173294067,0.9+
Concordia University,"Concordia University,  Library",0.8783769607543945,0.8-0.9
Economic and Social Research Council,"University of Essex, Institute for Social and Economic Research",0.6717501878738403,0.6-0.7
Max Planck Society,Max-Planck-Gesellschaft zur Förderung der Wissenschaften e.V.,0.7648695111274719,0.7-0.8
University of Maryland,Yale-NUS College,0.6390206217765808,0.6-0.7
NASA's Jet Propulsion Laboratory,"National Aeronautics and Space Administration, Jet Propulsion Laboratory",0.9038863182067871,0.9+
Gemeinnuetzige Sparkassenstiftung zu Lübeck,Possehl-Stiftung Lübeck,0.6047927141189575,0.6-0.7
University of Sao Paulo,University of São Paulo,1.0000001192092896,0.9+
"Informations-, Kommunikations- und Medienzentrum (Eberhard Karls Universität Tübingen)","Universität Konstanz, Kommunikations-, Informations-, Medienzentrum",0.8229407072067261,0.8-0.9
Global Energy and Water Exchanges,Global Water and Energy Exchanges Project,0.922760546207428,0.9+
Universitat Jaume I,Universität Rostock,0.6844906806945801,0.6-0.7
"Institute of Bioinformatics, Bangalore",Swiss Institute of Bioinformatics,0.8823780417442322,0.8-0.9
Acadia University,University of Essex,0.6358329057693481,0.6-0.7
"Erasmus University Rotterdam, Erasmus University Library",University of Groningen,0.7276726961135864,0.7-0.8
"Harvard Smithsonian Center for Astrophysics, Atomic and Molecular Physics Division","Harvard-Smithsonian Center for Astrophysics, Smithsonian Astrophysical Observatory",0.8210381269454956,0.8-0.9
"Leibniz-Institut für Bildungsmedien, Georg Eckert Institut","Leibniz-Institut für Bildungsverläufe e.V., Forschungsdatenzentrum",0.8433748483657837,0.8-0.9
"Stanford University, School of Medicine","Washington University in St. Louis, School of Medicine",0.7463871836662292,0.7-0.8
U.S. Department of Health & Human Services,United States Department of Health and Human Services,0.9818370938301086,0.9+
"Freie Universität Berlin, Fachbereich Geowissenschaften, Institut für Geologische Wissenschaften","Universität Bayreuth, Fakultät für Biologie, Chemie und Geowissenschaften,  Abteilung Mykologie",0.6190695762634277,0.6-0.7
"University Alberta, Wishart Research Group","University of Alberta, Edmonton, Wishart Research Group",0.9535461664199829,0.9+
Scripps Institution of Oceanography,"UC San Diego, Scripps Institution of Oceanography",0.8374818563461304,0.8-0.9
Serbian Academy of Sciences and Arts,"Serbian Academy of Sciences and Arts, Institute for the Serbian Language",0.9151742458343506,0.9+
University of Music and Performing Arts Vienna,University of Music and Theatre Munich,0.7206382155418396,0.7-0.8
"University of California San DIego, Scripps Institution of Oceanography, Ocean and Geosciences Data Center","University of California San Diego, Scripps Institution of Oceanography",0.9091178178787231,0.9+
"National Institutes of Health, National Center for Research Resources",The National Institutes of Health,0.862510085105896,0.8-0.9
Institut des Sciences de l'Evolution de Montpellier,Université de Montpellier,0.70551997423172,0.7-0.8
"Government of Canada, Open Government",Government of New Brunswick,0.6111348867416382,0.6-0.7
"Technische Universität München, Deutsches Geodätisches Forschungsinstitut","Universität zu Köln, Regionales Rechenzentrum",0.6871803998947144,0.6-0.7
Landesarchiv Thüringen - Hauptstaatsarchiv Weimar,Ministerium für Kultur und Wissenschaft des Landes Nordrhein-Westfalen,0.6227654218673706,0.6-0.7
NIH  National Institute of Diabetes and Digestive and Kidney Diseases,National Institute of Diabetes and Digestive and Kidney Diseases,0.9312613010406494,0.9+
"National Institutes of Health,  National Cancer Institute","National Instiutes of Health, National Cancer Institut",0.8119713068008423,0.8-0.9
"U.S. Department of Health and Human Services, Office of Planning, Research and Evaluation",US Department of Health & Human Services,0.8627533912658691,0.8-0.9
United States Department of Agriculture,"United States Department of Agriculture, Risk Management Agency",0.8447538018226624,0.8-0.9
Yeda Research and Development Company Ltd,Yeda Research and Development Company Ltd.,0.9943967461585999,0.9+
Universidad de León,Universidade de Aveiro,0.8261099457740784,0.8-0.9
"Government of Canada, Natural Resources, Canadian Forest Service,  Atlantic Forestry Centre",Natural Resources Canada,0.7150415182113647,0.7-0.8
National Institute for Health Research,U.S. National Institutes of Health,0.8300634026527405,0.8-0.9
National ‫Science Foundation,Swiss National Science Foundation,0.8350509405136108,0.8-0.9
"National Institutes of Health, National Institute of General Medical Sciences","U.S. Department of Health & Human Services, National Institutes of Health, National Institute of General Medical Sciences",0.8161277770996094,0.8-0.9
"University of Michigan, Institute for Social Research, Center for Political Studies","University of Michigan, Institute for Social Research, Population Studies Center",0.7081663608551025,0.7-0.8
University of Wisconsin-Madison,University of Wisconsin-Milwaukee,0.8966372013092041,0.8-0.9
"U.S.Department of Agriculture, Agricultural Research Service","United States Department of Agriculture, World Agricultural Outlook Board",0.8129345178604126,0.8-0.9
"Karlsruhe Institute of Technology, Institute for Astroparticle Physics","University of Kentucky, Department of Physics and Astronomy",0.7373268604278564,0.7-0.8
Alaska Ocean Observing System,Integrated Ocean Observing System,0.7394362092018127,0.7-0.8
Fachhochschule Erfurt,Fachhochschule Nordwestschweiz,0.7252305746078491,0.7-0.8
Leibniz-Institut für Deutsche Sprache,Leibniz-Institut für Europäische Geschichte,0.7334651947021484,0.7-0.8
"National Center for Atmospheric Research, Computational and Information Systems Laboratory Data Support Section","National Center for Atmospheric Research, University Corporation for Antmospheric Research, Computational and Information Systems Laboratory",0.8889795541763306,0.8-0.9
Texas A&M University - Corpus Christi,University of New Mexico,0.6024630069732666,0.6-0.7
Medical University of Warsaw,University of Gdansk,0.6997771859169006,0.6-0.7
"Biblioteca, Universidad de León","Universidad de Chile, Dirección de Servicios de Información y Bibliotecas",0.7715118527412415,0.7-0.8
"World Meteorological Organisation, Global Atmosphere Watch","World Meteorological Organization, Global Atmosphere Watch",0.9922022819519043,0.9+
"National Aeronautics and Space Administration, Socio-Economic Data and Applications Center",U.S. National Aeronautics and Space Administration,0.7482246160507202,0.7-0.8
"Concordia University,  Library","Concordia University, Library",1.0000001192092896,0.9+
CLARIN-D,CLARIN-IT,0.8316539525985718,0.8-0.9
"U.S. Department of Energy, Energy Information Administration","United States, Department of Energy",0.9168894290924072,0.9+
Jülich Supercomputing Centre,"University of California, San Diego, San Diego Supercomputer Center",0.7629863619804382,0.7-0.8
Institute of Space Sciences,University of Texas Center for Space Research,0.6942266821861267,0.6-0.7
Government of Canada,Government of Ontario,0.8271549344062805,0.8-0.9
Norwegian Meteorological Institute,Royal Netherlands Meteorological Institute,0.8132443428039551,0.8-0.9
University of Pennsylvania,"University of Pennsylvania, The Wharton School",0.7937701344490051,0.7-0.8
U.S. Geological Survey,US Geological Survey,0.9670580625534058,0.9+
Marie and Louis Pasteur University,Washington University in St.Louis,0.6448039412498474,0.6-0.7
Instituto Nacional de Geriatría,Universidad Nacional de Colombia,0.6201697587966919,0.6-0.7
"National Center for Biotechnology Information, National Library of Medicine","Yale University, Coli Genetic Stock Center",0.6246166229248047,0.6-0.7
"U.S. Department of Agriculture, Agricultural Research Service","United States Department of Agriculture, National Agricultural Statistics Service",0.8625274896621704,0.8-0.9
Chiba University,University of Tokyo,0.7404369711875916,0.7-0.8
"National Center for Biotechnology Information, U.S. National Library of Medicine","National Institutes of Health, United States National Library of Medicine, National Center for Biotechnology Information",0.9046797156333923,0.9+
"NOAA National Centers for Environmental Information, Ocean Climate Laboratory","National Centers for Environmental Information, Ocean Climate Laboratory",0.9175471663475037,0.9+
"Institute of Bioinformatics, Bangalore",Queensland Facility for Advanced Bioinformatics,0.7073051929473877,0.7-0.8
"Colorado State University, Cooperative Institute for Research in the Atmosphere","University Corporation for Atmospheric Research, National Center for Atmospheric Research",0.8129497766494751,0.8-0.9
Ministry of Earth Science,The Ministry of Higher Education and Science,0.7046564817428589,0.7-0.8
"European Space Agency, European Space Astronomy Centre","European Space Agency, Science & Technology, COSMOS",0.8303477168083191,0.8-0.9
Staatliche Mueseen zu Berlin - Antikensammlung,Staatliche Museen zu Berlin - Antikensammlung,0.829136073589325,0.8-0.9
Ministry of Education of the Peoples's Republic of China,Ministry of Finance of the People's Republic of China,0.7913955450057983,0.7-0.8
Centre national de la recherche scientifique,"Centre national de la recherche scientifique, L'Institut national des sciences de l'Univers",0.8189903497695923,0.8-0.9
Environmental Institute,National Institute for Environmental Health Sciences,0.8023560643196106,0.8-0.9
"National Instititutes of Health, National Institute of Diabetes and Digestive and Kidney Diseases","National Institutes of Health, National Institute of Diabetes, Digestive and Kidney Diseases",0.8958221673965454,0.8-0.9
Cancer Council NSW,NSW Ministry of Health,0.7021470665931702,0.7-0.8
Stanford University,Stanford University School of Medicine,0.7505146265029907,0.7-0.8
"Simon Fraser University, Department of Molecular Biology and Biochemistry, Fiona Brinkman Lab","University of Washington, Department of Biochemistry",0.7464843392372131,0.7-0.8
Universidade Federal de São Paulo,University of São Paulo,0.8940467834472656,0.8-0.9
"U.S. Department of Health & Human Services, National Institutes of Health, U.S. National Library of Medicine","U.S. Department of Health and Human Services, National Institutes of Health, National Institute of General Medical Sciences",0.9180020093917847,0.9+
"East Carolina University, Department of Biology","The University of Texas at El Paso, Department of Biological Sciences",0.7134421467781067,0.7-0.8
"University of Bristol, Research Data Service","University of Essex, UK Data Archive, UK Data Service",0.7092045545578003,0.7-0.8
United States Department of Agriculture,"United States Department of Agriculture, National Agricultural Library",0.8134933114051819,0.8-0.9
"European Commission, Health research and innovation","European Commission, Research and Innovation",0.8386939764022827,0.8-0.9
"United States Department of Agriculture,  Agricultural Marketing Service","United States Department of Agriculture, Foreign Agricultural Service",0.8680737018585205,0.8-0.9
"Ministry of Education, Culture, Science, Sports and Technology","Ministry of Education, Science and Sport",0.9258489012718201,0.9+
NOAA's Satellite and Information Service,"NOAA, National Environmental Satellite, Data, and Information Service",0.855787992477417,0.8-0.9
Norwegian University of Life Sciences,Norwegian University of Science and Technology,0.8075750470161438,0.8-0.9
National Institute of Allergy and Infectious Diseases,"National Institute of Allergy and Infectious Diseases, Bioinformatics Resource Center",0.8222677707672119,0.8-0.9
"Georg-August-Universität Göttingen, Niedersächsische Staats- und Universitätsbibliothek",Niedersächsische Staats- und Universitätsbibliothek Göttingen,0.9056403040885925,0.9+
Stanford University,"University of California, San Francisco",0.7569817304611206,0.7-0.8
"International Atomic Energy Agency, Nuclear Data Section, Atomic and Molecular Data Unit",International Atomic and Molecular Data Centre network,0.7877793908119202,0.7-0.8
"Cornell University, Albert R. Mann Library",Princeton University Library,0.6182836890220642,0.6-0.7
"University of Cambridge, Department of Genetics","University of Helsinki, Haartman Institute, Laboratory of Cytomolecular Genetics",0.6327139139175415,0.6-0.7
National Oceanic and Atmospheric Administration,"National Oceanic and Atmospheric Administration, National Ocean Service",0.9325771331787109,0.9+
International Virtual Observatory Alliance,Smithsonian Astrophysical Observatory,0.62727952003479,0.6-0.7
Cornell University,New York University,0.717477560043335,0.7-0.8
"National Aeronautics and Space Administration, Atmospheric Science Data Center","National Aeronautics and Space Administration, Socio-Economic Data and Applications Center",0.6762884259223938,0.6-0.7
"Government of British Columbia, Ministry of Environment, Ecosystems Branch",Ministry for the Environment,0.6748679876327515,0.6-0.7
Chinese Academy of Medical Sciences & Peking Union Medical College,"Chinese Academy of Medical Sciences, Peking Union Medical College, Institute of Basic Medical Sciences",0.8916976451873779,0.8-0.9
"National Institutes of Health,  National Cancer Institute","U.S. National Institutes of Health, National Cancer Institute",0.9687660932540894,0.9+
"Chinese Academy of Agricultural Sciences, Institute of Crop Science",Chinese Academy of Tropical Agricultural Sciences,0.8316779732704163,0.8-0.9
University of Toronto Libraries,"University of Toronto, Libraries",0.9778800010681152,0.9+
Bioinformatics Institute,"European Bioinformatics Institute,",0.9230819344520569,0.9+
LESIA - Observatoire de Paris,Observatoire de Paris,0.8326617479324341,0.8-0.9
American Museum of Natural History,Natural History Museum,0.895949125289917,0.8-0.9
"National Astronomical Observatories, Chinese Academy of Sciences, Chinese Virtual Observatory",National Astronomical Observatory of Japan,0.7025227546691895,0.7-0.8
"EMBL Hamburg, Wilmanns Group","EMBL-EBI, Thornton group",0.606411874294281,0.6-0.7
Jackson Laboratory,The Jackson Laboratory,0.9784194231033325,0.9+
National Institute for Health Research,"National Institute for Health Research, School for Primary Care Research",0.8678753972053528,0.8-0.9
European Molecular Biology Laboratory - The European Bioinformatics Institute,"European Molecular Biology Laboratory, European Bioinformatics Institute, Thornton Group",0.9460934996604919,0.9+
"University of Miami, Miller School of Medicine Department of Biochemistry and Molecular Biology","University of Utah, Department of Biochemistry",0.8114441633224487,0.8-0.9
Universidad de Santiago de Chile,Universidad del Pacífico,0.8042469620704651,0.8-0.9
"University of Michigan, Institute for Social Research, Center for Political Studies","University of Michigan, Institute for Social Research, Inter-university Consortium for Political and Social Research",0.9571954607963562,0.9+
University of New Orleans,Université d'Orléans,0.8670921325683594,0.8-0.9
CLARIN.SI,clarin:el,0.7705078721046448,0.7-0.8
National Institute of Ecology,"National Research Institute for Agriculture, Food and Environment",0.7083789110183716,0.7-0.8
"European Molecular Biology Laboratory,  Postdoctoral Programme","European Molecular Biology Laboratory, European Bioinformatics Institute",0.8400482535362244,0.8-0.9
"University of California at Los Angeles - DOE, Institute for Genomics and Proteomics","University of California, Santa Cruz, Genomics Institute",0.8409436941146851,0.8-0.9
CLARIN-IS,CLARIN-IT,0.8489515781402588,0.8-0.9
"NASA Goddard Space Flight Center, Heliospheric Science Division, Space Physics Data Facility","NASA's Goddard Space Flight Center,Sciences and Exploration Directorate, Heliospheric Physics Laboratory",0.9120356440544128,0.9+
Macquarie University,The University of Sydney,0.7700527906417847,0.7-0.8
University of California at Los Angeles,"University of California, Berkeley",0.8489247560501099,0.8-0.9
"Australian Government, Australian Institute of Marine Science","Australian Government, Department of the Environment, Australian Antarctic Division",0.6970211267471313,0.6-0.7
U.S Department of Health & Human Services,US Departement of Health and Human Services,0.8113079071044922,0.8-0.9
Simon Fraser University Library,University of Winnipeg Library,0.677032470703125,0.6-0.7
"National Institutes of Health, National Eye Institute","National Institutes of Health, National Institute of General Medical Sciences",0.61695796251297,0.6-0.7
"National Oceanographic and Atmospheric Administration, Atlantic Oceanographic and Meterological Laboratory",University-National Oceanographic Laboratory System,0.8022899627685547,0.8-0.9
"United States Department of Agriculture, Agricultural Research Services","United States Department of Agriculture, National Agricultural Library",0.8435378074645996,0.8-0.9
"U.S.  Department of Energy, Office of Science","U.S. Department of Energy, Fusion Energy Sciences, Office of  Science",0.7321503162384033,0.7-0.8
Norwegian University of Science and Technology,Research Council of Norway,0.6766452193260193,0.6-0.7
CLARIN-D,CLARIN-NL,0.8361995220184326,0.8-0.9
U.S. Environmental Protection Agency,"U.S. Environmental Protection Agency, Chesapeake Bay Program Office",0.7051129937171936,0.7-0.8
Brigham and Women's Hospital,Brigham and Women’s Hospital,0.9964050054550171,0.9+
"National Center for Atmospheric Research, University Corporation for Antmospheric Research, Computational and Information Systems Laboratory","University Cooperation for Atmospheric Research, National Center for Atmospheric Research",0.8243083953857422,0.8-0.9
"University of British Columbia, Library",University of Northern British Columbia,0.8604570031166077,0.8-0.9
"Washington University in St. Louis,  University Libraries","Washington University in St.Louis, School of Law",0.7948590517044067,0.7-0.8
"Goethe Universität Frankfurt, Experimental Astrophysics",Max Planck Institute for Astrophysics,0.6811065077781677,0.6-0.7
New York University,University of New Hampshire,0.7315901517868042,0.7-0.8
"Pennsylvania State University, College of Information Sciences and Technology","Pennsylvania State University, Information Technology Services",0.8707640171051025,0.8-0.9
"Johns Hopkins University,  National Heart Lung & Blood Institute","U.S. Department of Health and Human Services, National Institutes of Health, The National Heart, Lung, and Blood Institute",0.8485342264175415,0.8-0.9
Institut National des Sciences de l'Univers,Institut national des sciences de l'Univers,1.0,0.9+
Universidad Carlos III de Madrid,Universidad Politécnica de Madrid,0.9067123532295227,0.9+
Engineering and Physical Sciences Research Council,Natural Sciences and Engineering Research Council of Canada,0.6770468354225159,0.6-0.7
"Alma Mater Studiorum, Sistema Bibliotecario de Ateneo","Universidad de Antioquia, Sistema de Bibliotecas",0.7096239924430847,0.7-0.8
"Columbia University,  Lamont-Doherty Earth Observatory",Lamont-Doherty Earth Observatory,0.915410578250885,0.9+
CLARIAH-AT,CLARIN-D,0.6608041524887085,0.6-0.7
National Bioinformatics Infrastructure Sweden,"SciLifeLab, National Bioinformatics Infrastructure Sweden",0.9253143072128296,0.9+
"National Aeronautics and Space Administration,  California Institute of Technology, Jet Propulsion Laboratory, Physical Oceanography Distributed Active Archive Center","National Aeronautics and Space Administration, Langley Research Center Atmospheric Science Data Center",0.6228030920028687,0.6-0.7
"Institute of Geophysics, China Earthquake Administration","National Earthquake Hazards Program, Advanced National Seismic System",0.6661897897720337,0.6-0.7
"Ludwig-Maximilians-Universität München, Universitätsbibliothek",Universitätsbibliothek Heidelberg,0.833625853061676,0.8-0.9
Queensland University of Technology,"University of Technology, Sydney",0.8160218000411987,0.8-0.9
Bioinformatics Institute,"Peking University, Center for Bioinformatics",0.8475311994552612,0.8-0.9
Swedish Meteorological and Hydrological Institute,"Swedish Meteorological and Hydrological Institute, Rossby Centre",0.9436589479446411,0.9+
"European Commission, Research & Innovation, Seventh Framework Programm, FP7","European Commission, Research and Innovation, FP7, Infrastructures",0.8373146057128906,0.8-0.9
University of Belgrade Computer Centre,"University of Belgrade, Computer Centre",0.9876461029052734,0.9+
"Leibniz Information Centre for Science and Technology, TIB",TIB – Leibniz Information Centre for Science and Technology and University Library,0.9317773580551147,0.9+
"Centre national de la recherche scientifique, L'Institut national des sciences de l'Univers",Le Centre national de la recherche scientifique,0.7616497278213501,0.7-0.8
Institut de Recherche en Astrophysique et Planétologie,"Universität Tübingen, Institut für Astronomie und Astrophysik",0.8180060982704163,0.8-0.9
National Human Genome Research Institute,"National Institutes of Health, National Human Genome Research Institute",0.9133124351501465,0.9+
"United States Department of Agriculture, Forest Service",United States Forest Service,0.876205325126648,0.8-0.9
"University of Michigan, Institute for Social Research","University of Michigan, Institute for Social Research, Center for Political Studies",0.8445354700088501,0.8-0.9
European Molecular Biology Laboratory - European Bioinformatics Institute,"European Molecular Biology Laboratory, European Bioinformatics Institute, Thornton Group",0.9338420629501343,0.9+
National Agricultural Technology Institute,National Institute of Advanced Industrial Science and Technology,0.6609059572219849,0.6-0.7
Inter-University Consortium for Political and Social Research,"University of Michigan, Institute for Social Research, Inter-university Consortium for Political and Social Research",0.8079662919044495,0.8-0.9
"Georg-August-Universität Göttingen, Niedersächsische Staats- und Universitätsbibliothek",Gottfried Wilhelm Leibniz Bibliothek – Niedersächsische Landesbibliothek,0.6572964191436768,0.6-0.7
U.S Department of Health & Human Services,"U.S. Department of Health and Human Services, Agency for Healthcare Research and Quality",0.8572527766227722,0.8-0.9
Cape Peninsula University of Technology,University of Technology Sydney,0.7085849046707153,0.7-0.8
"University of California, Santa Cruz, Genomics Institute","University of Wisconsin-Madison, Genome Evolution Laboratory",0.7517004013061523,0.7-0.8
Inter University Consortium for Political and Social Research,"University of Michigan, Inter-University Consortium for Political and Social Research",0.8840100765228271,0.8-0.9
"European Comission, Horizon 2020","European Union, Horizon 2020",0.9239256978034973,0.9+
Latvia University of Life Sciences and Technologies,University of Latvia,0.7876155972480774,0.7-0.8
National Aeronautics and Space Administration,"National Aeronautics and Space Administration, Goddard Space Flight Center",0.8209401369094849,0.8-0.9
NASA Goddard Space Flight Center,"NASA,  Goddard Space Flight Center, Wallops Flight Facility",0.8249008655548096,0.8-0.9
Columbia University,"Columbia University, Columbia Population Research Center",0.7270969748497009,0.7-0.8
National Cancer Institute at the National Institutes of Health,"National Cancer Institute, Division of Cancer Treatment & Diagnosis",0.805682897567749,0.8-0.9
"Government of Pakistan, Ministry of Energy, Petroleum Division",Pakistan Petroleum Information Service,0.7704666256904602,0.7-0.8
"Serbian Academy of Sciences and Arts, Geographical Institute Jovan Cvijić",University of Belgrade - Faculty of Geography,0.8235340118408203,0.8-0.9
Atmospheric Science Data Center,"National Aeronautics and Space Administration, Langley Research Center Atmospheric Science Data Center",0.81219482421875,0.8-0.9
RWTH Aachen,RWTH Aachen University,0.8668186664581299,0.8-0.9
"U.S. Department of Energy, Office of Scientific and Technical Information","U.S.Department of Energy, Office of Science",0.9561394453048706,0.9+
"University of California, San Diego","University of California, San Francisco",0.9271367192268372,0.9+
"Cornell University, Cornell Lab of Ornithology",The Cornell Lab of Ornithology,0.968134880065918,0.9+
Foundation Medicine Inc.,US National Science Foundation,0.6352415084838867,0.6-0.7
Smithsonian Astrophysical Observatory,"Smithsonian Astrophysical Observatory, Radio Telescope Data Center",0.863603949546814,0.8-0.9
"Columbia University, Earth Institute, Lamont-Doherty Earth Observatory","Columbia University, Lamont-Doherty Earth Observatory",0.9710526466369629,0.9+
Johann Wolfgang Goethe-Universität Frankfurt,"Johann Wolfgang Goethe-Universität Frankfurt, Universitätsbibliothek Johann Christian Senckenberg",0.899463415145874,0.8-0.9
University of Zagreb,"University of Zagreb, Faculty of Science",0.8582265377044678,0.8-0.9
"National Institutes of Health, National Institute of General Medicine Sciences","National Institutes of Health, National Institute on Drug Abuse",0.7102404832839966,0.7-0.8
Keio University,The University of Manchester,0.6472196578979492,0.6-0.7
Bill  & Melinda Gates Foundation,Bill and Melinda Gates Foundation,0.9764718413352966,0.9+
"U.S. Department of Commerce, U.S. Census Bureau",United States Census Bureau,0.8052905201911926,0.8-0.9
"Chinese Academy of Sciences,  Institute of Computing Technology",Ministry of Science and Technology of the People's Republic of China,0.6225708723068237,0.6-0.7
University of Inland Norway,University of South-Eastern Norway,0.9017431735992432,0.9+
Institut National des Sciences de l'Univers,Weizenbaum Institut,0.6625174880027771,0.6-0.7
"U.S. Department of Health and Human Services, National Institutes of Health, National Cancer Institute","U.S. Department of Health and Human Services, National Institutes of Health, National Institute of General Medical Sciences",0.8061885833740234,0.8-0.9
La Trobe University,Universidad de León,0.6710925102233887,0.6-0.7
National Oceanic and Atmospheric Administration,National Oceanic and Atmospheric Adminstration,0.940373957157135,0.9+
All-Russian Research Institute of Hydrometeorological Information - World Data Center,"Russian Federal Service for Hydrometeorology and Environmental Monitoring, Arctic and Antarctic Research Institute, Department of geophysics",0.737562894821167,0.7-0.8
National Institute for Research in Computer Science and Technology,National Institute of Advanced Industrial Science and Technology,0.7451099753379822,0.7-0.8
"U.S. Department of Energy, Office of Science, Office of Biological and Environmental Research","U.S.Department of Energy, Office of Science, Biological and Environmental Research",0.9836973547935486,0.9+
"National Institutes of Health, National Institute of General Medical Sciences",The National Institutes of Health,0.9120388031005859,0.9+
National Informatics Center,National Informatics Centre,0.9630637168884277,0.9+
Swiss Institute of Bioinformatics,"University of Leipzig, Interdisciplinary Centre for Bioinformatics",0.8560284376144409,0.8-0.9
"STFC Rutherford Appleton Laboratory, Centre for Environmental Data Analysis","UK Research and Innovation, Science and Technology Facilities Council, Rutherford Appleton Laboratory",0.6623859405517578,0.6-0.7
U.S. Department of Health & Human Services,US Department of Health & Human Services,0.9837099313735962,0.9+
"U.S. Department of Health & Human Services, National Institutes of Health","U.S. Department of Health and Human Services, National Institutes of Health, National Institute of General Medical Sciences",0.9075973033905029,0.9+
International Atomic Energy Agency,Nuclear Energy Agency,0.8158400058746338,0.8-0.9
Energy.gov,United States Department of Energy,0.8419631719589233,0.8-0.9
University of Montpellier,Université Montpellier,0.9412798881530762,0.9+
European Bioinformatics Institute,German Network for Bioinformatics Infrastructure,0.7054834365844727,0.7-0.8
"Universidad Autonomica de Madrid, Grupo de Astrofisica","Université Libre de Bruxelles, Institut d'Astronomie et d'Astrophyique",0.7864420413970947,0.7-0.8
Open Knowledge,Open Knowledge Foundation,0.83372563123703,0.8-0.9
Michigan State University,University of Michigan,0.9423485994338989,0.9+
European Commission Seventh Framework Programme,"European Commission, Research & Innovation, Seventh Framework Program",0.8756452798843384,0.8-0.9
Centre for Ecology & Hydrology,"Natural Environment Research Council,  Centre for Ecology & Hydrology",0.8184152841567993,0.8-0.9
"U.S. Department of Health and Human Services, Agency for Healthcare Research and Quality",US Department of Health & Human Services,0.8443522453308105,0.8-0.9
University of Wrocław,Wrocław University of Science andTechnology,0.8119361400604248,0.8-0.9
META-NET,Meta-Net,0.9999998807907104,0.9+
"U.S. Department of Health & Human Services, National Institutes of Health, National Institute of Environmental Health Sciences","U.S. Department of Health & Human Services, National Institutes of Health, National Institute of General Medical Sciences",0.8022568225860596,0.8-0.9
Ryerson University,Wilfrid-Laurier University,0.6522717475891113,0.6-0.7
AIX-Marseille Université,"Aix-Marseille University, Maison Méditerranéenne des Sciences de l’Homme",0.8254659175872803,0.8-0.9
University of Alberta Libraries,"University of Manitoba, Libraries",0.8374941945075989,0.8-0.9
"Ghent University, Department of Biochemistry and Microbiology","University of Hamburg, Department of Microbiology and Biotechnology",0.8079586029052734,0.8-0.9
"University of Michigan,  Inter-University Consortium for Political and Social Research","University of Michigan, Institute for Social Research, Inter-university Consortium for Political and Social Research",0.9629011154174805,0.9+
Woods Hole Oceanographic Institution,Woods Hole Oceanographic Institutuion,0.9407155513763428,0.9+
"NASA Goddard Space Flight Center, Heliospheric Science Division, Space Physics Data Facility","National Aeronautics and Space Administration, Goddard Space Flight Center, Astrophysics Science Division",0.8143911957740784,0.8-0.9
"Ministry of Economy, Development and Tourism",Ministry of Government and Consumer Services,0.6679103374481201,0.6-0.7
Universidad de Murcia,Universidad de Valladolid,0.7752854228019714,0.7-0.8
"University of Michigan, Inter-University Consortium for Political and Social Research","University of Michigan, Inter-university Consortium for Political and Social Research",1.000000238418579,0.9+
University of Western Australia,Western University,0.8303169012069702,0.8-0.9
University of Arizona,University of Colorado,0.7440625429153442,0.7-0.8
Bundesministerium für Ernährung und Landwirtschaft,"Bundesministerium für Landwirtschaft, Ernährung und Heimat",0.9543032646179199,0.9+
"Arizona State University, School of Earth and Space Exploration","University of Sydney, School of Geosciences",0.6317199468612671,0.6-0.7
"National Center for Atmospheric Research, University Corporation for Antmospheric Research, Computational and Information Systems Laboratory","University Corporation for Atmospheric Research, National Center for Atmospheric Research",0.8371685147285461,0.8-0.9
NASA's Goddard Space Flight Center,"National Aeronautics and Space Administration, Goddard Space Flight Center",0.9044983386993408,0.9+
Max-Planck-Gesellschaft,Max-Planck-Institut für Wissenschaftsgeschichte,0.803756594657898,0.8-0.9
"Stony Brook University, College of Engineering and Applied Sciences","University of Wisconsin-Madison, Space Science and Engineering Center",0.6315950155258179,0.6-0.7
"National Institutes of Health , National Insitute of Mental Health","National Institutes of Health, National Institute for Mental Health",0.9702135324478149,0.9+
"European Space Astronomy Centre, INTEGRAL Science Operations Centre","German Aerospace Center, Earth Observation Center, German Remote Sensing Data Center of the German Aerospace Center",0.6234109997749329,0.6-0.7
Lingnan University Hong Kong,The University of Hong Kong,0.8383809328079224,0.8-0.9
Gesis - Leibniz-Institut für Sozialwissenschaften,Institut für Sozialwissenschaftliche Forschung,0.835541307926178,0.8-0.9
Centre National de la Recherche Scientifique,Institut national de la recherche scientifique,0.9023941159248352,0.9+
"Texas State University, University Library","University of Texas Austin,  Geology Foundation",0.6491444706916809,0.6-0.7
"Rutgers University, Department of Chemistry","University of Pittsburgh, Department of Chemistry",0.856044352054596,0.8-0.9
"Computer Network Information Center, Chinese Academy of Sciences","Indiana University, Cyberinfrastructure for Network Science Center",0.6402255892753601,0.6-0.7
Washington State University,"Washington University in St. Louis,  University Libraries",0.7688791751861572,0.7-0.8
American Academy of Neurology,Ontario Brain Institute,0.614859402179718,0.6-0.7
Universidad de Chile,Universidade de Aveiro,0.8158204555511475,0.8-0.9
"University of California, San Francisco","University of Southern California, Southern California Earthquake Center",0.6463115215301514,0.6-0.7
"National Center for Biotechnology Information, U.S. National Library of Medicine",The National Center for Biotechnology Information,0.8581345081329346,0.8-0.9
"International Association of Geodesy, International Gravity Field Service",International Union of Geodesy and Geophysics,0.7665901184082031,0.7-0.8
"University of Tokyo, Institute of Social Science","University of Tokyo, Institute of Social Science, Center for Social Research and Data Archives",0.8643567562103271,0.8-0.9
"Government of Canada, Natural Resources Canada, Geological Survey of Canada","Nova Scotia Canada, Department of Natural Resources and Renewables",0.7225466966629028,0.7-0.8
"Emory University School of Medicine, Department of Biomedical Informatics","Temple University, College of Science and Technology, Center für Data Analysis and Biomedical Informatics",0.8112917542457581,0.8-0.9
Canadian Veterinary Medical Association,UCDavis Veterinary Medicine,0.6723927855491638,0.6-0.7
"National Oceanic and Atmospheric Administration, National Centers for Environmental Prediction","National Weather Service, National Centers for Environmental Prediction",0.7724107503890991,0.7-0.8
"Nijmegen,  Regionaal Archief Nijmegen",Regionaal Archief Alkmaar,0.7334860563278198,0.7-0.8
University of Franche-Comté,University of Lorraine,0.6891103982925415,0.6-0.7
"National Library of Medicine, Division of Specialized Information Services",United States National Library of Medicine,0.818344235420227,0.8-0.9
"Queen Margaret University, Edinburgh",University of Edinburgh,0.8249176740646362,0.8-0.9
"Universität Heidelberg, Universitätsbibliothek","Universität Mannheim, Universitätsbibliothek",0.8588910102844238,0.8-0.9
UNAVCO,"UNAVCO, Inc.",0.8228578567504883,0.8-0.9
"Academy of Sciences, Institute of the Czech Language","Charles University, Faculty of Arts, Institute of the Czech National Corpus",0.6615133881568909,0.6-0.7
"U.S. Department of Energy, Science.gov","United States, Department of Energy",0.9164457321166992,0.9+
University of Calgary,University of Saskatchewan,0.8151811361312866,0.8-0.9
Federation University Australia,Macquarie University,0.7055830359458923,0.7-0.8
"National Institutes of Health, United States National Library of Medicine, National Center for Biotechnology Information",The National Center for Biotechnology Information,0.8073997497558594,0.8-0.9
Koszalin University of Technology,University of Konstanz,0.7474249601364136,0.7-0.8
"Concordia University, Bioinformatics, Centre for Structural and Functional Genomics","University of Leipzig, Interdisciplinary Centre for Bioinformatics",0.7187864184379578,0.7-0.8
Bundesministerium  für Wirtschaft und Energie,"Bundesministerium für Landwirtschaft, Ernährung und Heimat",0.7243559956550598,0.7-0.8
"Australian Government, Department of Education, National Collaborative Research Infrastructure Strategy","Australian Government, Department of Education, Skills and Employment, National Collaborative Research Infrastructure Strategy",0.9553635120391846,0.9+
"Pennsylvania State University, Libraries",University of Kansas Libraries,0.7009307146072388,0.7-0.8
National Health Research Institutes,National Institutes of Health,0.9479113817214966,0.9+
Engineering and Physical Sciences Research Council,"UKRI, Engineering and Physical Sciences Research Council",0.8492307662963867,0.8-0.9
"Ministry of Science, Innovation and Universities","Ministry of Science, Technology, Knowledge and Innovation",0.9019471406936646,0.9+
"U.S. Department of Energy, Energy Information Administration","U.S. Department of Energy, Integrated Energy Systems Office",0.8800144195556641,0.8-0.9
Michigan State University,"Michigan State University, College of Law",0.7770508527755737,0.7-0.8
Ministry of Education of the Peoples's Republic of China,Ministry of Natural Resources of China,0.6991365551948547,0.6-0.7
"European Commission, HORIZON 2020","European Commission, Research and Innovation",0.6470520496368408,0.6-0.7
NASA,"National Aeronautics and Space Administration,  Earth Science",0.7079394459724426,0.7-0.8
British Oceanographic Data Centre,"lfremer, Scientific Information Systems for the Sea, Oceanographic Data",0.6585137844085693,0.6-0.7
The Hospital for Sick Children,"The Hospital for Sick Children, The Centre for Applied Genomics",0.7037462592124939,0.7-0.8
"Department of Energy's Scientific Discovery, Advanced Computing program","U.S.Department of Energy, Office of Science",0.656581699848175,0.6-0.7
Instituto Nacional de Geriatría,Instituto de Salud Carlos III,0.6908837556838989,0.6-0.7
"U.S. Department of Commerce, National Oceanic & Atmospheric Administration, Oceanic & Atmospheric Research","U.S. Department of Commerce, National Oceanic and Atmospheric Administration, Global Monitoring Laboratory",0.8334357738494873,0.8-0.9
Japan Science and Technology Agency,"Japanese Ministry of Education, Culture, Sports, Science & Technology",0.7163919806480408,0.7-0.8
"Institut National de Recherche pour l'Agriculture, l'Alimentation et l'Environnement","Institut national de recherche pour l’agriculture, l’alimentation et l’environnement",0.9912015795707703,0.9+
Wellcome Sanger Institute,Wellcome Trust Sanger Institute,0.8851619958877563,0.8-0.9
"University of Toronto, Donnelly Centre for Cellular and Biomolecular Research","University of Toronto, Donnelly Centre for Cellular and Biomolecular Research, Krause lab",0.9173626899719238,0.9+
"Georg-August-Universität Göttingen, Niedersächsische Staats- und Universitätsbibliothek","Ludwig-Maximilians-Universität München, Universitätsbibliothek",0.8093969821929932,0.8-0.9
"U.S. Department of Commerce, National Oceanic & Atmospheric Administration, Oceanic & Atmospheric Research","US Department of Commerce, National Oceanic & Atmospheric Administration, National Centers for Environmental Information",0.8362177610397339,0.8-0.9
Smithsonian Institution,"Smithsonian Institution, National Museum of Natural History, Department of Entomology",0.6852824687957764,0.6-0.7
University of California at Los Angeles,"University of California, Los Angeles Library",0.8093603849411011,0.8-0.9
DOE Joint Genome Institute,Joint Genome Institute,0.9202706813812256,0.9+
National Center for Biotechnology Information,The National Center for Biotechnology Information,0.9754918813705444,0.9+
Bioinformatics Institute,EMBL's European Bioinformatics Institute,0.8198851346969604,0.8-0.9
US Geological Survey,"United States Geological Survey, National Earthquake Information Center",0.7307478785514832,0.7-0.8
"U.S. Department of Health and Human Services, National Institutes of Health","U.S. Department of Health and Human Services, National Institutes of Health, National Institute of General Medical Sciences",0.9203351736068726,0.9+
NIH  National Institute of Diabetes and Digestive and Kidney Diseases,National Institute of Diabetes and Digestive Kidney Diseases,0.9092264175415039,0.9+
"U.S. Department of Agriculture, Digital Infrastructure Services Center, Data Center Hosting Services","United States Department of Agriculture, Foreign Agricultural Service",0.607498049736023,0.6-0.7
University of California Davis,"University of California, Berkeley",0.8050362467765808,0.8-0.9
"Chinese Academy of Sciences, Institute of Hydrobiology, National Aquatic Biological Resource Center",Freshwater Biological Association,0.6367807984352112,0.6-0.7
Level 1 and Atmosphere Archive and Distribution System,"National Aeronautics and Space Administration, MODIS Level 1 and Atmosphere Archive and Distribution System",0.8459535241127014,0.8-0.9
"Universität Heidelberg, Universitätsbibliothek",Universitätsbibliothek Leipzig,0.8137279748916626,0.8-0.9
"Universität Erfurt, Forschungsbibliothek Gotha","Universität Erfurt, Forschungszentrum Gotha",0.971886396408081,0.9+
Norwegian Institute for Air Research,Norwegian Meteorological Institute,0.7111520767211914,0.7-0.8
DARIAH-DE,DARIAH-EU,0.8615334630012512,0.8-0.9
"University of Michigan,  Inter-University Consortium for Political and Social Research","University of Michigan, Inter-university Consortium for Political and Social Research",1.000000238418579,0.9+
NASA - Goddard Space Flight Center,"NASA,  Goddard Space Flight Center, Wallops Flight Facility",0.8446040153503418,0.8-0.9
"Helmholtz Zentrum München,  Deutsches Forschungszentrum für Gesundheit und Umwelt, Institute of Developmental Genetics","Helmholtz Zentrum München, Deutsches Forschungszentrum für Gesundheit und Umwelt, Institute of Experimental Genetics",0.8963138461112976,0.8-0.9
Ulster University,University of Glasgow,0.7317044734954834,0.7-0.8
Earthdata,Interdisciplinary Earth Data Alliance,0.7057402729988098,0.7-0.8
University of Virginia,Virginia Polytechnic Institute and State University,0.8580975532531738,0.8-0.9
NOAA Climate Program Office,NOAA National Weather Service,0.7283328771591187,0.7-0.8
"National Institutes of Health,  Eunice Kennedy Shriver National Institute of Child Health and Human Development","National Institutes of Health, Eunice Kennedy Shriver National Institute of Child Health and Human Development",1.0,0.9+
"Cardiff University, School of Computer Science and Informatics",National Institute of Informatics,0.8185662031173706,0.8-0.9
University Hospital Zurich,University of Zurich,0.8006873726844788,0.8-0.9
Dataverse Project,The Dataverse Project,0.9679614305496216,0.9+
"U.S. Department of Energy, Geothermal Technologies Office","U.S. Department of Energy, Office of Science",0.7361109256744385,0.7-0.8
Universität Freiburg,Universität Hamburg,0.7751587629318237,0.7-0.8
"Harvard University, Institute for Quantitative Social Science","Harvard University, Institute for Quantitave Social Science",0.9118425846099854,0.9+
Bayerisches Staatsministerium für Wissenschaft und Kunst,"Ludwig-Maximilians-Universität München, Institut für Kunstgeschichte",0.7458801865577698,0.7-0.8
RWTH Aachen University,"RWTH Aachen University, IT Center",0.9150097370147705,0.9+
National Astronomical Observatory of Japan,"National Astronomical Observatory of Japan, Astronomy Data Center",0.9470497369766235,0.9+
"Australian Government, Department of Education and Training, National Collaborative Research Infrastructure Strategy",Research Data Australia contributors,0.6015511751174927,0.6-0.7
University of Wisconsin,University of Wisconsin - Madison,0.9340239763259888,0.9+
Pontificia Univesida Católica Argentina,Universidad Católica de Córdoba,0.6134804487228394,0.6-0.7
"Carnegie Mellon University, Robotics Institute","Stanford University, Carnegie Institution for Science, Biosphere Sciences & Engineering",0.621171772480011,0.6-0.7
European Commission Joint Research Centre,Joint Research Centre,0.7092911005020142,0.7-0.8
International Science Council,Spanish National Research Council,0.622895359992981,0.6-0.7
Universidade Federal do Paraná,Universidade Federal do Rio Grande do Sul,0.8049334287643433,0.8-0.9
"National Taiwan University, Institute of Ecology and Evolutionary Biology","University of California at Irvine, Department of Ecology and Evolutionary Biology",0.8584362268447876,0.8-0.9
"University of California at Los Angeles, Library","University of California, San Francisco",0.7797946929931641,0.7-0.8
Goethe University Frankfurt,Leipzig University,0.7503798007965088,0.7-0.8
"National Institutes of Health, National Heart, Lung and Blood Institute","National Institutes of Health, National Heart, Lung, and Blood Institute",0.9943097829818726,0.9+
"National Agricultural and Food Research Organization, National Food Research Institute","United States Department of Agriculture, National Institute of Food and Agriculture",0.8353197574615479,0.8-0.9
"Queens University, University Libary",University of Prince Edward Island,0.6774603724479675,0.6-0.7
Agency for Healthcare Research and Quality,"U.S. Department of Health & Human Services, Agency for Healthcare Research and Quality",0.8440598845481873,0.8-0.9
"U.S. Department of Health and Human Services, Office of Head Start",U.S.Department of Health & Human Services,0.8451108336448669,0.8-0.9
Sächsische Landesbibliothek - Staats- und Universitätsbibliothek Dresden,Sächsische Landesbibliothek – Staats- und Universitätsbibliothek Dresden,0.998259961605072,0.9+
Institute for Vegetable Crops,Institute of Agriculture Biology and Biotechnology,0.7501121759414673,0.7-0.8
"Serbian Academy of Sciences and Arts, Institute of Technical Sciences",University of Belgrade - Faculty of Geography,0.6569412350654602,0.6-0.7
University of Canterbury,University of Leeds,0.7064889073371887,0.7-0.8
Pomeranian University in Słupsk,University of Gdansk,0.7204806208610535,0.7-0.8
University of Montreal,Université du Québec à Trois-Rivières,0.668849766254425,0.6-0.7
Gdańsk University of Technology,Library of the University of Gdańsk,0.8303165435791016,0.8-0.9
"University of California at Los Angeles - DOE, Institute for Genomics and Proteomics","University of Washington, Department of Genome Sciences",0.7093900442123413,0.7-0.8
Université Clermont Auvergne,Université de Paris-Sorbonne,0.6028403043746948,0.6-0.7
"U.S. Department of Health & Human Services, National Institutes of Health, National Heart, Lung and Blood Institute","U.S. Department of Health and Human Services, National Institutes of Health, The National Heart, Lung, and Blood Institute",0.9895309805870056,0.9+
University of South Australia,University of Southern Queensland,0.8719044923782349,0.8-0.9
"University of Wisconsin-Madison,  Information Technology",University of Wisconsin–Madison,0.8210582733154297,0.8-0.9
Pennsylvania State University,University of Pennsylvania,0.9582787156105042,0.9+
University of New South Wales,University of South Australia,0.8038890957832336,0.8-0.9
Jet Propulsions Laboratory,"NASA, Jet Propulsion Laboratory",0.885540246963501,0.8-0.9
"National Institutes of Health, National Library of Medicine",U. S. National Library of Medicine,0.7635583877563477,0.7-0.8
"Department of Agriculture, Agriculture Research Service","United States Department of Agriculture, National Agricultural Statistics Service",0.8394821286201477,0.8-0.9
Sandia National Laboratories,Sandia National Laboratory,0.9504997730255127,0.9+
Oak Ridge National Laboratory,"Oak Ridge National Laboratory, Oak Ridge Campus",0.9251806735992432,0.9+
National Oceanic and Atmospheric Administration,"National Oceanographic and Atmospheric Administration, Monterey Bay National Marine Sanctuary",0.6781827807426453,0.6-0.7
Goethe-Universität Frankfurt,"Goethe-Universität Frankfurt am Main, Kunstgeschichtliches Institut",0.8556218147277832,0.8-0.9
University of York,"University of York,  Institute of Fine Arts",0.7843344211578369,0.7-0.8
Universidad Carlos III de Madrid,Universidad Rey Juan Carlos,0.8269831538200378,0.8-0.9
"National Institutes of Health, Eunice Kennedy Shriver National Institute of Child Health and Development","U.S. Department of Health & Human Services, National Institutes of Health, Eunice Kennedy Shriver National Institute of Child Health and Human Development",0.9212168455123901,0.9+
"U.S. Department of Commerce, U.S. Census Bureau","U.S. Department of Commerce, United States Census Bureau",0.9900562167167664,0.9+
Council of Scientific & Industrial Research  - National Institute of Oceanography,"Dalhousie University, Department of Oceanography",0.8387642502784729,0.8-0.9
IEES Paris,Observatoire de Paris,0.6473019123077393,0.6-0.7
Universidad de Salamanca,Universidad de Valladolid,0.7757155895233154,0.7-0.8
Sächsische Landesbibliothek – Staats- und Universitätsbibliothek Dresden,Vorarlberger Landesbibliothek,0.657218337059021,0.6-0.7
Environmental Protection Agency,Netherlands Environment Assessment Agency,0.6137874126434326,0.6-0.7
Johns Hopkins University,"Johns Hopkins University, Applied Physics Laboratory",0.7117524147033691,0.7-0.8
National Institute of Drug Abuse,"National Institutes of Health, National Institute on Drug Abuse",0.901319146156311,0.9+
"National Institutes of Health, National Institute of Diabetes and Digestive and Kidney Diseases","National Institutes of Health, National Institute of General Medical Sciences",0.759800374507904,0.7-0.8
The University of Chicago,University of Chicago,0.982276439666748,0.9+
United Nations Environment Programme,United Nations Environment Programmme,0.9248690605163574,0.9+
Geological Data Center,U. S. Geological Survey EROS Data Center,0.8060513734817505,0.8-0.9
Science & Technology Facilities Council,"Science & Technology Facilities Council, Scientific Computing Department",0.8130761384963989,0.8-0.9
University of Music and Performing Arts Vienna,University of Vienna,0.7710330486297607,0.7-0.8
"Friedrich-Alexander-Universität Erlangen-Nürnberg, Erlangen Centre for Astroparticle Physics","Universität Tübingen, Institut für Astronomie und Astrophysik",0.6658942103385925,0.6-0.7
"Karlsruhe Institute of Technology, Institute for Meteorology and Climate Research - Troposphere Research","Karlsruhe Institute of Technology, Institute of Meteorology and Climate Research, Department Troposphere Research",0.9805663228034973,0.9+
"National Aeronautics and Space Administration, Ocean Biology Processing Group","National Science Foundation, Division of Ocean Sciences",0.7378125190734863,0.7-0.8
"Max-Planck-Gesellschaft, Max Planck Institute for Demographic Research","Max-Planck-Gesellschaft, Max-Planck Institut für Chemie",0.7142397165298462,0.7-0.8
Charité Universitätsmedizin Berlin,Humboldt-Universität Berlin,0.8153999447822571,0.8-0.9
"U.S. Department of Energy, Advanced Manufacturing Office","U.S. Department of Energy, Office of Scientific and Technical Information",0.8179635405540466,0.8-0.9
"University of Calgary, Libraries and Cultural Resources","University of Toronto, Libraries",0.7061421275138855,0.7-0.8
University of Cape Town,University of the Western Cape,0.8644250631332397,0.8-0.9
"Ministry of Health, Labour and Welfare",Ministry of Home Affairs,0.6340330839157104,0.6-0.7
"Johns Hopkins School of Medicine, McKusick-Nathans Institute of Genetic Medicine",Network of Applied Medical Genetics,0.634135365486145,0.6-0.7
"European Bioinformatics Institute,","Tianjin University, Center of BioInformatics",0.8559490442276001,0.8-0.9
"National Institutes of Health, National Library of Medicine , National Center for Biotechnology Information","National Library of Medicine, National Center for Biotechnology Information",0.9050788879394531,0.9+
"University of Pennsylvania,  Perelman School of Medicine, Institute for Biomedical Informatics","Vanderbilt University Medical Center,  Department of Biomedical Informatics",0.8687154054641724,0.8-0.9
"University of Alaska Fairbanks, Geophysical Institute","University of Alaska Fairbanks, Geophysical Institute, EarthScope National Office",0.8987228870391846,0.8-0.9
"Australian Government, Department of Education , National Research Infrastructure","Australian Government, Department of Education and Training, National Collaborative Research Infrastructure Strategy",0.9264011383056641,0.9+
Lincoln University,University of Chicago,0.6979465484619141,0.6-0.7
"European Comission, Horizon 2020","European Commission, Horizon 2020",0.8439979553222656,0.8-0.9
Université du Québec à Chicoutimi,Université du Québec à Trois-Rivières,0.750973641872406,0.7-0.8
"Julius Kühn-Institut Bundesforschungsinstitut für Kulturpflanzen, Institut für Rebenzüchtung Geilweilerhof",Leibniz-Institut für Pflanzengenetik und Kulturpflanzenforschung,0.6527579426765442,0.6-0.7
"Freie Universität Berlin, Department of Earth Sciences","University of Bergen, Department of Earth Sciences",0.8009516000747681,0.8-0.9
University of  Maryland,"University of Maryland, Baltimore County",0.8363931775093079,0.8-0.9
"University of Michigan,  Institute for Social Research,  Inter-university Consortium for Political and Social Research","University of Michigan, Inter-University Consortium for Political and Social Research",0.9629011154174805,0.9+
"Ludwig-Maximilians-Universität München, Universitätsbibliothek",Sächsische Landesbibliothek - Staats- und Universitätsbibliothek Dresden,0.7364600896835327,0.7-0.8
"U.S. Department of Energy's Office of Science, Biological and Environmental Research, Climate and Environmental Sciences Division,  Regional and Global Climate Modeling  Program","U.S.Department of Energy, Office of Science, Office of Basic Energy Sciences, Chemical Sciences, Geosciences and Biosciences Division",0.746792733669281,0.7-0.8
New York University Libraries,"University of York, Library",0.8804629445075989,0.8-0.9
"National Aeronautics and Space Administration, National Snow and Ice Data Center",WSL Institute for Snow and Avalanche Research,0.6163160800933838,0.6-0.7
"Johann Wolfgang Goethe-Universität Frankfurt, Universitätsbibliothek Johann Christian Senckenberg",Universitätsbibliothek Johann Christian Senckenberg Frankfurt am Main,0.8871082067489624,0.8-0.9
"Harvard University, Institute for Quantitative Social Science","Harvard University, Institute of Quantitative Social Science",0.9843646287918091,0.9+
Global Climate Observing System,"World Meteorological Organization, Global Climate Observing System",0.8889124393463135,0.8-0.9
KKS Netzwerk,KKS-Netzwerk e.V.,0.9013644456863403,0.9+
Institut de physique du globe de Paris,l'Observatoire de Paris,0.6449960470199585,0.6-0.7
Serbian Academy of Sciences and Arts,"Serbian Academy of Sciences and Arts, The Institute for Byzantine Studies",0.7582177519798279,0.7-0.8
Ministry of Finance  of the People's Republic of China,Ministry of Finance of the People's Republic of China,1.0,0.9+
"European Commission, Research & Innovation, Seventh Framework Programm - FP7","European Commission, Research & Innovation, Seventh Framework Programm, FP7",0.991154670715332,0.9+
"U.S. Department of Health and Human Services, National Institutes of Health, National Cancer Institute, Center for Biomedical Informatics and Information Technology","U.S. National Institutes of Health, National Cancer Institute",0.8060352206230164,0.8-0.9
"The University of Edinburgh, Information Services","University of Stirling, Information Services",0.7442705631256104,0.7-0.8
Department of Commerce,"Government of India, Ministry of Commerce and Industry, Department of Commerce",0.7187169790267944,0.7-0.8
Fachhochschule Erfurt,"Universität Erfurt, Forschungszentrum Gotha",0.7276788353919983,0.7-0.8
German Environment Agency,The European Environment Agency,0.8405067324638367,0.8-0.9
"University of Birmingham, School of Biosciences","University of Manchester, eScience Lab",0.6911594271659851,0.6-0.7
"NOAA Fisheries Service’s Southwest Fisheries Science Center, Environmental Research Division","National Oceanographic and Atmospheric Administration, NOAA Research",0.6650068163871765,0.6-0.7
University Corporation for Atmospheric Research,"University Corporation for Atmospheric Research, UNIDATA",0.9033918380737305,0.9+
Open University,Open University of the Netherlands,0.8212400078773499,0.8-0.9
CLARIAH-ES,CLARIAH-EUS,0.7556665539741516,0.7-0.8
"National Institute of Health, National Institute of Neurological Disorders and Stroke",National Institute of Neurological Disorders and Stroke,0.9590997695922852,0.9+
Duke University,North Carolina State University,0.6878901720046997,0.6-0.7
Friedrich-Schiller-Universität Jena,"Friedrich-Schiller-Universität Jena, Institut für Soziologie",0.8441410064697266,0.8-0.9
Earth Science Information Partners,Interdisciplinary Earth Data Alliance,0.7273412942886353,0.7-0.8
"U.S. Department of Energy, Integrated Energy Systems Office","U.S. Department of Energy, Office of Energy Efficiency and Renewable Energy, Building Technologies Office",0.7611847519874573,0.7-0.8
Digital Humanities Center (Eberhard Karls Universität Tübingen),"University of Tübingen,  Digital Humanities Center",0.9040427207946777,0.9+
"University of Aveiro, Department of Biology","University of New Mexico, Department of Biology",0.8200854659080505,0.8-0.9
"Southern Methodist University, Geothermal Lab","University of Minnesota, Continental Scientific Drilling Facility",0.6017261147499084,0.6-0.7
French Institute of bioinformatics,Swiss Institute of Bioniformatics,0.8824924826622009,0.8-0.9
"Ludwig-Maximilians-Universität München, Universitätsbibliothek",Universitätsbibliothek Leipzig,0.8352280855178833,0.8-0.9
"Lyon Astrophysics Research Center, Lyon Observatory","Smithsonian Astrophysical Observatory, High Energy Astrophyiscs Division",0.6508530974388123,0.6-0.7
Universidade Federal de São Paulo,Universidade de Aveiro,0.830492377281189,0.8-0.9
Institut de Physique du Globe de Paris,Institut national des sciences de l'Univers,0.6721347570419312,0.6-0.7
"U.S. Department of Health and Human Services, National Institues of Health",US Departement of Health and Human Services,0.8158971071243286,0.8-0.9
"Universität zu Köln, Philosophische Fakultät, Thomas-Institut","Universität zu Köln, Regionales Rechenzentrum",0.706954836845398,0.7-0.8
"Rutgers University, Libraries",University of Minnesota Libraries,0.7193611860275269,0.7-0.8
"U.S. Department of Energy, Integrated Energy Systems Office","U.S. Department of Energy, National Energy Technology Laboratory",0.7617352604866028,0.7-0.8
Paul Scherrer Institute,Scripps Research Institute,0.6482143998146057,0.6-0.7
Leibniz-Institut für Astrophysik Potsdam,"Université Libre de Bruxelles, Institut d'Astronomie et d'Astrophyique",0.7522895336151123,0.7-0.8
"Chapman University, Leathterby Libraries","University of Oregon, UO Libraries",0.7015231847763062,0.7-0.8
"National Institutes of Health, National Library of Medicine , National Center for Biotechnology Information",The National Center for Biotechnology Information,0.8058260083198547,0.8-0.9
"University of Pennsylvania, Penn Institute for Biomedical Informatics","University of Pennsylvania, Perelman School of Medicine, Computational Biology and Informatics Laboratory",0.8214877843856812,0.8-0.9
Université Paris Ouest Nanterre La Défense,Université de Nantes,0.6175892949104309,0.6-0.7
Harvard College,Harvard University,0.9588782787322998,0.9+
Riga Technical University,University of Latvia,0.7284414768218994,0.7-0.8
"UK Research and Innovation, Biotechnology and Biological Sciences Research Council","UK Search and Innovation, Biotechnology and Biological Sciences Research Council",0.9437501430511475,0.9+
Georg-August Universität Göttingen,Universitätsmedizin Göttingen,0.8363215923309326,0.8-0.9
"Government of Canada, Fisheries and Oceans Canada","Government of Canada, Fisheries and Oceans Canada, Canadian Coast Guard",0.9418081641197205,0.9+
United States Department of Agriculture,"United States Department of Agriculture, Foreign Agricultural Service",0.8969310522079468,0.8-0.9
"U.S. Department of Energy, Energy Information Administration","U.S. Department of Energy, Office of Energy Efficiency and Renewable Energy, Building Technologies Office",0.7716113328933716,0.7-0.8
"Hochschule für Angewandte Wissenschaften Hamburg, Hochschulinformations- und Bibliotheksservice",Höchstleistungsrechenzentrum Stuttgart,0.6265280842781067,0.6-0.7
University of Innsbruck,Universität Innsbruck,0.9232772588729858,0.9+
King's College London,Queen's University,0.7233786582946777,0.7-0.8
"National Institutes of Health, National Library of Medicine, National Center for Biotechnology Information","National Institutes of Health, United States National Library of Medicine, National Center for Biotechnology Information",0.9925966858863831,0.9+
Ministry of Earth Science,"University of Southern California, Department of Earth Science",0.6929222345352173,0.6-0.7
University of Potsdam,University of Würzburg,0.7073071599006653,0.7-0.8
"University of Oregon, UO Libraries","University of Washington, University libraries",0.7554594278335571,0.7-0.8
Estonian Museum of Natural History,Natural History Museum of Denmark,0.729622483253479,0.7-0.8
US Geological Survey,"United States Geological Survey, Earthquake Hazards Program",0.6817153692245483,0.6-0.7
"National Aeronautics and Space Administration, Goddard Space Flight Center, Astrophysics Science Division","National Aeronautics and Space Administration, Goddard Space Flight Center, Sciences and Exploration Directorate, Heliospheric Physics Laboratory",0.8692724704742432,0.8-0.9
Pomeranian University in Słupsk,University of Life Sciences in Lublin,0.6515117287635803,0.6-0.7
"Freie Universität Berlin, Department of Earth Sciences","University of Texas Austin, Department of Earth and Planetrary Sciences",0.7991577386856079,0.7-0.8
National Institute on Drug Abuse,"U.S. Department of Health and Human Services, National Institutes of Health, National Institute on Drug Abuse",0.8255077600479126,0.8-0.9
Douglas Mental Health University Institute Foundation,"National Institutes of Health, National Institute of Mental Health, Research Domain Criteria Initiative",0.7250062823295593,0.7-0.8
"Government of India, Department of Science and Technology","Government of India, Ministry of Science and Technology, Department of Science and Technology",0.9371906518936157,0.9+
Cornell Institute for Social and Economic Research,Cornell University Library,0.6577936410903931,0.6-0.7
Harvard Library,Princeton University Library,0.7274312973022461,0.7-0.8
Institute of Atmospheric Sciences and Climate,Iranian National Institute for Oceanography and Atmospheric Science,0.7107886075973511,0.7-0.8
l'Observatoire de Paris,"l'Observatoire de Paris, SYRTE",0.9133917093276978,0.9+
"Agencia Canaria de Investigación, Innovación y Sociedad de la Información",Banco de Información para la Investigación Aplicada en Ciencias Sociales,0.7584563493728638,0.7-0.8
NOAA Fisheries,"NOAA Fisheries Service’s Southwest Fisheries Science Center, Environmental Research Division",0.8323965668678284,0.8-0.9
"United States Department of Agriculture, Agricultural Research Service","United States Department of Agriculture, National Institute of Food and Agriculture",0.8137579560279846,0.8-0.9
"British Columbia, Ministry of Environment and Climate Change Strategy",Environment and Climate Change Canada,0.7332773208618164,0.7-0.8
"Natonal Oceanic and Atmospheric Administration, National Centers for Environmental Information","The National Oceanic and Atmospheric Administration, National Centers for Environmental Information",0.9114896059036255,0.9+
Leibniz Institute for Applied Geophysics,"Polish Academy of Sciences, Institute of Geophysics",0.6789804100990295,0.6-0.7
Belgrade University Computer Centre,University of Belgrade Computer Centre,0.9820395708084106,0.9+
European Bioinformatics Institute,French Institute of bioinformatics,0.8807661533355713,0.8-0.9
California Institute of Technology,California Institute of Technology Library,0.8492919206619263,0.8-0.9
NOAA National Centers for Environmental Information,NOAA's National Centers for Environmental Information,0.9888667464256287,0.9+
"Australian Government - Department of Education, National Collaborative Research Infrastructure Strategy","Australian Government, Department of Education , National Research Infrastructure",0.9470019340515137,0.9+
"National Institute of Oceanography, Bioinformatics Centre",National Oceanography Centre,0.7432827353477478,0.7-0.8
Gordon and Betty Moore Foundation,The Gordon Foundation,0.8052332997322083,0.8-0.9
"European Commission,  Community Research and Development Information Service, Seventh Framework Programme","European Commission, Community Research and Development Information Service, Seventh Framework Programme",1.0,0.9+
Leibniz-Informationszentrum Technik und Naturwissenschaften Universitätsbibliothek,Leibniz-Informationszentrum Technik und Naturwissenschaften und Universitätsbibliothek Hannover,0.9630893468856812,0.9+
Universidad de Antioquia,Universidade de Aveiro,0.8324269652366638,0.8-0.9
University of New England,University of St Andrews,0.7064966559410095,0.7-0.8
Julius Kühn-Institut,Julius Kühn-Institut. Institut für Rebenzüchtung,0.8632329702377319,0.8-0.9
Erasmus Medical Center Rotterdam,Erasmus University Rotterdam,0.8167076110839844,0.8-0.9
"Harvard Catalyst, Harvard Medical School",Harvard T.H. Chan School of Public Health,0.6290338635444641,0.6-0.7
"University of North Texas, College of Arts and Sciences, Department of Biological Sciences","University of Oxford, Department of Biology",0.7387321591377258,0.7-0.8
University of Cologne,"Universität zu Köln, IT Center University of Cologne",0.8499201536178589,0.8-0.9
"Department of Agriculture, Natural Resources Conservation Service","United States Department of Agriculture,  Forest Service",0.7956769466400146,0.7-0.8
"Pennsylvania State University, College of Earth and Mineral Sciences, Department of Geosciences","University of Bergen, Department of Earth Sciences",0.718438446521759,0.7-0.8
EarthScope Consortium,EarthScope Consortium Member Institutions,0.9189498424530029,0.9+
"U.S. Department of Health and Human Services, National Institutes of Health, National Human Genome Research Institute","US National Institutes of Health, National Human Genome Research Institute",0.9248335361480713,0.9+
"Harvard University, Institute for Quantitative Social Sciences","Harvard University, Institute of Quantitative Social Science",0.9709682464599609,0.9+
"Chinese Academy of Fishery Sciences, East China Sea Fisheries Research Institute","Chinese Academy of Sciences, Institute of Oceanography",0.6758449077606201,0.6-0.7
European Molecular Biology Laboratory - The European Bioinformatics Institute,"European Molecular Biology Laboratory, European Bioinformatics Institute",0.9927811622619629,0.9+
Consultative Group on International Agricultural Research,"U.S.Department of Agriculture, Agricultural Research Service",0.7036947011947632,0.7-0.8
Inter University Consortium for Political and Social Research,"University of Michigan,  Inter-University Consortium for Political and Social Research",0.8840100765228271,0.8-0.9
"National Aeronautics and Space Administration, Goddard Earth Sciences Data and Information Services Center","National Aeronautics and Space Administration, Langley Research Center Atmospheric Science Data Center",0.8016250133514404,0.8-0.9
Alberta Biodiversity Monitoring Institute,Tulane University Biodiversity Research Institute,0.6434305310249329,0.6-0.7
Institute of Nuclear Physics Polish Academy of Sciences,National Institute for Nuclear Physics,0.8279410600662231,0.8-0.9
Imperial College London,"Imperial College London, School of Public Health",0.805034875869751,0.8-0.9
"Ohio State University, Byrd Polar and Climate Research Center","Oregon State University, PRISM Climate Group",0.6354897618293762,0.6-0.7
Government of Newfoundland and Labrador,"Government of Newfoundland and Labrador: Fisheries, Foresty and Agriculturen",0.853385329246521,0.8-0.9
"University of Cambridge, Department of Chemistry, Unilever Centre for Molecular Informatics","University of Cambridge, Yusuf Hamied Department of Chemistry, Centre for Molecular Informatics",0.9220423102378845,0.9+
"European Bioinformatics Institute,","Institute of Bioinformatics, Bangalore",0.8788084983825684,0.8-0.9
Flinders University,University of South Australia,0.7794890999794006,0.7-0.8
U.S. National Science Foundation,US National Science Foundation,0.979669988155365,0.9+
Universität zu Köln,"Universität zu Köln, IT Center University of Cologne",0.8838189840316772,0.8-0.9
Technische Universität Ilmenau,École de Technologie Supérieure,0.6097471714019775,0.6-0.7
Universidad Nacional de Colombia,Universidad de Santiago de Chile,0.7847527265548706,0.7-0.8
Center for Science-satellite Operation and Data Archive,Meteorological and Oceanographic Satellite Data Archival Centre,0.6540892124176025,0.6-0.7
Universidad Simón Bolívar,Universidad Tecnológica de Bolívar,0.8650617599487305,0.8-0.9
ENERGY.GOV,"U.S. Department of Energy, Science.gov",0.824142336845398,0.8-0.9
"Department of Space, Indian Space Research Organisation",Space Applications Centre,0.6783824563026428,0.6-0.7
U.S.Department of Health & Human Services,United States Department  of Health and Human Services,0.9818370938301086,0.9+
"Oregon State University, College of Earth, Ocean, and Atmospheric Sciences","University of Southern California, Department of Earth Science",0.7097258567810059,0.7-0.8
National Science Foundation,National ‫Science Foundation,1.000000238418579,0.9+
"Lawrence Livermore National Laboratory, Program for Climate Model Diagnosis and Intercomparison","National Oceanic and Atmospheric Administration, National Weather Service, Climate Prediction Center",0.607852578163147,0.6-0.7
"U.S. Department of Health & Human Services, National Institutes of Health, National Institute of Mental Health","U.S. Department of Health and Human Services, National Institutes of Health",0.8098224401473999,0.8-0.9
"U.S. Department of Energy, Office of Scientific and Technical Information","US Department of Energy, Office of Science",0.9446067810058594,0.9+
"National Institutes of Health, Eunice Kennedy Shriver National Institute of Child Health and Human Development","U.S. Department of Health and Human Services, National Institutes of Health, Eunice Kennedy Shriver National Institute of Child Health and Human Development",0.9338251352310181,0.9+
"Harvard-Smithsonian Center for Astrophysics, Smithsonian Astrophysical Observatory",Smithsonian  Astrophysical Observatory,0.8726922273635864,0.8-0.9
"BC Cancer Agency, Research Centre, Canada's Michael Smith Genome Sciences Centre","BC Cancer Research Centre, Canada's Michael Smith Genome Sciences Centre",0.9731809496879578,0.9+
"Chinese Academy of Sciences,  Institute of Geographic Sciences and Natural Resources Research","Chinese Academy of Sciences, Institute of Geographic Sciences and Natural Resources Research",1.0,0.9+
"National Institutes of Health, National Institute of Allergy and Infectious Diseseases, Department of Health and Human Services","U.S. Department of Health and Human Services, National Institutes of Health, National Institute of Allergy and Infectious Diseases",0.934177577495575,0.9+
U.S. Department of Commerce,U.S.Department of Commerce,1.0,0.9+
"National Institute of Health, National Institute of Allergy and Infectious Diseases","National Institutes of Health, National Institute of Allergy and Infectious Diseases",0.9461547136306763,0.9+
HEC Montréal,Ville de Montreal,0.6408665180206299,0.6-0.7
National Institute of Drug Abuse,"U.S. Department of Health and Human Services, National Institutes of Health, National Institute on Drug Abuse",0.805591881275177,0.8-0.9
"National Center for Biotechnology Information, National Library of Medicine","National Center for Biotechnology Information, U.S. National Library of Medicine",0.9879956841468811,0.9+
"University of Manchester, eScience Lab","University of Texas at Austin, Gutell Laboratory",0.7018402814865112,0.7-0.8
EarthChem Program,https://www.earthchem.org/,0.7714506387710571,0.7-0.8
National Centre of Competence in Research MARVEL,National Research Council,0.6160921454429626,0.6-0.7
"European Molecular Biology Laboratory, European Bioinformatics Institute",Laboratory of Bioinformatics Analyses for Genomics and Metabolism,0.6866534948348999,0.6-0.7
"U.S. Department of Health & Human Services, National Institutes of Health","US Department of Health and Human Services, National Institutes of Health",0.9790827035903931,0.9+
"National Center for Biotechnology Information, U.S. National Library of Medicine","National Institutes of Health, National Library of Medicine , National Center for Biotechnology Information",0.9015616178512573,0.9+
"U.S.  Department of Energy, Office of Science","U.S. Department of Energy, National Energy Technology Laboratory",0.8292863368988037,0.8-0.9
University of California San Diego,"University of California, San Diego",0.9735473990440369,0.9+
Genome Canada,"Government of Canada, Genome Canada",0.8956600427627563,0.8-0.9
Georg-August Universität Göttingen,Georg-August-Universität Göttingen,0.9903024435043335,0.9+
"Biblioteca, Universidad de León","Universidad de Antioquia, Sistema de Bibliotecas",0.8127027750015259,0.8-0.9
"National Institutes of Health, National Institute of General Medicine Sciences","National Institutes of Health, National Library of Medicine",0.9153053760528564,0.9+
Huma-Num,Huma-num,1.0,0.9+
"Hamburg University of Technology, Computer Center","Hamburg University of Technology, Library",0.8336420655250549,0.8-0.9
Universidad Internacional de Andalucia,Universidade de Aveiro,0.8178112506866455,0.8-0.9
"National Institutes of Health,  National Institute of Allergy and Infectious Diseases","National Institutes of Health, National Institute of Allergy and Infectious Diseases, Bioinformatics Resource Centers",0.8818866610527039,0.8-0.9
"Government of India, Ministry of Science and Technology, Council of Scientific and Industrial Research","Government of India, Ministry of Science and Technology, Department of Science and Technology",0.8995653390884399,0.8-0.9
Centers for Disease Control and Prevention,"National Center for Health Statistics, Centers for Disease Control and Preventions",0.8557535409927368,0.8-0.9
IE University,University College London,0.7620439529418945,0.7-0.8
U.S. Department of Agriculture,"U.S.Department of Agriculture, Agricultural Research Service",0.881687581539154,0.8-0.9
Information and Library Network Centre,Western Libraries’ Map and Data Centre,0.6090928912162781,0.6-0.7
National Institute of Geophysics and Volcanology,"National Institute of Geophysics and Volcanology, Etna Observatory",0.8511664867401123,0.8-0.9
British Phycological Society,Phycological Society of America,0.8240886926651001,0.8-0.9
"Chinese Academy of Agricultural Sciences, Biotechnology Research Institute","Chinese Academy of Agricultural Sciences, Institute of Crop Germplasm Resources",0.827041506767273,0.8-0.9
"University of Alberta, Edmonton, Wishart Research Group","University of Alberta, Wishart Research Group",0.9676101803779602,0.9+
University of Auckland,University of Cape Town,0.7150833606719971,0.7-0.8
"Government of Canada, Immigration, Refugees and Citizenship Canada","Government of Canada, Open Government",0.6138485670089722,0.6-0.7
"Centers for Disease Control and Prevention, National Institute for Occupational Safety and Health",National Center for Health Statistics,0.6932235956192017,0.6-0.7
"Indiana University School of Medicine, Center for Computational Biology and Bioinformatics","University of Pittsburgh, Department of Biomedical Informatics",0.764626145362854,0.7-0.8
Open Phacts Consortium,Open Phacts Foundation,0.8063690662384033,0.8-0.9
"Chinese Academy of Sciences, Institute of Hydrobiology, National Aquatic Biological Resource Center","University of Natural Resources and Life Sciences, Institute of Hydrobiology and Aquatic Ecosystem Management",0.8076052665710449,0.8-0.9
Staatliche Museen zu Berlin,Staatliches Museum für Naturkunde Stuttgart,0.6355566382408142,0.6-0.7
National Center for Scientific Research,National Research Council,0.7186670899391174,0.7-0.8
Continental Scientific Drilling Coordination Office,International Continental Scientific Drilling Program,0.8224942684173584,0.8-0.9
"University of Toronto, Department of Computer Science","University of York, Department of Computer Science",0.8389161825180054,0.8-0.9
University of East Anglia,University of New England,0.7828934192657471,0.7-0.8
Huma-num,TGIR Huma-Num,0.8314090371131897,0.8-0.9
University of Buffalo,University of New Orleans,0.7028201222419739,0.7-0.8
Curtin University Library,"University of Washington, University libraries",0.635845422744751,0.6-0.7
"Georg-August-Universität Göttingen, Niedersächsische Staats- und Universitätsbibliothek",Sächsische Landesbibliothek - Staats- und Universitätsbibliothek Dresden,0.780396580696106,0.7-0.8
ISRIC - World Soil Information,ISRIC - World Soil Information (WDC-Soils),0.8984474539756775,0.8-0.9
"Universität Heidelberg, Universitätsbibliothek",Universitätsbibliothek Heidelberg,0.9701381921768188,0.9+
"Seoul National University, College of Veterinary Medicine","University of Belgrade, Faculty of Veterinary Medicine",0.8220629692077637,0.8-0.9
"University of Utah, Department of Biochemistry","University of Washington, Department of Biochemistry",0.9221241474151611,0.9+
NOAA's National Centers for Environmental Information,"US Department of Commerce, National Oceanic & Atmospheric Administration, National Centers for Environmental Information",0.756084680557251,0.7-0.8
Albert-Ludwigs-Universität Freiburg,Universität Freiburg,0.8151339292526245,0.8-0.9
"University of California, Berkeley",University of Southern California,0.8379893898963928,0.8-0.9
National Oceanic and Atmospheric Adminstration,"The National Oceanic and Atmospheric Administration, National Centers for Environmental Information",0.8190524578094482,0.8-0.9
Harvard Clean Energy Project,The Energy and Resources Institute,0.6117939949035645,0.6-0.7
Universidad de Murcia,Universidad de Salamanca,0.7982144951820374,0.7-0.8
HafenCity Universität Hamburg,Universität Hamburg,0.8615152835845947,0.8-0.9
Agence National de la Recherche,L'Agence Nationale de la Recherche,0.8987042307853699,0.8-0.9
"Czech Technical University in Prague, Faculty of Nuclear Sciences and Physical Engineering",Norwegian University of Science and Technology,0.6146401166915894,0.6-0.7
Australian Government,"Australian Government, Geoscience Australia",0.7294794321060181,0.7-0.8
Universidad Nacional de Rosario,Universidad de Concepción,0.7700130939483643,0.7-0.8
Saxon State and University Library Dresden,Technical University Dresden,0.6385475397109985,0.6-0.7
Astronomical Data Archives Center,"Smithsonian Astrophysical Observatory, Radio Telescope Data Center",0.7191020250320435,0.7-0.8
UK Medical Research Council,UKRI Medical Research Council,0.9167640805244446,0.9+
Gdańsk University of Technology,Medical University of Gdańsk,0.808883786201477,0.8-0.9
University of California San Francisco,Vita-Salute San Raffaele University,0.6120938062667847,0.6-0.7
"Columbia University, Lamont -Doherty Earth Observatory",Deep Carbon Observatory,0.6196331977844238,0.6-0.7
National Science and Technology Infrastructure,National Science and Technology Infrastructures,0.9910885095596313,0.9+
Medical Informatics initiative Germany,"Research Programme on Biomedical Informatics, Integrative Biomedical Informatics",0.6608457565307617,0.6-0.7
"Government of India, National Informatics Centre","Government of India, National Knowledge Commission",0.7116451859474182,0.7-0.8
"National Institute of Health, National Institute of Allergy and Infectious Diseases","National Institutes of Health, National Institute of Allergy and Infectious Diseseases, Department of Health and Human Services",0.9021719694137573,0.9+
Institut de Recherches Géologiques et Minières,"Technische Universität Braunschweig, Institut für Geophysik und extraterrestrische Physik",0.64673912525177,0.6-0.7
"Ludwig-Maximilians-Universität München, Institut für Kunstgeschichte","Staatlichen Akademie der Bildenden Künste Stuttgart, Lehrstuhl für Mittlere und Neuere Kunstgeschichte",0.7489396333694458,0.7-0.8
"University of North Carolina, Eshelman School of Pharmacy","Washington University in St. Louis, School of Medicine",0.6380111575126648,0.6-0.7
"European Bioinformatics Institute,","Kansas State University,  Bioinformatics Center",0.8287265300750732,0.8-0.9
"U.S. Department of Health & Human Services, National Institutes of Health, National Cancer Institute","U.S. National Institutes of Health, National Cancer Institute",0.8932597637176514,0.8-0.9
"University of Belgrade, Faculty of Chemistry","University of Tartu, Institute of Chemistry",0.8109070062637329,0.8-0.9
Agence National de la Recherche,Agence Nationale de la Recherche,0.9051253199577332,0.9+
Douglas Mental Health University Institute Foundation,"Oxford University, Department of Psychiatry",0.6256546974182129,0.6-0.7
Bath Spa University,University of Bath,0.9092227816581726,0.9+
Indiana University,University of Kansas,0.7509024739265442,0.7-0.8
"Centre National de la Recherche Scientifique, Institut National des Sciences de l'Univers",Centre national de la recherche scientifique,0.8125888109207153,0.8-0.9
"U.S. Department of Health and Human Services, National Institues of Health",U.S.Department of Health and Human Services,0.9273673295974731,0.9+
University System of Maryland & Affiliated Institutions,"University of Maryland, Baltimore County,  Department of Information Systems",0.6843189597129822,0.6-0.7
Staatliche Museen zu Berlin,Staatliche Museen zu Berlin - Antikensammlung,0.8508087396621704,0.8-0.9
National Institute of Allergy and Infectious Disease,"National Institutes of Health,  National Institute of Allergy and Infectious Diseases",0.9098050594329834,0.9+
Interdisciplinary Earth Data Alliance,eartH2Observe Consortium,0.7322615385055542,0.7-0.8
Harvard-Smithsonian Center for Astrophysics,"Harvard-Smithsonian Center for Astrophysics, John G. Wolbach Library and Information Resource Center",0.8760555386543274,0.8-0.9
"U.S.  Department of Energy, Office of Science","U.S. Department of Energy, Office of  Science, Fusion Energy Sciences",0.7618058919906616,0.7-0.8
University of Bristol,University of the West of England Bristol,0.9021925926208496,0.9+
National Institute for Neurological Disorders and Stroke,"National Institutes of Health, National Institute of Neurological Disorders and Stroke",0.8731874823570251,0.8-0.9
Belgian Federal Science Policy Office,Belgian Science Policy Office,0.954057514667511,0.9+
Scripps Institution of Oceanography,University-National Oceanographic Laboratory System,0.7042474746704102,0.7-0.8
"Philipps-University of Marburg, Laboratory for Climatology and Remote Sensing",Remote Sensing Systems,0.6094328761100769,0.6-0.7
"The University of Dublin, Trinity College Dublin","University College Dublin, Library",0.8653922080993652,0.8-0.9
"University of British Columbia, Graduate Program in Bioinformatics","University of Leipzig, Interdisciplinary Centre for Bioinformatics",0.8243721127510071,0.8-0.9
"University of Toronto, Donnelly Centre for Cellular and Biomolecular Research","University of Toronto, Donnelly Centre for Cellular and Biomolecular Research, Brenda Andrews Research Lab",0.9456168413162231,0.9+
"Atlantic Oceanographic & Meterological Laboratory, Physical Oceanography Division, Global Ocean Observations",National Oceanography Centre,0.7045040130615234,0.7-0.8
"Friedrich-Alexander-Universität Erlangen-Nürnberg, Erlangen Centre for Astroparticle Physics","Goethe Universität Frankfurt, Experimental Astrophysics",0.7052714824676514,0.7-0.8
National Research Council of Canada,Ontario Research Fund,0.6400076746940613,0.6-0.7
EU,European Union,0.831156849861145,0.8-0.9
"University of Alberta, Departments of Biological Sciences and Computing Science, Wishart Research Group","University of Pennsylvania, Perelman School of Medicine, Computational Biology and Informatics Laboratory",0.6929259300231934,0.6-0.7
BibliotheksVerbund Bayern,"Bundesinstitut für Risikobewertung, Bibliothek",0.613126277923584,0.6-0.7
Institute of Engineering Seismology and Earthquake Engineering,International Association of Seismology and Physics of the Earth's Interior,0.6841976642608643,0.6-0.7
U.S. Department of Energy,"U.S. Department of Energy, Energy Information Administration",0.9280091524124146,0.9+
European Molecular Biology Laboratory,European Molecular Biology Laboratory - The European Bioinformatics Institute,0.8752108216285706,0.8-0.9
"Simon Fraser University, IRMACS Centre, iReceptor","University of Toronto, McLaughlin Centre",0.6153457760810852,0.6-0.7
EMBL's European Bioinformatics Institute,Swiss Institute of Bioinformatics,0.8104830384254456,0.8-0.9
University College of London,University of East London,0.8712327480316162,0.8-0.9
Universidad Austral de Chile,Universidad Simón Bolívar,0.7872482538223267,0.7-0.8
U.S.Department of Health & Human Services,United States Department of Health and Human Services,0.9818370938301086,0.9+
Hospital for Sick Children,The Hospital for Sick Children,0.9826782941818237,0.9+
University of New Brunswick,"University of New Brunswick, Libraries",0.8396656513214111,0.8-0.9
"United States Department of Agriculture, National Resources Conservation Service, National Resources Inventory Program","United States Department of Agriculture, Natural Resources Conservation Service",0.874561071395874,0.8-0.9
Inter University Consortium for Political and Social Research,"University of Michigan, Institute for Social Research, Inter-university Consortium for Political and Social Research",0.8117932081222534,0.8-0.9
European Bioinformatics Institute,"European Bioinformatics Institute,",0.9909871816635132,0.9+
Florida International University,"University of Georgia, USA",0.6905931234359741,0.6-0.7
"Ministry of Higher Education, Science and Technology","Ministry of Science, Innovation and Universities",0.859710693359375,0.8-0.9
"Berlin-Brandenburgische Akademie der Wissenschaften, Akademiebibliothek",Kooperativer Bibliotheksverbund Berlin-Brandenburg,0.6957513689994812,0.6-0.7
The World Bank Group,World Bank Group,0.9767073392868042,0.9+
"The Pennsylvania State University, Social Science Research Institute","University of Iceland, Social Science Research Institute",0.7297250032424927,0.7-0.8
National Institute of Genetics,"University of Edinburgh, MRC Institute of Genetics & Molecular Medicine",0.7324116826057434,0.7-0.8
Trier Center for Digital Humanities,"Universität Trier, Lehrstuhl für Kunstgeschichte",0.6623023748397827,0.6-0.7
Atmospheric Science Data Center,"National Aeronautics and Space Administration, Atmospheric Science Data Center",0.8526106476783752,0.8-0.9
Rutgers University,"Rutgers, The State University of New Jersey",0.9279766082763672,0.9+
Ulster University,University of Ulster,0.976654589176178,0.9+
"National Center for Atmospheric Research, University Corporation for Antmospheric Research, Computational and Information Systems Laboratory","National Science Foundation National Center for Atmospheric Research, Computational and Information Systems Laboratory",0.900762677192688,0.9+
European Global Navigation Satellite Systems Agency,"National Aeronautics and Space Administration, Earth Observing System and Information System",0.6087020635604858,0.6-0.7
Biological and Chemical Oceanography Data Management Office,University-National Oceanographic Laboratory System,0.6694256067276001,0.6-0.7
Institute of Marine Research,National Research Council - Institute of Marine Science,0.8994582295417786,0.8-0.9
"Chinese Academy of Science, Kunming Institute of Botany","Chinese Academy of Sciences, Institute of Botany",0.946953535079956,0.9+
German Institute for Economic Research,Heidelberg Institute for Theoretical Studies,0.6481305360794067,0.6-0.7
"National Oceanic and Atmospheric Administration, National Weather Service","National Weather Service, National Centers for Environmental Prediction",0.7677845358848572,0.7-0.8
"U.S. Department of Energy, Office of Scientific and Technical Information","U.S.Department of Energy, Office of Health and Environmental Research",0.8103914260864258,0.8-0.9
"Russian Academy of Sciences, Geophysical Center",Space Research Institute of the Russian Academy of Sciences,0.7554305791854858,0.7-0.8
"Oak Ridge National Laboratory, Physics Division, Controlled Fusion Atomic Data Center","U.S. Department of Energy, Office of Fusion Energy Sciences",0.6390406489372253,0.6-0.7
University of British Columbia,"University of British Columbia, Library",0.8781980276107788,0.8-0.9
Simon Fraser University,Wilfrid-Laurier University,0.6516793370246887,0.6-0.7
Georg-August-Universität Göttingen,Martin Luther University Halle-Wittenberg,0.6346399188041687,0.6-0.7
Université de Montréal,Université du Québec à Montréal,0.9415467977523804,0.9+
National Science and Technology Infrastructure Center,Science & Technology Facilities Council,0.6667354106903076,0.6-0.7
The Metabolomics Innovation Centre,"University of California Davis, Genome Center, West Coast Metabolomics Center",0.6683694124221802,0.6-0.7
"Faculty of Technology and Metallurgy, University of Belgrade","University of Belgrade, Institute of Chemistry, Technology and Metallurgy",0.8054602146148682,0.8-0.9
Izmir Institute of Technology,Polish-Japanese Institute of Information Technology,0.6218603253364563,0.6-0.7
"Technische Universität Dortmund, Sozialforschungsstelle Dortmund",Technische Universität Ilmenau,0.7119876742362976,0.7-0.8
"U.S. Department of Energy's Office of Science, Biological and Environmental Research, Climate and Environmental Sciences Division,  Regional and Global Climate Modeling  Program","U.S. Department of Energy, Office of Science, Office of Biological and Environmental Research",0.7970505952835083,0.7-0.8
"U.S.Department of Energy, Office of Science, Biological and Environmental Research","U.S.Department of Energy, Office of Science, Office of Basic Energy Sciences, Chemical Sciences, Geosciences and Biosciences Division",0.8372625112533569,0.8-0.9
Ontario Tech University,University of Manitoba,0.7052955031394958,0.7-0.8
Climate Change Centre Austria,German Climate Computing Centre,0.6162012219429016,0.6-0.7
"Universidad Católica de Córdoba, Sistema de Bibliotecas","Universidad de Concepción, Bibliotecas UdeC",0.7608337998390198,0.7-0.8
"Australian Government, Department of Industry, Science and Resources","Australian Governmnent, Australian Research Council",0.7712951302528381,0.7-0.8
"U.S. Department of Health and Human Services, National Institues of Health",United States Department  of Health and Human Services,0.9280813932418823,0.9+
Goethe Universität Frankfurt am Main,Goethe-Universität Frankfurt,0.9296784400939941,0.9+
University of East Anglia,University of Manchester,0.7284450531005859,0.7-0.8
George Mason University,Rockefeller University,0.6343903541564941,0.6-0.7
"Australian Government, Bureau of Meteorology","Australian Government, Bureau of Meteorology, Australian Space Weather Forecasting Centre",0.8721152544021606,0.8-0.9
NOAA Climate Program Office,"National Oceanic and Atmospheric Administration, National Weather Service, Climate Prediction Center",0.697475790977478,0.6-0.7
Elsevier,Elsevier Inc,0.8668168783187866,0.8-0.9
Concordia University,University of Montreal,0.7127353549003601,0.7-0.8
National Oceanic & Atmospheric Administration,"National Oceanic & Atmospheric Administration,  Earth System Research  Laboratory, Physical Sciences Division",0.767894983291626,0.7-0.8
Intergovernmental Oceanographic Commission of UNESCO,"UNESCO, Intergovernmental Oceanographic Commission",0.9909025430679321,0.9+
"U.S. Department of Energy, Advanced Manufacturing Office","United States, Department of Energy",0.8083686828613281,0.8-0.9
"European Commission, Community Research and Development Information Service,  7th Framework Programme","European Commission, Community Research and Development Information Service, Seventh Framework Programme",0.9880166053771973,0.9+
"University of Graz, Wegener Center for Climate and Global Change","Universität Hamburg, Center for Earth System Research and Sustainability, Integrated Climate Data Center",0.6815088987350464,0.6-0.7
Inter-University Consortium for Political and Social Research,"University of Michigan, Inter-university Consortium for Political and Social Research",0.8790627121925354,0.8-0.9
Jan Kochanowski University of Kielce,Kiel University,0.8050435781478882,0.8-0.9
University of Wrocław,University of Zagreb,0.7074248194694519,0.7-0.8
"British Columbia, Ministry of Environment and Climate Change Strategy",Ministry for the Environment,0.6423021554946899,0.6-0.7
University of New South Wales,"University of New South Wales, Centre for Ecosystem Science",0.6531331539154053,0.6-0.7
National University of Singapore Libraries,Singapore Management University,0.7177346348762512,0.7-0.8
"Erasmus University Rotterdam, Erasmus University Library",University of Amsterdam,0.6499265432357788,0.6-0.7
"University of Auckland, School of Computer Science","University of Toronto, Department of Computer Science",0.6955574750900269,0.6-0.7
"Medical University of Innsbruck, Biocenter, Division of Bioinformatics","University of Chicago, Bioinformatics Resource Centers",0.7898291945457458,0.7-0.8
Indian Space Research Organisation,"Indian Space Research Organisation, Department of Space",0.9502515196800232,0.9+
Universidade Federal do Rio Grande do Sul,Universidade de Aveiro,0.7594537138938904,0.7-0.8
"Cornell University, Cornell Center for Social Sciences","Harvard University, Institute for Quantitave Social Science",0.6650668978691101,0.6-0.7
"National Institutes of Health, National Institutes of Mental Health","U.S. Department of Health & Human Services, National Institutes of Health, National Institute of Mental Health",0.8764351010322571,0.8-0.9
"U.S. Department of Energy, Fusion Energy Sciences, Office of  Science","U.S. Department of Energy, Office of  Science, Fusion Energy Sciences",0.9931833744049072,0.9+
University of New Mexico,University of New Mexico at Albuquerque,0.9192249774932861,0.9+
Norwegian Centre for Research Data,Research Council of Norway,0.8544840216636658,0.8-0.9
"University of New Mexico, Department of Biology","University of North Texas, College of Arts and Sciences, Department of Biological Sciences",0.7932342886924744,0.7-0.8
European Molecular Biology Laboratory - European Bioinformatics Institute,European Molecular Biology Laboratory Australia,0.7984108924865723,0.7-0.8
United States Department of Agriculture,"United States Department of Agriculture,  Agricultural Marketing Service",0.8668252825737,0.8-0.9
National Herbarium of the Netherlands,Netherlands Organization for Scientific Research,0.6156522035598755,0.6-0.7
"University of California, Scripps Institution of Oceanography",Woods Hole Oceanographic Institution,0.6259891390800476,0.6-0.7
Universidad Nacional de Colombia,Universidad Pablo de Olavide,0.7446808815002441,0.7-0.8
Baylor College of Medicine,"Washington University in St. Louis, School of Medicine",0.6845910549163818,0.6-0.7
Canadian Institutes for Health Research,Canadian Institutes of Health Research,0.9804193377494812,0.9+
Institute for Bioinformatics Research and Development,"Maastricht University, Department of Bioinformatics",0.8277817964553833,0.8-0.9
Wellcome trust,wellcome trust,1.000000238418579,0.9+
"Australian Government - Department of Education, National Collaborative Research Infrastructure Strategy","Australian Government, Department of Education, Skills and Employment, National Collaborative Research Infrastructure Strategy",0.9477248191833496,0.9+
"U.S. Department of Health and Human Services, Health Resources and Services Administration",US Department of Health & Human Services,0.9366781711578369,0.9+
University of Victoria,University of Waterloo,0.7317260503768921,0.7-0.8
Financial and Institutional Partners,Institutions and Partners,0.8298420310020447,0.8-0.9
"Harvard University, Department of Molecular and Cellular Biology","University of California, Berkeley, Department of Molecular and Cell Biology",0.8453916311264038,0.8-0.9
Universidad de Alcalá,Universidad de León,0.7977039813995361,0.7-0.8
Sheffield Hallam University,University of Manchester,0.661972165107727,0.6-0.7
Centre national de la recherche scientifique,Institut national de la recherche scientifique,0.9023941159248352,0.9+
"Université de Montréal, Département de biochimie et médecine moléculaire, Robert Cedergren Centre","Université de Montréal, Faculté de médecine, Département de biochimie et médecine moléculaire, Robert Cedergren Centre",0.9615869522094727,0.9+
"Department of Energy, Office of Independent Enterprise Assessments","U.S.  Department of Energy, Office of Science",0.7039570808410645,0.7-0.8
Ludwig-Maximilians Universität München,"Ludwig-Maximilians-Universität München, Universitätsbibliothek",0.8347927331924438,0.8-0.9
University of Calgary,University of Winnipeg,0.825467050075531,0.8-0.9
Centers for Disease Control and Prevention,European Centre for Disease Prevention and Control,0.7354169487953186,0.7-0.8
Leibniz-Informationszentrum Technik und Naturwissenschaften und Universitätsbibliothek Hannover,"Universität Bonn, Institut für Informatik",0.6669919490814209,0.6-0.7
"National Institutes of Health, National Human Genome Research Institute","Weizmann Institute of Science,  Crown Human Genome Center",0.733463704586029,0.7-0.8
UC Berkeley School of Information,"University of Maryland, College of Information, Trace Rerc",0.6168582439422607,0.6-0.7
Colorado Mesa University,"The University of Colorado, Boulder",0.8198142051696777,0.8-0.9
U.S. Department of Commerce | National Oceanic and Atmospheric Administration | Earth System Research Laboratory |  Physical Sciences Laboratory,"United States Department of Commerce, National Oceanic and Atmospheric Administration, Earth System Research Laboratory, Global Monitoring Laboratory",0.9076465964317322,0.9+
Department of Health and Human Services,U.S.Department of Health and Human Services,0.9307712316513062,0.9+
"U.S. Department of Health and Human Services, Office of Planning, Research and Evaluation",U.S.Department of Health and Human Services,0.8584977388381958,0.8-0.9
"U.S. Department of Health & Human Services, National Institutes of Health, National Heart, Lung, and Blood Institute","U.S. Department of Health & Human Services, National Institutes of Health, National Institute of General Medical Sciences",0.8026087880134583,0.8-0.9
University of Wisconsin - Madison,University of Wisconsin-Milwaukee,0.8966372013092041,0.8-0.9
"Institute of Bioinformatics, Bangalore","Technical University of Denmark, Department of Bio and Health Informatics, DTU Bioinformatics",0.764185905456543,0.7-0.8
NASA's Goddard Space Flight Center,"NASA's Goddard Space Flight Center,Sciences and Exploration Directorate, Heliospheric Physics Laboratory",0.7593557834625244,0.7-0.8
"National Institutes of Health , National Insitute of Mental Health","National Institutes of Health, National Institute of Mental Health",0.9724226593971252,0.9+
Joint Commission for Oceanography and Marine Meteorology,"United States Naval Research Laboratory, Marine Meteorology Division",0.71880704164505,0.7-0.8
Estonian Museum of Natural History,Finnish Museum of Natural History,0.8375312089920044,0.8-0.9
Coventry University,University College London,0.6477408409118652,0.6-0.7
"European Commission, Community Research and Development Information Service,  Sixth Framework Programe","European Commission, Community Research and Development Information Service, Seventh Framework Programme - FP7, IS-ENES 2",0.8454266786575317,0.8-0.9
Johns Hopkins University,University of Pennsylvania,0.7172578573226929,0.7-0.8
"Government of India, Ministry of Commerce and Industry, Department of Commerce",United States Department of Commerce,0.6692811846733093,0.6-0.7
TU Wien,Universität Wien,0.6290701627731323,0.6-0.7
"University of California, San Francisco",University of the Sunshine Coast,0.7440365552902222,0.7-0.8
Natural History Museum,"University of Oslo, Natural History Museum",0.7403720617294312,0.7-0.8
"University of Kansas, Department of Molecular Biosciences","University of Vienna, Faculty for Life Sciences, Molecular Systems Biology",0.7113217115402222,0.7-0.8
National Oceanographic Partnership Program,National Oceanography Centre,0.8002171516418457,0.8-0.9
U.S Department of Health & Human Services,"U.S. Department of Health and Human Services, Health Resources and Services Administration",0.9442642331123352,0.9+
Universidad Carlos III de Madrid,Universidad de Sevilla,0.8049007058143616,0.8-0.9
Technische Universität Darmstadt,Universität Heidelberg,0.7241504788398743,0.7-0.8
University of Manchester,"University of Manchester, School of Engineering",0.8184147477149963,0.8-0.9
"Ministry of Education, Science and Sport","Ministry of Higher Education, Science and Technology",0.7284989356994629,0.7-0.8
"University of Toronto, Centre for Cellular and Biomolecular Research, Andrews Lab","University of Toronto, Donnelly Centre for Cellular and Biomolecular Research, Krause lab",0.8420596122741699,0.8-0.9
"Deutsches Archäologisches Institut, Eurasien-Abteilung",Heidelberger Institut für Theoretische Studien,0.7176564335823059,0.7-0.8
University of California San Francisco,University of the Sunshine Coast,0.7304209470748901,0.7-0.8
"Government of British Columbia, Ministry of Environment, Ecosystems Branch","Government of Canada, Environment and Climate Change Canada",0.6702549457550049,0.6-0.7
"Karlsruhe Institute of Technology, Institute for Astroparticle Physics",Leibniz Institute for Astrophysics Potsdam,0.7313334941864014,0.7-0.8
"National Agricultural and Food Research Organization, National Food Research Institute","National Agriculture and Food Research Organization, Institute of Agrobiological Sciences",0.8786132335662842,0.8-0.9
"U.S. Department of Energy, Office of Science","United States, Department of Energy",0.9006351828575134,0.9+
"U.S. Department of Energy, Office of Energy Efficiency and Renewable Energy, Building Technologies Office","US Department of Energy, Office of Science",0.7554148435592651,0.7-0.8
U.S Department of Health & Human Services,United States Department of Health and Human Services,0.9835243225097656,0.9+
Ernst-Abbe-Hochschule Jena,Thüringer Universitäts- und Landesbibliothek Jena,0.7290433645248413,0.7-0.8
National Library of Medicine,U.S. National Library of Medicine,0.9728837013244629,0.9+
"U.S. Department of Energy, Office of Fusion Energy Sciences","U.S. Department of Energy, Office of Science, Fusion Energy Sciences",0.9845560789108276,0.9+
The University of Arizona,University of Arizona,0.9831812977790833,0.9+
"Polish Academy of Sciences, Institute of Geological Sciences",Polish Geological Institute - National Research Institute,0.9322537183761597,0.9+
Consultative Group on International Agricultural Research,United States Department of Agriculture - Agricultural Research Service,0.7125856280326843,0.7-0.8
"US Geological Survey, Earth Resources Observation and Science",United States Geological Survey,0.8498038053512573,0.8-0.9
"European Commission, Research and Innovation","European Union, Research and Innovation",0.8828781247138977,0.8-0.9
Institute for Genomics and Evolutionary Medicine,National Institute of Genetics,0.7473270297050476,0.7-0.8
University of Montpellier,Université de Montpellier,0.9310966730117798,0.9+
"National Institutes of Health, National Library of Medicine, National Center for Biotechnology Information","National Library of Medicine, National Center for Biotechnology Information",0.9050788879394531,0.9+
"Universidad Católica de Córdoba, Sistema de Bibliotecas",Universidad Nacional de Córdoba,0.8148602247238159,0.8-0.9
Friedrich Schiller University Jena,Thüringer Universitäts- und Landesbibliothek Jena,0.6404034495353699,0.6-0.7
"European Molecular Biology Laboratory, European Bioinformatics Institute","European Molecular Biology Laboratory, European Bioinformatics Institute, Thornton Group",0.9463111162185669,0.9+
Hydro-Québec,Université du Québec à Trois-Rivières,0.62920743227005,0.6-0.7
"University Alberta, Wishart Research Group","University of Alberta, Wishart Research Group",0.9925863742828369,0.9+
Klamath Bird Observatory,Smithsonian Astrophysical Observatory,0.600229024887085,0.6-0.7
"Tianjin University, Center of BioInformatics",University of California Santa Cruz Genome Bioinformatics,0.7445002198219299,0.7-0.8
Eunice Kennedy Shriver National Institute of Child Health and Human Development,"National Institutes of Health, Eunice Kennedy Shriver National Institute of Child Health and Development",0.8730289936065674,0.8-0.9
"Polish Academy of Sciences, Institute of Geological Sciences",Polish Geological Institute,0.9087573289871216,0.9+
"European Commission, Directorate-General Communication","European Commission, Research and Innovation",0.6659864187240601,0.6-0.7
Huma-Num,TGIR Huma-Num,0.8314090371131897,0.8-0.9
European Bioinformatics Institute,Institute of Bioinformatics,0.8899273872375488,0.8-0.9
"TU Berlin, Universitätsbibliothek","Universität Mannheim, Universitätsbibliothek",0.8304932713508606,0.8-0.9
Environmental Protection Agency,U. S. Environmental Protection Agency,0.9358262419700623,0.9+
"National  Government of South Africa, Department of Forestry, Fisheries and the Environment","Republic of South Africa, Department Forestry, Fisheries and the Environment",0.9458836317062378,0.9+
Malaysian Agricultural Research and Development Institute,National Agricultural Technology Institute,0.6837296485900879,0.6-0.7
"University of Minnesota, BioTechnology Institute","University of Vilnius, Institute of Biotechnology",0.7827472686767578,0.7-0.8
Insituut voor de Nederlandse Taal,Instituut voor de Nederlandse Taal,0.9752734899520874,0.9+
Universiti Sains Malaysia,"Universität Trier, HKFZ",0.7062917947769165,0.7-0.8
City of Calgary,"University of Calgary, Libraries and Cultural Resources",0.6717859506607056,0.6-0.7
EMBL Australia,EMBL-EBI,0.6230077743530273,0.6-0.7
"National Institute of Allergy and Infectious Diseases, Bioinformatics Resource Center","National Institutes of Health,  National Institute of Allergy and Infectious Diseases",0.8172295093536377,0.8-0.9
"European Bioinformatics Institute,",Swiss Institute of Bioniformatics,0.8701987862586975,0.8-0.9
Charité Universitätsmedizin Berlin,Humboldt-Universität zu Berlin,0.8273537158966064,0.8-0.9
Department of Health and Human Services,Federal Office of Public Health,0.7328332662582397,0.7-0.8
The University of Sydney,University of Adelaide,0.8029783964157104,0.8-0.9
The National Archives,The U.S. National Archives and Records Administration,0.8790347576141357,0.8-0.9
Dataverse Network Project,The Dataverse  Project,0.8395947217941284,0.8-0.9
"Kansas State University,  Bioinformatics Center","University of Texas at Austin, Center for Computational Biology and Bioinformatics",0.8481821417808533,0.8-0.9
"National Institute of Allergy and Infectious Deseases, Bioinformatics Resource Centers","National Institutes of Health,  National Institute of Allergy and Infectious Diseases. Bioinformatics Resource Centers",0.9063948392868042,0.9+
Earth Observation Center,National Earth Observation Data Center,0.846725344657898,0.8-0.9
Universidade Federal de Goiás,Universidade de Aveiro,0.8116211295127869,0.8-0.9
"TU Berlin, Universitätsbibliothek",Universitätsbibliothek Heidelberg,0.823725163936615,0.8-0.9
Universidad Autónoma de Baja California,Universidad Autónoma de Bucaramanga,0.776905357837677,0.7-0.8
"Harvard-Smithsonian Center for Astrophysics, Smithsonian Astrophysical Observatory","National Aeronautics and Space Administration, Smithsonian Astrophysical Observatory, Chandra X-Ray Observatory",0.7796704769134521,0.7-0.8
Nuclear Energy Agency,"OECD Nuclear Energy Agency, Nuclear Data Services",0.7583396434783936,0.7-0.8
Hochschule für Musik FRANZ LISZT Weimar,Hochschule für Musik Franz Liszt  Weimar,1.0,0.9+
Centre National de la Recherche Scientifique,Le Centre national de la recherche scientifique,0.9728074073791504,0.9+
Lincoln University,University of Nebraska Lincoln,0.8874994516372681,0.8-0.9
Natural Resources Canada,"Natural Resources Canada, Canadian Forest Service",0.8578521013259888,0.8-0.9
The University of Edinburgh,University of Edinburgh,0.9854273796081543,0.9+
Leibniz-Institut für Neurobiologie,"Ludwig-Maximilians-Universität München, Fakultät für Biologie, Neurobiologie",0.8084654808044434,0.8-0.9
Max Planck Institute for Mathematics in the Sciences,Max Planck Institute for the Science of Human History,0.7451685070991516,0.7-0.8
"Government of Canada,  Fisheries and Oceans Canada","Government of Canada, Fisheries and Oceans Canada",1.0,0.9+
"Harvard University, Institute of Quantitative Social Science",Institute for Quantitative Social Science,0.856146514415741,0.8-0.9
Federation University Australia,University of Tasmania,0.7542936205863953,0.7-0.8
Food and Agriculture Organization of the United Nations,"National Research Institute for Agriculture, Food and Environment",0.6711384057998657,0.6-0.7
"National Weather Service, National Centers for Environmental Prediction","U.S Department of Commerce, National Oceanic and Atmospheric Administration, National Weather Service",0.7515161037445068,0.7-0.8
"Österreichische Akademie der Wissenschaften, Institut für Weltraumforschung",Österrreichische Akademie der Wissenschaften,0.7434797883033752,0.7-0.8
"University of Toronto,   Gary Bader's lab","University of Toronto, Bader Lab",0.927892804145813,0.9+
Field Museum,The Field Museum,0.9815492630004883,0.9+
Energy.gov,U.S. Department of Energy,0.8388795256614685,0.8-0.9
Garvan Institute of Medical Research,National Institute of General Medical Sciences,0.7120875120162964,0.7-0.8
University of Technology Sydney,"University of Technology, Sydney",0.9855584502220154,0.9+
"Brookhaven National Laboratory, Nuclear Science & Technology Department, National Nuclear Data Center","Nuclear Science and Technology Department, Brookhaven Nation Laboratory, National Nuclear Data Center",0.9731619358062744,0.9+
NIH  National Institute of Diabetes and Digestive and Kidney Diseases,"National Institutes of Health, National Institute of Diabetes, Digestive and Kidney Diseases",0.8378164768218994,0.8-0.9
"National Institutes of Health, National Institute of Environmental Health Sciences","U.S. Department of Health & Human Services, National Institutes of Health, National Institute of Environmental Health Sciences",0.8821239471435547,0.8-0.9
National Science and Technology Infrastructure,National Science and Technology Infrastructure Center,0.8395140171051025,0.8-0.9
"National Heart, Lung, and Blood Institute","U.S. Department of Health & Human Services, National Institutes of Health, National Heart, Lung, and Blood Institute",0.8501371741294861,0.8-0.9
Institut d'histoire moderne et contemporaine,Institut de recherche et d’histoire des textes,0.8409838676452637,0.8-0.9
Harvard College,Yale University,0.7221695184707642,0.7-0.8
International Astronomical Union,"International Astronomical Union , Central Bureau for Astronomical Telegrams",0.7617610692977905,0.7-0.8
"International Science Council, World Data System",The Dataverse  Project,0.6271039247512817,0.6-0.7
"U.S Department of the Interior, National Park Service","U.S. Department of the Interior, National Park Service",0.9977051615715027,0.9+
University of British Columbia Library,"University of British Columbia, Library",0.9795783758163452,0.9+
Swiss National Science Foundation,US National Science Foundation,0.8108211755752563,0.8-0.9
"Erasmus University Rotterdam, Erasmus University Library",National Library of the Netherlands,0.6963900923728943,0.6-0.7
National Oceanic and Atmospheric Administration,"US Department of Commerce, National Oceanic & Atmospheric Administration, National Centers for Environmental Information",0.79245924949646,0.7-0.8
Belgian Science Policy Office,Royal Belgian Institute of Natural Sciences,0.7172839641571045,0.7-0.8
"Charité-Universitätsmedizin Berlin, Institute for Physiology, Structural Bioinformatics Group","Universität Basel, The Center for Molecular Life Sciences, Swiss Institute of Bioinformatics",0.7447232007980347,0.7-0.8
Jackson Laboratory,Lawrence Livermore National Laboratory,0.6008554697036743,0.6-0.7
"Kansas State University,  Bioinformatics Center","Peking University, Center for Bioinformatics",0.8325521945953369,0.8-0.9
Institute of Research for Development,Institute of Research for the Development,0.9843661785125732,0.9+
L’Institut de Biologie et Chimie des Protéines,"University of Copenhagen, The Novo Nordisk Foundation, Center for Protein Research",0.6155909895896912,0.6-0.7
Institute for Bioinformatics Research and Development,Institute of Bioinformatics,0.9655388593673706,0.9+
Institut National de la Santé et de la Recherche Médicale,Institut de Recerca Sant Joan de Déu,0.6846058368682861,0.6-0.7
"Central University of Haryana, Department of Library and Information Science","Government of India, National Informatics Centre",0.6045502424240112,0.6-0.7
"University of Oxford, Oxford e-Research Center","University of Oxford, Oxford e-Research Centre",0.9889202117919922,0.9+
Leibniz Institute for Astrophysics Potsdam,"Université Libre de Bruxelles, Institut d'Astronomie et d'Astrophyique",0.7233158349990845,0.7-0.8
CLARIN-IT,CLARIN-PL,0.874238908290863,0.8-0.9
TH Köln - University of Applied Sciences,University of Applied Sciences St. Pölten,0.6087614297866821,0.6-0.7
University of Strathclyde,"University of Strathclyde, Glasgow",0.9355098009109497,0.9+
"Albert-Ludwigs-University Freiburg, University Library",Friedrich-Schiller-University Jena,0.6502300500869751,0.6-0.7
University of Alabama,University of Birmingham,0.7722679376602173,0.7-0.8
"National Heart, Lung, and Blood Institute","National Institutes of Health, National Heart, Lung and Blood Institute",0.905540406703949,0.9+
"U.S.Department of Energy, Office of Health and Environmental Research","U.S.Department of Energy, Office of Science, Biological and Environmental Research",0.9161523580551147,0.9+
"Centers for Disease Control and Prevention, National Center for Health Statistics","National Center for Health Statistics, Centers for Disease Control and Preventions",0.9728670120239258,0.9+
"University of Alberta, Departments of Biological Sciences and Computing Science, Wishart Research Group","University of Pennsylvania, PerelmanSchool of Medizine, Computational Biology and Informatics Laboratory",0.7218136787414551,0.7-0.8
"National Aeronautics and Space Administration, Goddard Space Flight Center",U.S. National Aeronautics and Space Administration,0.8076415061950684,0.8-0.9
"Stanford University, School of Medicine, Departments of Biochemistry and Genetics","University of Edinburgh, MRC Institute of Genetics & Molecular Medicine",0.8072552680969238,0.8-0.9
Canadian Institute for Health Information,Canadian Institute of Health Research,0.8618826866149902,0.8-0.9
"National Institutes of Health, Eunice Kennedy Shriver National Institute of Child Health and Development","National Institutes of Health, Eunice Kennedy Shriver National Institute of Child Health and Human Development",0.9912984371185303,0.9+
International Science & Technology Center,International Sicence and Technology Center,0.8249791860580444,0.8-0.9
University of California San Diego,University of California at Irvine,0.8381798267364502,0.8-0.9
City of Calgary,City of Edmonton,0.8277232646942139,0.8-0.9
"University of Pennsylvania, PerelmanSchool of Medizine, Computational Biology and Informatics Laboratory","University of Pittsburgh, Department of Biomedical Informatics",0.7479691505432129,0.7-0.8
Universidad Austral de Chile,Universidad Internacional de Andalucia,0.8223624229431152,0.8-0.9
National Institute on Deafness and other Communication Disorders,"U.S. Department of Health & Human Services, National Institutes of Health, National Institute on Deafness and Other Communication Disorders",0.900614857673645,0.9+
Agencia Nacional de Investigación e Innovación,Agencia Nacional de Investigación y Desarrollo,0.834343671798706,0.8-0.9
"Conservation International, Center for Applied Biodiversity Science, Tropical Ecology, Assessment and Monitoring Initiative",United Nations Environment Programme - World Conservation Monitoring Centre,0.7059328556060791,0.7-0.8
"Emory University School of Medicine, Department of Biomedical Informatics","University of Pennsylvania, Penn Institute for Biomedical Informatics",0.8806120157241821,0.8-0.9
"University of Toronto,   Gary Bader's lab","University of Wisconsin-Madison, O'Connor Lab",0.6784490942955017,0.6-0.7
"The Jackson Laboratory, Mutant Mouse Resource and Research Center","University of Missouri,  Mutant Mouse Resource & Research Center",0.8586888313293457,0.8-0.9
Institute for High Energy Densities of the Joint Institute for High Temperatures of the Russian Academy of Sciences,Institute of High Energy Physics,0.6089152693748474,0.6-0.7
"Czech Academy of Sciences, Institute of Sociology","University of Aegean, Department of Sociology",0.6648275852203369,0.6-0.7
"University of Cambridge, Cambridge University Library","University of Oxford, Bodleian Digital Library Systems and Services",0.6368783116340637,0.6-0.7
Charité Universitätsmedizin Berlin,"TU Berlin, Universitätsbibliothek",0.7674700021743774,0.7-0.8
"U.S. Geological Survey, Advanced National Seismic System","United States Geological Survey, National Earthquake Information Center",0.7775603532791138,0.7-0.8
University of Melbourne,University of Victoria,0.8161352276802063,0.8-0.9
"U.S. Department of Agriculture, Natural Resources Conservation Service","United States Department of Agriculture, Natural Resources Conservation Service",0.9917481541633606,0.9+
Instituut voor de Nederlandse Taal,Koninklijk Nederlands Meterologisch Instituut,0.609668493270874,0.6-0.7
GESIS-Leibniz-Institut für Sozialwissenschaften,Leibniz-Zentrum für Agrarlandschaftsforschung e. V.,0.6490474939346313,0.6-0.7
German Research Foundation,Swiss National Science Foundation,0.6480048298835754,0.6-0.7
Huma-num,huma-num,1.0,0.9+
"Department of Agriculture, Natural Resources Conservation Service","United States Department of Agriculture, Forest Service",0.7956769466400146,0.7-0.8
Universität Bremen,Universität Leipzig,0.7946720719337463,0.7-0.8
"Czech Academy of Sciences, Institute of Sociology","Polish Academy of Sciences, Institute of Philosophy and Sociology",0.7782090306282043,0.7-0.8
"Brookhaven National Laboratory, National Nuclear Data Center","Brookhaven National Laboratory, Nuclear Science & Technology Department, National Nuclear Data Center",0.9674297571182251,0.9+
"U.S. Department of Health & Human Services, National Institutes of Health","U.S. Department of Health and Human Services, National Institutes of Health",0.9951673746109009,0.9+
Universidad Nacional de La Plata,Universidad Tecnológica de Bolívar,0.6990746259689331,0.6-0.7
Pontifical Catholic University of Rio de Janeiro,Universidade Federal de São Paulo,0.7254043817520142,0.7-0.8
Riga Technical University,Rīga Stradiņš University,0.8330114483833313,0.8-0.9
"Institute of Bioinformatics, Bangalore","Tianjin University, Center of BioInformatics",0.8814899325370789,0.8-0.9
Université du Québec à Chicoutimi,Université du Québec à Montréal,0.8011455535888672,0.8-0.9
"National Institutes of Health,  Eunice Kennedy Shriver National Institute of Child Health and Human Development","U.S. Department of Health & Human Services, National Institutes of Health, Eunice Kennedy Shriver National Institute of Child Health and Human Development",0.9389397501945496,0.9+
"Department of Energy's Scientific Discovery, Advanced Computing program",U.S. Department of Energy's Scientific Discovery through Advanced Computing program,0.9330050945281982,0.9+
The University of the South Pacific,"University of Alaska Fairbanks, College of Liberal Arts",0.630723237991333,0.6-0.7
Ministry of Education of the Peoples's Republic of China,Ministry of Science and Technology of the People's Republic of China,0.8045884370803833,0.8-0.9
Institute of Nuclear Physics Polish Academy of Sciences,"US Department of Energy, Office of Science, Nuclear Physics NP",0.7114562392234802,0.7-0.8
"Icahn School of Medicine at Mount Sinai , Institute for Multiscale Biology & Genomics","Mount Sinai School of Medicine, Institute for Multiscale Biology & Genomics, Karr Lab",0.8827904462814331,0.8-0.9
"Department of Environment and Natural Resources, Wildlife Division",U.S. Environmental Protection Agency,0.6370736360549927,0.6-0.7
NASA Goddard Space Flight Center,NASA's Goddard Space Flight Center,0.9843273162841797,0.9+
University of California,"University of California, Davis",0.8915356993675232,0.8-0.9
"University of Queensland, Queensland Brain Institute","University of Southern California, Keck School of Medicine, USC Mark and Mary Stevens Neuroimaging and Informatics Institute, Laboratory of Neuro Imaging",0.6073520183563232,0.6-0.7
Amsterdam University of Applied Sciences,Vrije Universiteit Amsterdam,0.8268369436264038,0.8-0.9
"Technische Universität Dortmund, Sozialforschungsstelle Dortmund",Technische Universität München,0.8066355586051941,0.8-0.9
Universität Leipzig,Universität zu Köln,0.8044177293777466,0.8-0.9
Center for International Forestry Research,"Consultative Group on International Agricultural Research, Research Program on Forest, Trees and Agroforestry",0.6665629148483276,0.6-0.7
"European Commission, Health research and innovation",European Research Council,0.6385297775268555,0.6-0.7
Goddard Space Flight Center,NASA - Goddard Space Flight Center,0.9502250552177429,0.9+
Institute of Bioinformatics,Swiss Institute of Bioinformatics,0.9045242667198181,0.9+
Florida State University,University of Florida,0.9504919052124023,0.9+
"Emory University School of Medicine, Department of Biomedical Informatics","University of Pennsylvania,  Perelman School of Medicine, Institute for Biomedical Informatics",0.9217373132705688,0.9+
Lawrence Berkeley National Laboratory,"University of California, Lawrence Berkeley National Laboratory",0.914946436882019,0.9+
"Substance Abuse & Mental Health Services Administration, Center for Behavioral Health Statistics and Quality",The Centre for Addiction and Mental Health,0.7109326124191284,0.7-0.8
Max Planck Institute for Extraterrestrial Physics,Max-Planck-Institut für Extraterrestrische Physik,0.7707210779190063,0.7-0.8
"National Institutes of Health, National Institute for Mental Health","U.S. Department of Health & Human Services, National Institutes of Health, National Institute of Mental Health",0.8773241639137268,0.8-0.9
"University of Tasmania, Institute for Marine & Antarctic Studies","University of Tasmania, Institute for Marine and Antarctic Studies",0.9962555170059204,0.9+
"National Institutes of Health, United States National Library of Medicine, National Center for Biotechnology Information","National Library of Medicine, National Center for Biotechnology Information",0.8953205347061157,0.8-0.9
U.S. Department of Agriculture,"United States Department of Agriculture, Natural Resources Conservation Service",0.816437840461731,0.8-0.9
European Bioinformatics Institute,European Molecular Biology Laboratory - The European Bioinformatics Institute,0.8593076467514038,0.8-0.9
"Centre national de la recherche scientifique, L'Institut national des sciences de l'Univers",Institut national de la recherche scientifique,0.8176338076591492,0.8-0.9
Leibniz Institute DSMZ - German Collection of Microorganisms and Cell Cultures GmbH,Leibniz Institute DSMZ-German Collection of Microorganisms and Cell Cultures GmbH,0.9999999403953552,0.9+
Inter University Consortium for Political and Social Research,Inter-university Consortium for Political and Social Research,0.9886347055435181,0.9+
"U.S. Department of Commerce, United States Census Bureau",United States Census Bureau,0.8184860348701477,0.8-0.9
U.S: Department of Health and Human Services,United States Department of Health and Human Services,0.9609724283218384,0.9+
University of Wisconsin - Madison,University of Wisconsin-Madison,0.9999997615814209,0.9+
Universitat Politècnica de València,"Universitat Politècnica de València, Servicio de Biblioteca y Documentación Científica",0.7837756872177124,0.7-0.8
Wrocław University of Environmental and Life Sciences,Wrocław University of Science and Technology,0.8161969184875488,0.8-0.9
Alberta Innovates Bio Solutions,Alberta Innovates Health Solutions,0.8156181573867798,0.8-0.9
"Stanford University, School of Medicine, Department of Genetics","University of Cambridge, Department of Genetics",0.8916850090026855,0.8-0.9
"Chinese Academy of Sciences,  Institute of Geographic Sciences and Natural Resources Research","Chinese Academy of Sciences, Institute of Geographical Sciences and Natural Resources Research",0.9902884364128113,0.9+
"National University of Ireland, Maynooth",Ulster University,0.7067045569419861,0.7-0.8
Manchester Metropolitan University,University of Liverpool,0.713765561580658,0.7-0.8
Ministry of Education and Culture,Ministry of Education of the Peoples's Republic of China,0.7223879098892212,0.7-0.8
University Corporation for Atmospheric Research,"University Corporation for Atmospheric Research, National Center for Atmospheric Research",0.9464629888534546,0.9+
US Departement of Health and Human Services,United States Department of Health and Human Services,0.8185038566589355,0.8-0.9
"University of Zurich, Institute of Molecular Life Sciences","University of Zurich, Institute of Molecular Life Sciences, Baudis Group",0.9195964336395264,0.9+
Concordia University of Edmonton,"Concordia University, PERFORM Centre",0.7519338726997375,0.7-0.8
New York University,York University,0.9625238180160522,0.9+
Univeristät Wien,Universität Wien,0.9568931460380554,0.9+
"University of Michigan,  Institute for Social Research,  Inter-university Consortium for Political and Social Research","University of Michigan, Institute for Social Research, Inter-university Consortium for Political and Social Research",1.0,0.9+
"NASA Goddard Space Flight Center, Space Physics Data Facility, Space Physics Archive Search and Extract Consortium",The High Energy Astrophysics Science Archive Research Center,0.6852988004684448,0.6-0.7
National Center for Atmospheric Research | University Corporation for Atmospheric Research,"National Center for Atmospheric Research, University Corporation for Antmospheric Research, Computational and Information Systems Laboratory",0.8269225358963013,0.8-0.9
National Institutes of Health,Tigray Health Research Institute,0.6081005334854126,0.6-0.7
Leibniz-Institut für Angewandte Geophysik,Leibniz-Institut für Bildungsverläufe,0.6564223766326904,0.6-0.7
Bioinformatics Resource Centers,"European Bioinformatics Institute,",0.7672924995422363,0.7-0.8
"University of Connecticut, Institute for Systems Genomics, Computational Biology Core","University of Texas at Austin, Center for Computational Biology and Bioinformatics",0.8054104447364807,0.8-0.9
"Academia Sinica, Institute of Information Science, Taiwan","Academia Sinica, Research Center for Information Technology Innovation, Taiwan",0.8111464381217957,0.8-0.9
Max-Planck-Gesellschaft,"Max-Planck-Gesellschaft, Max Planck Institute for Demographic Research",0.7806944847106934,0.7-0.8
Excellence Cluster Topoi EXC 264,TOPOI Excellence Cluster,0.9001550078392029,0.9+
Federal Office of Public Health,U.S. Department of Health and Human Services,0.7310618758201599,0.7-0.8
The World Bank,The World Bank Group,0.9007852077484131,0.9+
Digital Humanities Center (Eberhard Karls Universität Tübingen),"University of Basel, Digital Humanities Lab",0.7089271545410156,0.7-0.8
Universidad Politécnica de Madrid,Universidad de Murcia,0.8039964437484741,0.8-0.9
Queensland Facility for Advanced Bioinformatics,"University of Queensland, Australian Centre for Ecogenomics",0.6337635517120361,0.6-0.7
Queen's University,"Queens University, University Libary",0.8004545569419861,0.8-0.9
"Columbia Climate School, International Research Institute for Climate and Society, Data Library","Columbia University, Earth Institute, International Research Institute for Climate and Society",0.8343616724014282,0.8-0.9
University of Belgrade Computer Centre,"University of Zagreb, University Computing Centre",0.8063668012619019,0.8-0.9
"Universität Konstanz, Kommunikations-, Informations-, Medienzentrum","Universität Trier, HKFZ",0.6636934876441956,0.6-0.7
U.S. Department of Agriculture,"United States Department of Agriculture, National Resources Conservation Service",0.8225463628768921,0.8-0.9
"BC Cancer Agency, Research Centre, Canada's Michael Smith Genome Sciences Centre","National Institutes of Health, National Cancer Institute, Center for Cancer Genomics, The Cancer Genome Atlas Program Office",0.7312946319580078,0.7-0.8
University of Maryland,"University of Maryland, Baltimore County",0.8363931775093079,0.8-0.9
Institute of Oceanology Polish Academy of Sciences,National Institute of Oceanography and Applied Geophysics,0.7012051343917847,0.7-0.8
Estonian Museum of Natural History,"University of Oslo, Natural History Museum",0.7022691965103149,0.7-0.8
National Aeronautics and Space Administration,U.S. National Aeronautics and Space Administration,0.9705612063407898,0.9+
Bayerische Staatsbibliothek,Sächsische Landesbibliothek – Staats- und Universitätsbibliothek Dresden,0.6656062602996826,0.6-0.7
"National Astronomical Observatories, Chinese Academy of Sciences, Chinese Virtual Observatory","National Astronomical Observatory of Japan, Okayama Astrophysical Observatory",0.7140753865242004,0.7-0.8
MCMaster University,McMaster University,0.9999998807907104,0.9+
New Brunswick Canada,University of New Brunswick,0.7181479334831238,0.7-0.8
U.S. Department of Commerce,United States Department of Commerce,0.9830266237258911,0.9+
"Stanford University, Poldrack Lab","University of North Carolina at Chapel Hill, Hahn Lab",0.6804831624031067,0.6-0.7
"European Commission, Research & Innovation, Seventh Framework Program","European Commission, Research & Innovation, Seventh Framework Programm, FP7",0.9099221229553223,0.9+
"Department of Health and Human Services, National Institutes of Health","U.S. Department of Health & Human Services, National Institutes of Health, National Institute of General Medical Sciences",0.9051221609115601,0.9+
Canadian Forest Service,"Natural Resources Canada, Canadian Forest Service",0.8510925769805908,0.8-0.9
Ministère de l'Enseignement supérieur et de la Recherche,Ministère de lʼEnseignement supérieur et de la Recherche,0.9096404910087585,0.9+
Leicester University,University of Liverpool,0.7574917078018188,0.7-0.8
Association of American State Geologists,United States Geological Survey,0.752452552318573,0.7-0.8
Japan Long-Term Ecological Research Network,Long Term Ecological Research Network,0.7410258054733276,0.7-0.8
Institute of Oceanology Polish Academy of Sciences,Iranian National Institute for Oceanography and Atmospheric Science,0.6240391135215759,0.6-0.7
"National Institute for Health Research, School for Primary Care Research",National Institute on Minority Health and Health Disparities,0.6491700410842896,0.6-0.7
Friedrich Schiller University Jena,Friedrich-Schiller-Universität Jena,0.8960683345794678,0.8-0.9
Bioinformatics Resource Centers,"University of Chicago, Bioinformatics Resource Centers",0.8677555918693542,0.8-0.9
Chinese Academy of Fishery Sciences,"Chinese Academy of Fishery Sciences, East China Sea Fisheries Research Institute",0.9117980003356934,0.9+
Université de Nantes,École des Mines de Nantes,0.7351129651069641,0.7-0.8
National Institute on Aging,"National Institutes of Health, National Institute on Aging",0.913241446018219,0.9+
NASA's Earth Observing System Data and Information System,"National Aeronautics and Space Administration, Earth Observing System Data and Information System",0.8936845064163208,0.8-0.9
Royal Society of Chemistry,"Slovak Academy of Sciences, Institute of Chemistry",0.712796151638031,0.7-0.8
Institute for Sociology of the Slovak Academy of Sciences,"Polish Academy of Sciences, Institute of Philosophy and Sociology",0.7655256986618042,0.7-0.8
"University of California at Los Angeles, Library","University of California, Los Angeles Library",0.9819527864456177,0.9+
California Geological Survey,US Geological Survey,0.7117348909378052,0.7-0.8
"Excellence Cluster TOPOI, A-6 Economic Space",TOPOI Excellence Cluster,0.8821675181388855,0.8-0.9
World Meteorological Organization,"World Meteorological Organization, Dobson Forum",0.836967408657074,0.8-0.9
Jet Propulsion Laboratory,"National Aeronautics and Space Administration, Jet Propulsion Laboratory",0.8588747382164001,0.8-0.9
"University of Zurich, Institute of Molecular Life Sciences, Baudis Group","Universität Basel, The Center for Molecular Life Sciences, Swiss Institute of Bioinformatics",0.7674592733383179,0.7-0.8
"The University of Texas at El Paso, Department of Biological Sciences","University of Oxford, Department of Biology",0.7035824656486511,0.7-0.8
Open Society Institute,The Open University,0.7110350131988525,0.7-0.8
"Government of Canada, Statistics Canada","Government of Canada, Statistics Canada, Research Data Centres Program",0.8012883067131042,0.8-0.9
"National Institutes of Health, Office of Strategic Coordination, The Common Fund",The National Institutes of Health,0.7915996313095093,0.7-0.8
Goethe University Frankfurt,Johann Wolfgang Goethe-Universität Frankfurt,0.8197928667068481,0.8-0.9
The World Bank,World Bank Group,0.8539525866508484,0.8-0.9
University of Debrecen,"University of Debrecen, University and National Library",0.8559935092926025,0.8-0.9
Bureau des Recherches Géologiques et Minières,Institut de Recherches Géologiques et Minières,0.9051863551139832,0.9+
Concordia University,Concordia University of Edmonton,0.884637176990509,0.8-0.9
"Karlsruhe Institute of Technology, Scientific Computing Center","University of Texas at Austin, Institute for Computational and Engineering Sciences",0.6554735898971558,0.6-0.7
"U.S. Department of Agriculture, Agricultural Research Service","United States Department of Agriculture, Agricultural Research Services",0.9813482761383057,0.9+
"Münchener DigitalisierungsZentrum, Digitale Bibliothek","Niedersächsisches Ministerium für Wirtschaft, Arbeit, Verkehr und Digitalisierung",0.667793333530426,0.6-0.7
"European Molecular Biology Laboratory, European Bioinformatics Institute, Protein Data Bank in Europe",Protein Data Bank in Europe,0.7910121083259583,0.7-0.8
University of Buffalo,Wayne State University,0.6884332895278931,0.6-0.7
"National Institutes of Health,  National Institute of Allergy and Infectious Diseases","National Institutes of Health, National Institute of Allergy and Infectious Diseseases, Department of Health and Human Services",0.9276329874992371,0.9+
"Chinese Academy of Sciences, South China Sea Institute of Oceanology",International Association of the Physical Sciences of the Ocean,0.7250238656997681,0.7-0.8
"European Commission, Community Research and Development Information Service,  FP7","European Commission, Community Research and Development Information Service,  Sixth Framework Programe",0.8453235030174255,0.8-0.9
"National Autonomous University of Mexico, Center for Genomic Sciences","National Autonomous University of Mexico, Institute of Biomedical Research",0.8082640171051025,0.8-0.9
"Georg-August-Universität Göttingen, Niedersächsische Staats- und Universitätsbibliothek Göttingen",Niedersächsische Staats- und Universitätsbibliothek Göttingen,0.8810340166091919,0.8-0.9
SOAS University of London,University College London,0.788787841796875,0.7-0.8
"San Diego Supercomputer Center, Advanced CyberInfrastructure Development","University of California, San Diego, San Diego Supercomputer Center",0.7150033116340637,0.7-0.8
AGH University of  Krakow,Roskilde University,0.6603740453720093,0.6-0.7
Kooperativer Bibliotheksverbund Berlin-Brandenburg,"TU Berlin, Universitätsbibliothek",0.6924214959144592,0.6-0.7
Saints Cyril and Methodius University of Skopje,University of Belgrade,0.6249734163284302,0.6-0.7
German Aerospace Center,"German Aerospace Center, Earth Observation Center, German Remote Sensing Data Center of the German Aerospace Center",0.8037315011024475,0.8-0.9
OSGeo Public Geospatial Data Committee,US Federal Geographic Data Committee,0.6757549047470093,0.6-0.7
"National Institute of Mental Health, Human Brain Project","National Institutes of Health, National Institute of Mental Health",0.765014111995697,0.7-0.8
National Institute for Public Health and the Environment,National Institute of Health,0.8369794487953186,0.8-0.9
"Chinese Academy of Agricultural Sciences, Institute of Crop Germplasm Resources","Chinese Academy of Science, Kunming Institute of Botany",0.6509590744972229,0.6-0.7
CLARIN-IT,Clarin-D,0.8316539525985718,0.8-0.9
"Karlsruhe Institute of Technology, Institute of Climatology and Climate Research, Atmospheric Trace Gases and Remote Sensing","Karlsruhe Institute of Technology, Institute of Meteorology and Climate Research - Atmospheric Trace Gases and Remote Sensing",0.9668718576431274,0.9+
CLARIN-ERIC,CLARIN-NL,0.7608231902122498,0.7-0.8
CLARIN-NL,CLARINO,0.7251787185668945,0.7-0.8
Cancer Research Society,Cancer Research UK,0.7726667523384094,0.7-0.8
"Institut für Deutsche Sprache, Programmbereich Korpuslinguistik",Leibniz-Institut für Deutsche Sprache,0.728390097618103,0.7-0.8
"U.S. Department of Health and Human Services, Health Resources and Services Administration","U.S. General Services Administration, Data.gov",0.6591402292251587,0.6-0.7
"Dalhousie University, Department of Biology","University of Aveiro, Department of Biology",0.8036143779754639,0.8-0.9
George Mason University Libraries,Maastricht University Library,0.639569878578186,0.6-0.7
Environmental Protection Agency,United States Environmental Protection Agency,0.9342787265777588,0.9+
"Government of India, National Informatics Centre",National Informatics Centre,0.8121955990791321,0.8-0.9
Univeristät Wien,"Universität Erfurt, Forschungsbibliothek Gotha",0.7761588096618652,0.7-0.8
GEOMAR Helmholtz Centre for Ocean Research Kiel,Kiel University,0.6149199604988098,0.6-0.7
"Australian Government, Department of the Environment and Energy, Australian Antarctic Division","Department of Agriculture, Water and the Environment, Australian Antarctic Division",0.8678037524223328,0.8-0.9
Texas Advanced Computing Center,"University of Texas, Texas Advanced Computing Center",0.9153909683227539,0.9+
National Institute of Ecology,"National Institutes of Health, National Institute of Environmental Health Sciences",0.722244143486023,0.7-0.8
University of Kansas Libraries,"University of Oregon, UO Libraries",0.7561790943145752,0.7-0.8
"University of Michigan, Institute for Social Research, Center for Political Studies","University of Michigan, Inter-University Consortium for Political and Social Research",0.9402045011520386,0.9+
Max-Planck-Gesellschaft zur Förderung der Wissenschaften e.V.,Max-Planck-Institut für Wissenschaftsgeschichte,0.821835994720459,0.8-0.9
Maria Curie-Skłodowska University,University of Konstanz,0.6497706770896912,0.6-0.7
Children's Hospital of Eastern Ontario,Hospital for Sick Children,0.7040531039237976,0.7-0.8
National Autonomous University of Mexico,"National Autonomous University of Mexico, School of Sciences",0.9415438175201416,0.9+
"Natonal Oceanic and Atmospheric Administration, National Centers for Environmental Information","US Department of Commerce, National Oceanic & Atmospheric Administration, National Centers for Environmental Information",0.8317983150482178,0.8-0.9
"Max-Planck-Gesellschaft, Max-Planck Institut für Chemie",Max-Planck-Institut für Informatik,0.72548907995224,0.7-0.8
International Association of the Physical Sciences of the Ocean,Southern Ocean Research Partnership,0.670570433139801,0.6-0.7
University of Maryland,University of Virginia,0.7316920161247253,0.7-0.8
"National Aeronautics and Space Administration, Atmospheric Science Data Center","National Aeronautics and Space Administration, National Snow and Ice Data Center",0.7196153402328491,0.7-0.8
Washington State University,Washington University in St. Louis,0.8676126003265381,0.8-0.9
Pennsylvania State University,University of Pittsburgh,0.7462477684020996,0.7-0.8
British Antarctic Survey,"University of Tasmania, Institute for Marine and Antarctic Studies",0.6358643174171448,0.6-0.7
American Cancer Society,BC Cancer Agency,0.6021138429641724,0.6-0.7
Institute of Bioinformatics,"Peking University, Center for Bioinformatics",0.8233287334442139,0.8-0.9
"International Council for Science, World Data System","International Science Council, World Data System International Programme Office",0.9068301916122437,0.9+
University of Lorraine,Université de Lorraine,0.9164621829986572,0.9+
Universidad Austral de Chile,Universidad de Chile,0.9784518480300903,0.9+
Universidad Nacional de Córdoba,Universidad de Granada,0.8138049244880676,0.8-0.9
"Temple University, Liberles group","University College London, Orengo Group",0.6309109926223755,0.6-0.7
"University of Toronto, Centre for Cellular and Biomolecular Research, Andrews Lab","University of Toronto, Donnelly Centre for Cellular and Biomolecular Research, Brenda Andrews Research Lab",0.9187968373298645,0.9+
"European Molecular Biology Laboratory, European Bioinformatics Institute, Thornton Group","Universität Basel, The Center for Molecular Life Sciences, Swiss Institute of Bioinformatics",0.83271324634552,0.8-0.9
Ludwig-Maximilians Universität München,Ludwig-Maximilians-Universität München,0.9945067167282104,0.9+
Institute of Marine Research,"National Marine Fisheries, Research Institute",0.8213755488395691,0.8-0.9
Human Genome Organisation,National Human Genome Research Institute,0.7372744083404541,0.7-0.8
"U.S. Department of Energy, Biological and Environmental Research","U.S. Department of Energy, Office of Science, Biological & Environmental Research",0.9456565380096436,0.9+
"Georg-August Universität Göttingen, Zentrale Kustodie",Georg-August-Universität Göttingen,0.8597186207771301,0.8-0.9
"U.S. Department of Energy, Office of Scientific and Technical Information","U.S.Department of Energy, Office of Science, Office of Scientific and Technical Information",0.9789981842041016,0.9+
"Argentina, Ministerio de Ciencia, Tecnología e Innovación Productiva","Ministerio de Ciencia, Tecnología e Innovación",0.7651259899139404,0.7-0.8
Bioinformatics Institute,Netherlands Bioinformatics Centre,0.8142877221107483,0.8-0.9
Lawrence Berkeley National Lab,Lawrence Berkeley National Laboratory,0.9534915685653687,0.9+
Lunar and Planetary Institute,Space Telescope Science Institute,0.640559196472168,0.6-0.7
National Oceanographic Partnership Program,"United Nations Educational, Scientific and Cultural Organization, Intergovernmental Oceanographic Commission",0.7036424875259399,0.7-0.8
European Molecular Biology Laboratory,European Molecular Biology Laboratory Australia,0.8887559175491333,0.8-0.9
University of South Australia,University of Tasmania,0.8318722248077393,0.8-0.9
Danish Ministry of Higher Education and Science,University of Copenhagen,0.6913638114929199,0.6-0.7
"Australian Government - Department of Education, National Collaborative Research Infrastructure Strategy","Australian Government, Department of Education, National Collaborative Research Infrastructure Strategy",0.9956586956977844,0.9+
NOAA's National Centers for Environmental Information,"National Oceanic and Atmospheric Administration, National Centers for Environmental Information",0.794698178768158,0.7-0.8
Ministry of Education of the Peoples's Republic of China,Ministry of Finance  of the People's Republic of China,0.7913955450057983,0.7-0.8
Alberta Government,Government of Alberta,0.9811321496963501,0.9+
Duke University,"Duke University, Trinity College of Arts & Sciences",0.8254280686378479,0.8-0.9
Texas A&M University,The University of Texas at Austin,0.7753438353538513,0.7-0.8
"U.S. Department of Health and Human Services, National Institute of General Medical Sciences","US Department of Health and Human Services, National Institutes of Health",0.8832457065582275,0.8-0.9
"National Oceanic and Atmospheric Administration, Office of the Chief Information Officer and High-Performance Computing and Communications Office",National Oceanic and Atmospheric Adminstration,0.7259281873703003,0.7-0.8
Central Lake Ontario Conservation,Conservation Ontario,0.7451891303062439,0.7-0.8
Quebec Bio-Imaging Network,"University of Pittsburgh, Center for Biologic Imaging",0.6477943658828735,0.6-0.7
"National Center for Biotechnology Information, National Library of Medicine",The National Center for Biotechnology Information,0.8755306601524353,0.8-0.9
"University of British Columbia, Library","University of Prince Edward Island, Robertson Library",0.6628836989402771,0.6-0.7
Universidad Carlos III de Madrid,Universidad de Salamanca,0.8301175236701965,0.8-0.9
Data.gov,Federal Statistical Office,0.6500366926193237,0.6-0.7
"Department of Homeland Security, Science & Technology Directorate",Homeland Security,0.7271975874900818,0.7-0.8
Institute of Bioinformatics,"Tianjin University, Center of BioInformatics",0.8664031028747559,0.8-0.9
University of Wisconsin-Madison,"University of Wisconsin-Madison,  Information Technology",0.8146438598632812,0.8-0.9
University College London,University of East London,0.8649568557739258,0.8-0.9
International Science & Technology Center,Science & Technology Facilities Council,0.6664831638336182,0.6-0.7
"Australian Commonwealth,  Department of Health","Australian Government, Department of Social Services",0.7667711973190308,0.7-0.8
"U.S. Department of Health & Human Services, National Institutes of Health, National Cancer Institute","U.S. Department of Health & Human Services, National Institutes of Health, National Institute of General Medical Sciences",0.8127063512802124,0.8-0.9
The Pennsylvania State University,University of Connecticut,0.7409040927886963,0.7-0.8
"Universität Kassel, Universitätsbibliothek",Universitätsbibliothek Heidelberg,0.8058993816375732,0.8-0.9
Karlsruhe Institute of Technology,"Karlsruhe Institute of Technology, Institut für Kunst- und Baugeschichte",0.7472836971282959,0.7-0.8
"University of Natural Resources and Life Sciences, Institute of Hydrobiology and Aquatic Ecosystem Management","University of New South Wales, Centre for Ecosystem Science",0.6440150141716003,0.6-0.7
Ohio State University,"Ohio State University, Office of Sponsored Programs",0.8024039268493652,0.8-0.9
High Energy Astrophysics Archive Research Center,"National Aeronautics and Space Administration,  High Energy Astrophysics Science Archive Research Center",0.884756326675415,0.8-0.9
"National Institute of Allergy and Infectious Diseases, Bioinformatics Resource Centers","National Institutes of Health, National Institute of Allergy and Infectious Diseases",0.8265719413757324,0.8-0.9
"National Institutes of Health, National Institute of Environmental Health Sciences",The National Institutes of Health,0.804324746131897,0.8-0.9
High Energy Astrophysics Archive Research Center,The High Energy Astrophysics Science Archive Research Center,0.9759888052940369,0.9+
The University of Iowa Libraries,University of Minnesota Libraries,0.8042867183685303,0.8-0.9
Arizona State University Library,"University of Arizona, University Libraries",0.9408583641052246,0.9+
Center for Science-satellite Operation and Data Archive,"NOAA National Environmental Satellite, Data, and Information Service",0.6647388339042664,0.6-0.7
"U.S. Department of Agriculture, Agricultural Research Service","United States Department of Agriculture, Agricultural Research Service",0.9913347959518433,0.9+
University of California Santa Barbara,"University of California, San Diego",0.8646318912506104,0.8-0.9
Oak Ridge Institute for Science and Education,"Oak Ridge National Laboratory, Oak Ridge Campus",0.7507898211479187,0.7-0.8
European Bioinformatics Institute,Swiss Institute of Bioinformatics,0.8708841800689697,0.8-0.9
"U.S. Department of Energy, Energy Information Administration","U.S. Department of Energy, Science.gov",0.8819485902786255,0.8-0.9
Federal Ministry of Food and Agriculture,Ministry of Agriculture,0.8422704935073853,0.8-0.9
Bundesanstalt für Landwirtschaft und Ernährung,Bundesministerium für Ernährung und Landwirtschaft,0.9390193819999695,0.9+
"Academia Sinica, Biodiversity Research Center",Global Biodiversity Informaton Facility,0.7130259275436401,0.7-0.8
Leibniz Institute for Baltic Sea Research,Leibniz Institute for Baltic Sea Research Warnemünde,0.9656640291213989,0.9+
U.S. Department of the Interior,United States Department of the Interior,0.9825011491775513,0.9+
Washington University in St. Louis,"Washington University in St. Louis, Cognitive Psychology Laboratory",0.6322295069694519,0.6-0.7
"Ministry of Education, Culture, Science, Sports and Technology","Ministry of Higher Education, Science and Technology",0.7768791913986206,0.7-0.8
"University of Tokyo, Institute of Medical Science, Human Genome Center","University of Washington, Department of Genome Sciences",0.7488458156585693,0.7-0.8
Government of Andhra Pradesh,Government of Odisha,0.7103971242904663,0.7-0.8
Swedish Cancer Society,Swedish Research Council,0.6024186611175537,0.6-0.7
United States Department of Energy,"United States, Department of Energy",0.9793622493743896,0.9+
Universitat de Girona,Universitat de València,0.7165052890777588,0.7-0.8
"U.S.  Department of Energy, Office of Science","U.S. Department of Energy, Office of Scientific and Technical Information",0.9561394453048706,0.9+
OSPAR Commission,"OSPAR Commission, Protecting and conserving the North-East Atlantic and its resources",0.6509106755256653,0.6-0.7
Institut de Physique du Globe de Paris,Institut de physique du globe de Paris,1.000000238418579,0.9+
AGH University of  Krakow,University of Szczecin,0.7075319290161133,0.7-0.8
Australian Research Council,International Science Council,0.6914102435112,0.6-0.7
"U.S.Department of Energy, Office of Science, Office of Basic Energy Sciences, Chemical Sciences, Geosciences and Biosciences Division","U.S.Department of Energy, Office of Science, Office of Scientific and Technical Information",0.8377156257629395,0.8-0.9
"Goddard Space Flight Center, High Energy Astrophysics Science Archive Research Center",NASA - Goddard Space Flight Center,0.7863668203353882,0.7-0.8
Canadian Centre for Climate Modelling and Analysis,"Meteorological Service of Canada, Canadian Ice Service",0.6060404181480408,0.6-0.7
Smithsonian Institution,Smithsonian Libraries,0.8875436782836914,0.8-0.9
"Australian Commonwealth,  Department of Health","Australian Government, Department of Health and Aged Care",0.8246563076972961,0.8-0.9
"University of Iceland, Social Science Research Institute","University of North Carolina, Odum Institute for Research in Social Science",0.6440114378929138,0.6-0.7
Bundesministerium  für Wirtschaft und Energie,Bundesministerium für Wirtschaft und Energie,1.000000238418579,0.9+
Charité - Universitätsmedizin Berlin,Charité Universitätsmedizin Berlin,0.9607139825820923,0.9+
"Brookhaven National Laboratory, Nuclear Science andTechnology Department, National Nuclear Data Center, Cross Section Evaluation Working Group","Korea Atomic Energy Research Institute, Nuclear Data Center",0.7411941885948181,0.7-0.8
INNOVATION.CA,Innovation.ca,1.0,0.9+
"Pennsylvania State University, Libraries","University of Pennsylvania, PennLibraries",0.8268742561340332,0.8-0.9
Arctic Portal,Barrow Arctic Science Consortium,0.649449348449707,0.6-0.7
CLARIAH-NL,CLARIN-NL,0.8160281181335449,0.8-0.9
"NSW Government, Department  of  Primary Industries","New South Wales Government, Department of Primary Industries",0.8350791335105896,0.8-0.9
"National Archives and Records Administration, National Historical Publications and Records Commission",The U.S. National Archives and Records Administration,0.9075596332550049,0.9+
"U.S. Department of Commerce, U.S. Census Bureau, TheDataWeb","U.S. Department of Commerce, United States Census Bureau",0.9442288875579834,0.9+
Ministry of Science and Technology of the People's Republic of China,"Peoples Republic of China, Ministry of Science and Technology, National Science and Technology Infrastructure Center",0.8198451995849609,0.8-0.9
Netherlands Organisation for Scientific Research,Netherlands Organization for Scientific Research,0.9850262403488159,0.9+
Canadian Institute for Health Information,Canadian Institutes of Health,0.8484988212585449,0.8-0.9
Cape Breton University,University of New Brunswick,0.7056453227996826,0.7-0.8
U.S. Department of Health and Human Services,"U.S. Department of Health and Human Services, Health Resources and Services Administration",0.9407498240470886,0.9+
"National Institutes of Health, National Institute of General Medicine Sciences",U.S. National Institutes of Health,0.8742296099662781,0.8-0.9
Fachhochschule Erfurt,Pädagogische Hochschule Erfurt,0.8508620262145996,0.8-0.9
"European Commission, Community Research and Development Information Service, Seventh Framework Programm","European Commission, Community Research and Development Information Service, Seventh Framework Programme - FP7, IS-ENES 2",0.8888700008392334,0.8-0.9
"U.S. Department of  Energy,  Biological and Environmental Research Program","U.S. Department of Energy, Biological and Environmental Research",0.9426097273826599,0.9+
United States Department of Health and Human Services,"United States, Social Security Administration",0.6177457571029663,0.6-0.7
Children's Hospital of Eastern Ontario,"Cincinnati Children's Hospital, Zorn Lab",0.6218155026435852,0.6-0.7
Université du Québec en Outaouais,Université du Québec à Montréal,0.879493236541748,0.8-0.9
"University of Colorado Boulder, University Libraries","Washington University in St. Louis,  University Libraries",0.7314231395721436,0.7-0.8
Leibniz Supercomputing Centre,"San Diego Supercomputer Center, Advanced CyberInfrastructure Development",0.6284891963005066,0.6-0.7
Queensland University of Technology,University of Technology Sydney,0.8017874956130981,0.8-0.9
Centre national d'études spatiales,"Université Paris, Institut d'Astrophysique Spatiale",0.6151037216186523,0.6-0.7
UC San Diego Library,University of California San Diego,0.7328977584838867,0.7-0.8
"Harvard University, Institute for Quantitative Social Sciences","Harvard University, Institute for Quantitave Social Science",0.8996593356132507,0.8-0.9
"University of Alabama at Birmingham,  Department of Microbiology","University of Victoria, Department of Biochemistry and Microbiology, Centre for Biomedical Research",0.7779539823532104,0.7-0.8
Bundesministerium für Ernährung und Landwirtschaft,"Österreich, Bundesministerium für Wissenschaft, Forschung und Wirtschaft",0.6171351075172424,0.6-0.7
"European Molecular Biology Laboratory, European Bioinformatics Institute, Thornton Group",Laboratory of Bioinformatics Analyses for Genomics and Metabolism,0.665857195854187,0.6-0.7
Centre for Ecology and Hydrology,UK Centre for Ecology & Hydrology,0.8721394538879395,0.8-0.9
Universidad Austral de Chile,Universidad de Málaga,0.8109853267669678,0.8-0.9
Babeș-Bolyai University,Rice University,0.6058214902877808,0.6-0.7
"U. S. Department of Commerce, National Oceanic and Atmospheric Administration, Global Monitoring Division, Earth System Research Laboratory","United States Department of Commerce, National Oceanic and Atmospheric Administration, Earth System Research Laboratory, Global Monitoring Laboratory",0.9831078052520752,0.9+
International Atomic and Molecular Data Centre network,Virtual Atomic and Molecular Data Centre consortium,0.746833086013794,0.7-0.8
Korea Polar Research Institute,"University of Cambridge, Scott Polar Research Institute, Library",0.7456313967704773,0.7-0.8
Universidad Autónoma de Madrid,Universidade de Aveiro,0.8134149312973022,0.8-0.9
"University of Southern California, Department of Earth Science","University of Wisconsin-Madison, Department of Geoscience",0.70009446144104,0.7-0.8
University of California,"University of California, Berkeley",0.8947724103927612,0.8-0.9
"National Institute of Biomedical Innovation, Health and Nutrition",U.S. National Institutes of Health,0.7182183861732483,0.7-0.8
"Institute of Bioinformatics, Bangalore","University of British Columbia, Graduate Program in Bioinformatics",0.8298903703689575,0.8-0.9
United Nations Environment Programme,United Nations Environment Programme - World Conservation Monitoring Centre,0.8137309551239014,0.8-0.9
Royal Netherlands Academy of Arts and Sciences,"Royal Netherlands Academy of Arts and Sciences, Meertens Institute",0.8881938457489014,0.8-0.9
Chronic Disease Research Foundation,"The Minneapolis Medical Research Foundation, Chronic Disease Research Group",0.8450188040733337,0.8-0.9
National Institutes of Health,"National Institutes of Health, National Institute of Environmental Health Sciences",0.8034108877182007,0.8-0.9
National Institute of Allergy and Infectious Disease,"National Institute of Health, National Institute of Allergy and Infectious Diseases",0.9581669569015503,0.9+
Dataverse Network Project,Dataverse Project,0.8684311509132385,0.8-0.9
Department for Environment Food and Rural Affairs,"GOV.UK, Department for Environment Food & Rural Affairs",0.8476049304008484,0.8-0.9
Argo,Argo Project Office,0.7263062000274658,0.7-0.8
Arizona State University,The University of Arizona,0.9405792951583862,0.9+
National Center for Scientific Research,The National Center for Scientific Research,0.9791430234909058,0.9+
Hochschule für Technik und Wirtschaft Dresden,Technische Universität München,0.6666104197502136,0.6-0.7
"The University of Dublin, Trinity College Dublin",University College Dublin,0.9155676364898682,0.9+
"National Astronomical Observatory of Japan, Okayama Astrophysical Observatory",Smithsonian  Astrophysical Observatory,0.6878440380096436,0.6-0.7
U.S. Geological Survey,United States Geological Survey,0.979110836982727,0.9+
US Department of Health & Human Services,United States Department  of Health and Human Services,0.9826128482818604,0.9+
"National Institute of Allergy and Infectious Diseases, Bioinformatics Resource Centers","National Institutes of Health, National Institute of Allergy and Infectious Diseases, Bioinformatics Resource Centers",0.9440960884094238,0.9+
United States Department of Agriculture,"United States Department of Agriculture, National Institute of Food and Agriculture",0.8284288048744202,0.8-0.9
"U.S. Department of Energy, Biological and Environmental Research","U.S.Department of Energy, Office of Science, Biological and Environmental Research",0.9510560035705566,0.9+
"Universität Hamburg, Center for Earth System Research and Sustainability, Integrated Climate Data Center","Universität Hamburg, Institut für Meereskunde, Integrated Climate Data Center",0.838168740272522,0.8-0.9
Columbia University,Columbia University in the City of New York,0.895215630531311,0.8-0.9
"National Oceanic and Atmospheric Administration, National Weather Service, Climate Prediction Center","National Oceanic and Atmospheric Administration, Space Weather Prediction Center",0.8490020036697388,0.8-0.9
Universiteit Utrecht,Utrecht University,0.9209064245223999,0.9+
Tulane University Biodiversity Research Institute,"Tulane University, Biodiversity Research Institute",0.9856559038162231,0.9+
"TU Wien, Department of Geodesy and Geoinformation","Vienna University of Technology, Department of Geodesy and Geoinformation",0.8535206317901611,0.8-0.9
"National Center for Atmospheric Research, University Corporation for Atmospheric Research",University Corporation for Atmospheric Research,0.8824906349182129,0.8-0.9
U.S. Department of Agriculture,"United States Department of Agriculture, National Resources Inventory",0.8238886594772339,0.8-0.9
Bundesministerium  für Wirtschaft und Energie,Bundesministerium für Wirschaft und Energie,0.9823344349861145,0.9+
"Harvard University, Institute for Quantitative Social Science","Harvard University, Institute for Quantitative Social Sciences",0.9831365942955017,0.9+
"Japan Science and Technology Agency, National Bioscience Database Center",Japan alliance for Bioscience Information,0.8274267911911011,0.8-0.9
"National Center for Atmospheric Research, University Corporation for Antmospheric Research, Library","University Corporation for Atmospheric Research - National Center for Atmospheric Research, Climate and Global Dynamics Laboratory",0.8325240612030029,0.8-0.9
Brain Canada Foundation,Montreal Neurological Institute and Hospital,0.631480872631073,0.6-0.7
Universidad Pablo de Olavide,Universidad de Murcia,0.7396116256713867,0.7-0.8
"European Commission, Community Research and Development Information Service,  Sixth Framework Programe","European Commission, Community Research and Development Information Service, Seventh Framework Programme",0.9401000738143921,0.9+
Bundesministerium für Wirtschaft und Energie,"Österreich, Bundesministerium für Wissenschaft, Forschung und Wirtschaft",0.8473581671714783,0.8-0.9
Animal Genome Research Program,"National Animal Genome Research Program, Bioinformatics Coordination Program",0.8628697395324707,0.8-0.9
ENERGY.GOV,U.S. Department of Energy,0.8388795256614685,0.8-0.9
"United States Department of Agriculture,  Forest Service","United States Department of Agriculture, National Resources Conservation Service",0.7914999723434448,0.7-0.8
"Institute of Bioinformatics, Bangalore","Swiss Institute of Bioinformatics,  Swiss-Prot Knowledgebases",0.7898464798927307,0.7-0.8
National Human Genome Research Institute,National Human Genome Research Institute Home,0.9656531810760498,0.9+
"Government of Canada, Natural Resources Canada, Geological Survey of Canada","Natural Resources of Canada, Forests and forestry",0.7125166654586792,0.7-0.8
Staatliche Naturwissenschaftliche Sammlungen Bayerns,"Staatliche Naturwissenschaftliche Sammlungen Bayerns, Botanische Staatssammlung München",0.9127007722854614,0.9+
"U.S. Department of Agriculture, Agricultural Research Service",United States Department of Agriculture - Agricultural Research Service,0.9848799705505371,0.9+
University of Birmingham,University of the West of England Bristol,0.7421706914901733,0.7-0.8
European Virtual Observatory,International Virtual Observatory Alliance,0.8491054773330688,0.8-0.9
"Government of India, Ministry of Science and Technology, Department of Biotechnology","Government of India, Ministry of Science and Technology, Department of Science and Technology",0.7579061985015869,0.7-0.8
"Brookhaven National Laboratory, National Nuclear Data Center","Nuclear Science and Technology Department, Brookhaven Nation Laboratory, National Nuclear Data Center",0.9431850910186768,0.9+
Leibniz-Gemeinschaft,Leibniz-Zentrum für Agrarlandschaftsforschung e. V.,0.6648809909820557,0.6-0.7
The Chinese University of Hong Kong,The University of Hong Kong,0.9423304796218872,0.9+
"European Bioinformatics Institute,",European Molecular Biology Laboratory - European Bioinformatics Institute,0.8792870044708252,0.8-0.9
Harvard Dataverse,Harvard Library,0.6248514652252197,0.6-0.7
"Indiana University School of Medicine, Center for Computational Biology and Bioinformatics","University of Pennsylvania, Perelman School of Medicine, Computational Biology and Informatics Laboratory",0.8643732070922852,0.8-0.9
University of California San Diego,"University of California, San Francisco",0.888379693031311,0.8-0.9
Dataverse Project,The Dataverse  Project,0.9679614305496216,0.9+
Jet Propulsions Laboratory,"National Aeronautics and Space Administration, Jet Propulsion Laboratory",0.8462069630622864,0.8-0.9
University of Nyíregyháza,University of York,0.7590104341506958,0.7-0.8
Genome BC,Genome Canada,0.6552148461341858,0.6-0.7
"Texas A&M University, College of Geosciences, International Ocean Discovery Program,  Joint Oceanographic Institutions for Deep Earth Sampling Resolution Science Operator","University of California San DIego, Scripps Institution of Oceanography, Ocean and Geosciences Data Center",0.7294528484344482,0.7-0.8
"European Bioinformatics Institute,",Institute for Bioinformatics Research and Development,0.8798556923866272,0.8-0.9
London School of Hygiene & Tropical Medicine,"London School of Hygiene and Tropical Medicine, Clinical Trials Unit",0.8944586515426636,0.8-0.9
Bundesministerium  für Wirtschaft und Energie,"Österreich, Bundesministerium für Wissenschaft, Forschung und Wirtschaft",0.8473581671714783,0.8-0.9
Missouri Botanical Garden,"Royal Botanic Gardens, Kew",0.6198350191116333,0.6-0.7
INCT Centro de Estudos Integrados da Biodiversidade Amazonica,Instituto Nacional de Pesquisas da Amazônia,0.75267094373703,0.7-0.8
"U.S.Department of Energy, Office of Science","United States, Department of Energy",0.9006351828575134,0.9+
University of Colorado Colorado Springs,University of New Mexico,0.7020665407180786,0.7-0.8
"University of British Columbia, Graduate Program in Bioinformatics","University of Chicago, Bioinformatics Resource Centers",0.8416147828102112,0.8-0.9
Cape Peninsula University of Technology,University of the Western Cape,0.7472397089004517,0.7-0.8
"Imperial College London, Department of Chemistry","University of Athens, Department of Chemistry",0.6986162662506104,0.6-0.7
"Geological and Planetary Sciences , Caltech's Seismological Laboratory",International Association of Seismology and Physics of the Earth's Interior,0.740586519241333,0.7-0.8
Museum National d'Histoire Naturelle,Muséum national d'Histoire naturelle,1.000000238418579,0.9+
"Dalhousie University, Department of Oceanography","Istituto Nazionale di Oceanografia e di Geofisica Sperimentale, Centro Nazionale di Dati Oceanografici",0.681268572807312,0.6-0.7
"U.S. Department of Energy, Office of Science, Biological & Environmental Research","United States, Department of Energy, Office of Science, Biological and Environmental Research",0.9705544710159302,0.9+
Universidade Federal do Rio Grande do Sul,Universidade do Minho,0.7260380387306213,0.7-0.8
"Russian Academy of Sciences, Geophysical Center",Russian-Ukrainian Geomagnetic Data Center,0.6221756935119629,0.6-0.7
"National Research Council of Italy , Italian Institute of Polar Sciences",Polar Research Institute of China,0.7278817892074585,0.7-0.8
University of Maryland,Yale University,0.6922930479049683,0.6-0.7
"Maastricht University, Department of Bioinformatics",University of California Santa Cruz Genome Bioinformatics,0.708935022354126,0.7-0.8
National Institutes of Health,"National Institutes of Health, National Institute for Mental Health",0.8008801341056824,0.8-0.9
Canadian Institute of Health Research,Health Canada,0.746929943561554,0.7-0.8
Air Force Weather Agency,NOAA Climate Program Office,0.6358057260513306,0.6-0.7
"National Institutes of Health, National Heart, Lung and Blood Institute","U.S. Department of Health and Human Services, National Institutes of Health, The National Heart, Lung, and Blood Institute",0.9407165050506592,0.9+
National Science and Technology Infrastructure Center,National Science and Technology Infrastructures,0.8516712784767151,0.8-0.9
Figshare,figshare,1.0,0.9+
"Centers for Disease Control and Prevention, National Center for Chronic Disease Prevention and Health Promotion, Division of Population Health",National Center for Health Statistics,0.7460898160934448,0.7-0.8
"Columbia Climate School, Columbia University","Columbia University, Earth Institute, International Research Institute for Climate and Society",0.7274214029312134,0.7-0.8
"National Institutes of Health, National Human Genome Research Institute","National Institutes of Health, National Institute of General Medicine Sciences",0.7759273052215576,0.7-0.8
Excellence Cluster 264 Topoi,Excellence Cluster Topoi,0.942624568939209,0.9+
"National Oceanic and Atmospheric Administration, National Centers for Environmental Prediction","National Oceanic and Atmospheric Administration, Space Weather Prediction Center",0.8043663501739502,0.8-0.9
"U.S. Department of Energy, Advanced Manufacturing Office",US Department of Energy,0.8029792308807373,0.8-0.9
University of Amsterdam,"University of Amsterdam, Academic Medical Center",0.8130916357040405,0.8-0.9
"United States Department of Agriculture,  Agricultural Marketing Service","United States Department of Agriculture, Agricultural Research Service",0.8730685114860535,0.8-0.9
"Department of Agriculture, Agriculture Research Service","U.S. Department of Agriculture, Agricultural Research Service",0.9499139785766602,0.9+
"Ministry of Science, Innovation and Universities",The Ministry of Higher Education and Science,0.8237134218215942,0.8-0.9
"Ministère de l'Enseignement supérieur, de la Recherche et de l'Innovation","Ministère de l'enseigenment Supérieur et de la Recherche, Direction générale de la Recherche et de l'innovation",0.9015588164329529,0.9+
"Columbia University,  Lamont-Doherty Earth Observatory","Columbia University, Lamont-Doherty Earth Observatory",0.9999998807907104,0.9+
Universidad Internacional de Andalucia,Universidad de Murcia,0.8263888359069824,0.8-0.9
Centro Nacional de Supercomputacion,"Forschungszentrum Jülich, Jülich Supercomputing Centre",0.7499867081642151,0.7-0.8
Florida State University,Michigan State University,0.7207589149475098,0.7-0.8
Washington University in St.Louis,"Washington University in St.Louis, School of Law",0.8659688830375671,0.8-0.9
Concordia University of Edmonton,"Concordia University,  Library",0.798486053943634,0.7-0.8
Leibniz-Institut für Astrophysik Potsdam,"Université Paris, Institut d'Astrophysique Spatiale",0.7014866471290588,0.7-0.8
"European Commission, Community Research and Development Information Service,  7th Framework Programme","European Commission, Community Research and Development Information Service, Seventh Framework Programme - FP7, IS-ENES 2",0.9008513689041138,0.9+
"Japan Agency for Marine-Earth Science and Technology, Institute for Marine-Earth Exploration and Engineering",Marine Technology Unit,0.6072829961776733,0.6-0.7
CNRS INEE,CNRS-INSU,0.7852094769477844,0.7-0.8
Finnish Meteorological Institute,Norwegian Meteorological Institute,0.8369212746620178,0.8-0.9
Universidad Austral de Chile,Universidad de Santiago de Chile,0.9506062269210815,0.9+
Universitat Pompeu Fabra,Universität zu Köln,0.7336890697479248,0.7-0.8
"Swinburne University of Technology,  Institute for Social Research","University of Manchester, Cathie Marsh Institute for Social Research",0.7276588082313538,0.7-0.8
"European Bioinformatics Institute,","Peking University, Center for Bioinformatics",0.8301660418510437,0.8-0.9
"Ministry of Agriculture and Rural Affairs, Chinese Academy of Fishery Sciences","United Nations, Food and Agriculture Organization, Fisheries and Aquaculture Department",0.6480131149291992,0.6-0.7
Canadian Council on Social Development,Social Sciences and Humanities Research Council of Canada,0.7360785603523254,0.7-0.8
Deutsches Archäologisches Institut,Leibniz-Institut für Alternsforschung - Fritz-Lipmann-Institut,0.6819553375244141,0.6-0.7
National Institute of General Medical Sciences,"National Institutes of Health, National Institute of General Medical Sciences",0.8713873624801636,0.8-0.9
"National Instititutes of Health, National Institute of Diabetes and Digestive and Kidney Diseases",National Institute of Diabetes and Digestive Kidney Diseases,0.9016073942184448,0.9+
Max Planck Institut für Informatik,"Max-Planck-Institut, Kunsthistorisches Institut in Florenz",0.6960437297821045,0.6-0.7
Max-Planck-Institut für Astronomie,"University of Heidelberg, Centre for Astronomy, Astronomisches Rechen-Institut",0.7265834808349609,0.7-0.8
"U.S.  Department of Energy, Office of Science","US Department of Energy, Office of Science",0.9853630065917969,0.9+
European Space Agency,"European Space Agency, Science & Technology, COSMOS",0.8494788408279419,0.8-0.9
"Chinese Academy of Sciences, Computer Network Information Center","Indiana University, Cyberinfrastructure for Network Science Center",0.6281070113182068,0.6-0.7
U.S: Department of Health and Human Services,United States Department  of Health and Human Services,0.9609724283218384,0.9+
Institut National d'Études Démographiques,L'École des Hautes Études en Sciences Sociales,0.6243555545806885,0.6-0.7
"U.S. Department of Energy, Biological and Environmental Research","U.S.Department of Energy, Office of Health and Environmental Research",0.8998558521270752,0.8-0.9
Alberta Government,Government of Canada,0.8074551820755005,0.8-0.9
"University of California at Berkeley, Museum of Vertebrate Zoology","University of California, Berkeley, Museum of Vertebrate Zoology",0.9930627346038818,0.9+
KTH Royal Institute of Technology,Royal Institute of Technology,0.8455797433853149,0.8-0.9
"UC San Diego, Scripps Institution of Oceanography","Université Pierre et Marie Curie, Institut Pierre Simon Laplace, Laboratoire d'Océanographie et du Climat: Expérimentations et Approches Numériques",0.6306495070457458,0.6-0.7
Atmospheric Science Data Center,"NASA Langley Research Center, Atmospheric Science Data Center",0.8731546401977539,0.8-0.9
"National Aeronautics and Space Administration, Atmospheric Science Data Center","National Aeronautics and Space Administration, Terrestrial Ecology Program",0.651710569858551,0.6-0.7
Jülich Supercomputing Centre,"University of California San Diego, San Diego Supercomputer Center",0.7472052574157715,0.7-0.8
"U.S. Department of Energy, Office of Science, Joint Genome Institute","United States Department of Energy, Office of Science, Joint Genome Institute",0.9761775135993958,0.9+
Universidad del Pacífico,Universidad del Rosario,0.8022462129592896,0.8-0.9
University of Colorado Colorado Springs,University of Missouri,0.6999187469482422,0.6-0.7
University of South Africa,University of the Western Cape,0.7716412544250488,0.7-0.8
Africa Health Research Institute,National Institutes of Health,0.6413145065307617,0.6-0.7
Heidelberger Institut für Theoretische Studien,"Julius Kühn-Institut, Institut für Rebenzüchtung",0.7128689289093018,0.7-0.8
"University of Toronto, Donnelly Centre for Cellular and Biomolecular Research, Brenda Andrews Research Lab","University of Toronto, Donnelly Centre for Cellular and Biomolecular Research, Krause lab",0.8889124393463135,0.8-0.9
Chinese Academy of Fishery Sciences,"Chinese Academy of Fishery Sciences, Yellow Sea Fisheries Research Institute",0.9059798717498779,0.9+
National Institute for Health Research,National Institute on Minority Health and Health Disparities,0.7203038930892944,0.7-0.8
Universidad de Cádiz,Universidad de Salamanca,0.8033041954040527,0.8-0.9
"Chinese Academy of Science, Kunming Institute of Botany",Huazhong Agriculture University,0.6129134297370911,0.6-0.7
Ecological Society of America,Geological Society of America,0.6126781702041626,0.6-0.7
"U.S.Department of Agriculture, Agricultural Research Service",United States Department of Agriculture,0.8687770366668701,0.8-0.9
"Iowa State University, Department of Agronomy","United States Department of Agriculture, Agricultural Research Services",0.6046568155288696,0.6-0.7
National Bioscience Database Center,National Microbiology Data Center,0.7119248509407043,0.7-0.8
"Biblioteca, Universidad de León","Universidad Católica de Córdoba, Sistema de Bibliotecas",0.7817153930664062,0.7-0.8
Protein Data Bank Japan,Protein Information Resource,0.6141879558563232,0.6-0.7
"National Institutes of Health,  National Institute of Allergy and Infectious Diseases. Bioinformatics Resource Centers","National Institutes of Health, National Institute of Allergy and Infectious Diseases",0.8572167158126831,0.8-0.9
"Forschungszentrum Jülich, Jülich Supercomputing Centre","University of California, San Diego, San Diego Supercomputer Center",0.7296635508537292,0.7-0.8
Universidad Internacional de Andalucia,Universidade Federal de Goiás,0.7842297554016113,0.7-0.8
"Japanese Ministry of Education, Culture, Sports, Science, and Technology","Ministry of Education, Culture, Sports, Science and Technology of Japan, Integrated Database Project",0.7251859903335571,0.7-0.8
"Alfred-Wegener-Institut Helmholtz-Zentrum für Polar- und Meeresforschung, Computer and Data Center","National Institute of Polar Research, Polar Data Center",0.7066407799720764,0.7-0.8
"U.S.  Department of Energy, Office of Science","U.S.Department of Energy, Office of Science, Office of Scientific and Technical Information",0.935736894607544,0.9+
Swiss Institute of Bioinformatics,"Swiss Institute of Bioinformatics, Swiss-Prot group",0.9135771989822388,0.9+
SicKkids Foundation,SickKids Foundation,1.000000238418579,0.9+
Stockholm University Press,Uppsala University,0.7102687358856201,0.7-0.8
"Ministry of Education, Science and Youth",The Ministry of Higher Education and Science,0.8328966498374939,0.8-0.9
Gesellschaft für Wissenschaftliche Datenverarbeitung mbH Göttingen,Gesellschaft für wissenschaftliche DatenverarbeitungmbH Göttingen,0.9746034145355225,0.9+
National Health Research Institutes,National Institute for Health Research,0.9013375043869019,0.9+
National Cancer Institute,"National Institutes of Health, National Cancer Institute",0.8704032301902771,0.8-0.9
"United States Department of Agriculture,  Agricultural Marketing Service","United States Department of Agriculture, Agricultural Research Services",0.8663055300712585,0.8-0.9
Gdańsk University of Technology,Warsaw University of Technology,0.7948770523071289,0.7-0.8
Akademie der Wissenschaften zu Göttingen,Stifterverband für die Deutsche Wissenschaft,0.6387290954589844,0.6-0.7
"Tor Vergata University, Department of Biology, Molecular Genetics Group","University of Rome Tor Vergata, Department of Biology, Molecular Genetics Group",0.9621156454086304,0.9+
"National Institutes of Health, National Institute of Diabetes and Digestive and Kidney Diseases","National Institutes of Health, National Institute of Diabetes, Digestive and Kidney Diseases",0.9966832399368286,0.9+
U.S. Environmental Protection Agency,"United States Environmental Protection Agency, Superfund",0.7136513590812683,0.7-0.8
Keck Foundation,W.M. Keck Foundation,0.8984107971191406,0.8-0.9
"ETH Zurich, Department of Biology, Institute of Molecular Systems Biology","Universität Basel, The Center for Molecular Life Sciences, Swiss Institute of Bioinformatics",0.7926528453826904,0.7-0.8
National Institute of Biomedical Imaging and Bioengineering,"U.S. Department of Health & Human Services, National Institutes of Health, National Institute of Biomedical Imaging and Bioengineering",0.8367120623588562,0.8-0.9
Bioinformatics Resource Centers,Queensland Facility for Advanced Bioinformatics,0.7501400113105774,0.7-0.8
"Emory University School of Medicine, Department of Biomedical Informatics","University of Muenster, Institute of Medical Informatics",0.803165078163147,0.8-0.9
"University of Toronto, Donnelly Centre for Cellular and Biomolecular Research, Boone Lab","University of Toronto, Donnelly Centre for Cellular and Biomolecular Research, Krause lab",0.9260605573654175,0.9+
University of Manitoba,University of Minnesota Twin Cities,0.6008303761482239,0.6-0.7
"European Molecular Biology Laboratory,  Postdoctoral Programme","European Molecular Biology Laboratory, European Bioinformatics Institute, Thornton Group",0.7970731258392334,0.7-0.8
"RWTH Aachen University, IT Center","RWTH Aachen, University Library",0.8296483755111694,0.8-0.9
Universitat Internacional de Catalunya,Universitat Politècnica de Catalunya,0.8368097543716431,0.8-0.9
"Freie Universität Berlin, Department of Earth Sciences","University of Southern California, Department of Earth Science",0.816246509552002,0.8-0.9
"National Institutes of Health, National Library of Medicine , National Center for Biotechnology Information","University of Vilnius, Institute of Biotechnology",0.735470175743103,0.7-0.8
"National Institutes of Health, National Institute of General Medical Sciences","National Institutes of Health, National Institute of General Medicine Sciences",0.9867056012153625,0.9+
Manchester Metropolitan University,The University of Manchester,0.9001718759536743,0.9+
Washington University School of Medicine,"Washington University in St. Louis, School of Medicine",0.9003031849861145,0.9+
International Institute for Sustainable Development,International Institute of Sustainable Development,0.9884854555130005,0.9+
Chiba University,The University of Tokyo,0.7127958536148071,0.7-0.8
Universidad Rey Juan Carlos,Universidade Federal de São Carlos,0.8071000576019287,0.8-0.9
Laboratoire de Langues et civilisations à tradition orale,Laboratoire de démographie et d'histoire sociale,0.7046402096748352,0.7-0.8
"National Astronomical Observatory of Japan, Astronomy Data Center","National Astronomical Observatory of Japan, Okayama Astrophysical Observatory",0.9156821966171265,0.9+
Ensembl,Ensembl Project,0.8724148273468018,0.8-0.9
The Energy and Resources Institute,"U.S.  Department of Energy, Office of Science",0.7227815389633179,0.7-0.8
National Library of the Netherlands,Royal Netherlands Academy of Arts and Sciences,0.6431262493133545,0.6-0.7
Center for Topographic studies of the Ocean and Hydrosphere,Marine Geology & Geophysics,0.61365807056427,0.6-0.7
Flinders University,The University of Sydney,0.8104692697525024,0.8-0.9
"National Centers for Environmental Information,  National Oceanographic Data Center","National Oceanic and Atmospheric Administration, National Environmental Satellite, Data, and Information Service, National Geophysical Data Center",0.8106588125228882,0.8-0.9
"University of California at Berkeley, Department of Molecular and Cell Biology","University of California, Berkeley, Department of Molecular and Cell Biology",0.9744945764541626,0.9+
"National Oceanic & Atmospheric Administration,  Earth System Research  Laboratory, Physical Sciences Division","U. S. Department of Commerce, National Oceanic and Atmospheric Administration, Global Monitoring Division, Earth System Research Laboratory",0.8971524238586426,0.8-0.9
Universitat Oberta de Catalunya,Universitat Politècnica de Catalunya,0.8655391931533813,0.8-0.9
Universität Leipzig,Universitätsmedizin Göttingen,0.7449852228164673,0.7-0.8
Oregon Health & Science University,Washington University School of Medicine,0.6672894954681396,0.6-0.7
"Technische Universität München, Deutsches Geodätisches Forschungsinstitut","Technische Universität München, Deutsches Geodätisches Forschungsinstitut, EUROLAS Data Center",0.7777093648910522,0.7-0.8
Excellence Cluster TOPOI,Excellence Cluster Topoi EXC 264,0.9135243892669678,0.9+
European Molecular Biology Laboratory,European Molecular Biology Laboratory Heidelberg,0.9059326648712158,0.9+
Technische Universität München,Universität zu Köln,0.8016160726547241,0.8-0.9
Vilnius University,Vilnius University Hospital Santariskiu Klinikos,0.6927132606506348,0.6-0.7
"Columbia Climate School, Columbia University","University of California Santa Barbara, Climate Hazards Center",0.6896471977233887,0.6-0.7
Institut Barcelona d'Estudis Internacionals,Universidad Internacional de Andalucia,0.7139671444892883,0.7-0.8
Digital Humanities Center (Eberhard Karls Universität Tübingen),"University of Cologne, Data Center for the Humanities",0.74570232629776,0.7-0.8
"Goethe-Universität Frankfurt am Main, Kunstgeschichtliches Institut","Philipps-Universität Marburg, Deutsches Dokumentationszentrum für Kunstgeschichte, Bildarchiv Foto marburg",0.6787943243980408,0.6-0.7
"Federal Ministry of Health, Federal Institute of Public Health",United States Department  of Health and Human Services,0.7015236616134644,0.7-0.8
"National Institutes of Health, National Human Genome Research Institute","University of Washington, Department of Genome Sciences",0.7581725120544434,0.7-0.8
Otto-von-Guericke University Magdeburg,University of Duisburg-Essen,0.6778905391693115,0.6-0.7
"California Institute of Technology,  Jet Propulsion Laboratory,  Infrared Processing and Analysis Center","California Institute of Technology, Infrared Processing and Analysis Center",0.899781346321106,0.8-0.9
Universität Erfurt,"Universität Erfurt, Forschungsbibliothek Gotha",0.876888632774353,0.8-0.9
CentERdata - Institute for data collection and research,Humanities Data Centre,0.6473903656005859,0.6-0.7
"U.S. Department of Energy, Office of Scientific and Technical Information","United States, Department of Energy",0.9035536050796509,0.9+
EMBL,EMBL-EBI,0.8030161261558533,0.8-0.9
"Australian Government, Department of Finance, Whole of Government ICT Services",Australian National Data Service,0.7035932540893555,0.7-0.8
"National Institutes of Health,  National Institute of Allergy and Infectious Diseases","National Institutes of Health,  National Institute of Allergy and Infectious Diseases. Bioinformatics Resource Centers",0.8572167158126831,0.8-0.9
Goddard Earth Sciences Data and Information Services Center,"National Aeronautics and Space Administration, Goddard Earth Sciences Data and Information Services Center",0.8654491901397705,0.8-0.9
Leibniz-Institut für Molekulare Pharmakologie,Leibniz-Institut für Molekulare Pharmakologie im Forschungsverbund Berlin e.V.,0.9259145259857178,0.9+
FIZ Karlsruhe -  Leibniz-Institut für Informationsinfrastruktur,FIZ Karlsruhe - Leibniz Institut für Informationsinfrastruktur,0.9949788451194763,0.9+
"Government of India, CSIR National Institute of Oceanography",National Oceanography Centre,0.7557294368743896,0.7-0.8
"Nuclear Science and Technology Department, Brookhaven Nation Laboratory, National Nuclear Data Center","University of Belgrade, Vinča Institute of Nuclear Sciences",0.6684013605117798,0.6-0.7
"University of California, Board of Regents",University of Southern California,0.678852379322052,0.6-0.7
"Chinese Academy of Fishery Sciences, East China Sea Fisheries Research Institute","Chinese Academy of Fishery Sciences, Yellow Sea Fisheries Research Institute",0.950281023979187,0.9+
"Ministry of Business, Innovation and Employment","Ministry of Health, Labour and Welfare",0.6529200077056885,0.6-0.7
"Universität Heidelberg, Universitätsbibliothek","Universität Kassel, Universitätsbibliothek",0.8405563235282898,0.8-0.9
"European Commission, Research & Innovation, Seventh Framework Program","European Commission, Research & Innovation, Seventh Framework Programm - FP7, ERA-NETplus",0.7457412481307983,0.7-0.8
University of Melbourne Library,"University of Victoria, Libraries",0.8167684078216553,0.8-0.9
"United States Department of Agriculture, Agricultural Research Service","United States Department of Agriculture, Agricultural Research Services",0.989435076713562,0.9+
"NASA Goddard Space Flight Center, Heliospheric Science Division, Space Physics Data Facility","National Aeronautics and Space Administration, Goddard Space Flight Center, Sciences and Exploration Directorate, Heliospheric Physics Laboratory",0.8701452016830444,0.8-0.9
European Regional Development Fund,European Regional Development Funds,0.9641060829162598,0.9+
Institute of Marine Research,Leibniz Institute for Baltic Sea Research,0.6351253986358643,0.6-0.7
"Bundesamt für Kartographie und Geodäsie, Dienstleistungszentrum","Bundesamt für Kartographie und Geodäsie, Zentrale Stelle Geotopographie",0.9023270606994629,0.9+
"University of Iceland,  School of Social Sciences","University of Iceland, Social Science Research Institute",0.9224573373794556,0.9+
"NASA Langley Research Center, Atmospheric Science Data Center",National Space Science Data Center,0.7437644600868225,0.7-0.8
"Government of Canada, Fisheries and Oceans Canada","Government of Canada, Fisheries and Oceans Canada, Institute of Ocean Sciences",0.88816899061203,0.8-0.9
"University of California, San Diego Supercomputer Center","University of California, San Diego, San Diego Supercomputer Center",0.9932055473327637,0.9+
NASA - Goddard Space Flight Center,"National Aeronautics and Space Administration, Goddard Space Flight Center",0.898463785648346,0.8-0.9
"Albert-Ludwigs-University Freiburg, University Library",Albert-Ludwigs-Universität Freiburg,0.8928529620170593,0.8-0.9
National Cancer Institute at the National Institutes of Health,"National Institutes of Health, National Cancer Institute",0.9644287824630737,0.9+
"University of Hamburg, Center for Earth System Research and Sustainability, Integrated Climate Data Center","Universität Hamburg, Center for Sustainable Research Data Management",0.7242063879966736,0.7-0.8
"University of California San Fransico, Irwin Lab","University of California, Lawrence Berkeley National Laboratory",0.7792065739631653,0.7-0.8
"U.S. Department of Energy, Fusion Energy Sciences, Office of  Science","U.S. Department of Energy, Office of Science, Fusion Energy Sciences",0.9931833744049072,0.9+
U.S Department of Health & Human Services,U.S. Department of Health and Human Services,0.987170934677124,0.9+
Cardiff University,University of Bristol,0.742988109588623,0.7-0.8
Federal University of Paraíba,Universidade Federal de São Paulo,0.6516327857971191,0.6-0.7
Michigan State University,"Michigan State University, School of Criminal Justice",0.7465742826461792,0.7-0.8
GESIS-Leibniz-Institut für Sozialwissenschaften,Institut für Sozialwissenschaftliche Forschung,0.835541307926178,0.8-0.9
"National Institutes of Health,  National Institute of Allergy and Infectious Diseases. Bioinformatics Resource Centers","U.S. Department of Health and Human Services, National Institutes of Health, National Institute of Allergy and Infectious Diseases",0.7707830667495728,0.7-0.8
National Institute of Drug Abuse,National Institute on Drug Abuse,0.9781808853149414,0.9+
"Max-Planck-Gesellschaft, Max-Planck Institut für Chemie",Max-Planck-Institut für Chemie,0.9243791103363037,0.9+
Sächsische Landesbibliothek – Staats- und Universitätsbibliothek Dresden,"Sächsische Landesbibliothek – Staats- und Universitätsbibliothek Dresden, SLUBArchiv.digital",0.9417177438735962,0.9+
"University of Belgrade, Institute for Biological Research ""Siniša Stanković"", National Institute of the Republic of Serbia","University of Oxford, Department of Biology",0.6205520033836365,0.6-0.7
"United States Department of Agriculture, National Resources Conservation Service","United States Department of Agriculture, National Resources Inventory",0.8352148532867432,0.8-0.9
Universitetet i Bergen,University of Bergen,0.8844311237335205,0.8-0.9
National Institute for Nuclear Phyiscs,"University of Lund, Nuclear Physics",0.6753588914871216,0.6-0.7
European Molecular Biology Laboratory - The European Bioinformatics Institute,"Universität Basel, The Center for Molecular Life Sciences, Swiss Institute of Bioinformatics",0.807643711566925,0.8-0.9
TH Köln - University of Applied Sciences,"Universität zu Köln, IT Center University of Cologne",0.7450125217437744,0.7-0.8
National Science foundation,US National Science Foundation,0.965052604675293,0.9+
"U.S. Department of Health and Human Services, National Institues of Health",United States Department of Health and Human Services,0.9280813932418823,0.9+
Bioinformatics Institute,Institute of Bioinformatics,0.9470858573913574,0.9+
Bayerisches Staatsministerium für Wissenschaft und Kunst,Nordrhein-Westfälische Akademie der Wissenschaften und der Künste,0.753983736038208,0.7-0.8
Universiteit Utrecht,Vrije Universiteit Amsterdam,0.7282901406288147,0.7-0.8
International Association of Geodesy,"International Association of Geodesy, International Gravity Field Service",0.8376712799072266,0.8-0.9
Bioinformatics Institute,Swiss Institute of Bioinformatics,0.8580281734466553,0.8-0.9
"Maastricht University, Department of Bioinformatics","Swiss Institute of Bioinformatics, Swiss-Prot group",0.803180992603302,0.8-0.9
"U.S. Department of Energy, Integrated Energy Systems Office",US Department of Energy,0.8407657146453857,0.8-0.9
"National Oceanic and Atmospheric Administration, National Centers for Environmental Information","The National Oceanic and Atmospheric Administration, National Centers for Environmental Information",0.9955568313598633,0.9+
"University Cooperation for Atmospheric Research, National Center for Atmospheric Research","University Corporation for Atmospheric Research, UNIDATA",0.8136270046234131,0.8-0.9
"University of New York, Department of Biology","University of Washington, Yeast Resource Center",0.6000205278396606,0.6-0.7
"European Commission, Community Research and Development Information Service, Fifth Framework Programme - FP5","European Commission, Community Research and Development Information Service, Seventh Framework Programme - FP7, IS-ENES 2",0.834257960319519,0.8-0.9
Leibniz Institute of European History,Leibniz-Institut für Europäische Geschichte,0.8265545964241028,0.8-0.9
European Environment Agency,German Environment Agency,0.8569343090057373,0.8-0.9
University of Manitoba,University of Saskatchewan,0.839949369430542,0.8-0.9
National Health and Medical Research Council,UK Medical Research Council,0.8389930725097656,0.8-0.9
European Molecular Biology Laboratory Heidelberg,"European Molecular Biology Laboratory, European Bioinformatics Institute",0.8025240302085876,0.8-0.9
"Julius-Kühn-Institut, Informationszentrum und Bibliothek",Kooperativer Bibliotheksverbund Berlin-Brandenburg,0.7012837529182434,0.7-0.8
Observatoire Midi-Pyrénées,"Observatoire Midi-Pyrénées, Service de Donnés de l'OMP",0.8881357312202454,0.8-0.9
Protein Data Bank Japan,RCSB Protein Data Bank,0.7073354721069336,0.7-0.8
University of California San Diego,University of California at Los Angeles,0.8777481317520142,0.8-0.9
"National Institutes of Health, National Human Genome Research Institute","U.S. Department of Health and Human Services, National Institutes of Health, National Human Genome Research Institute",0.9182841777801514,0.9+
"National Institute of Health, National Institute of Mental Health","National Institutes of Health, National Institute for Mental Health",0.9141619205474854,0.9+
Engineering and Physical Sciences Research Council,Natural Sciences and Engineering Research Council,0.8692308664321899,0.8-0.9
"University of Texas  at Austin, Texas Advanced Computing Center","University of Texas, Texas Advanced Computing Center",0.9705141186714172,0.9+
Fleet Numerical Meteorology and Oceanography Center,"United States Naval Research Laboratory, Marine Meteorology Division",0.6657981872558594,0.6-0.7
Schweizerischen Nationalfonds zur Förderung der Wissenschaftlichen Forschung,Schweizerischer Nationalfonds zur Förderung der wissenschaftlichen Forschung,0.964527428150177,0.9+
"U.S. Department of Energy, Energy Information Administration",United States Department of Energy,0.9245315790176392,0.9+
Cancer Research Society,National Cancer Institute at the National Institutes of Health,0.7116572856903076,0.7-0.8
"China National Center for Bioinformation,  National Genomics Data Center","Chinese Academy of Sciences, Beijing Institute of Genomics, China National Center for Bioinformation, National Genomics Data Center",0.8390930891036987,0.8-0.9
French National Cancer Institute,National Cancer Institute,0.806306779384613,0.8-0.9
U.S. Department of Energy's Water Power Technologies Office,"U.S.Department of Energy, Office of Science",0.6958478689193726,0.6-0.7
"Geological and Planetary Sciences , Caltech's Seismological Laboratory","University of Helsinki, Institute of Seismology",0.7757168412208557,0.7-0.8
Netherlands Environment Assessment Agency,The European Environment Agency,0.7355020046234131,0.7-0.8
National Research Foundation,National Science Foundation,0.8954339027404785,0.8-0.9
KU Leuven,"KU Leuven, Department of Earth and Environmental Sciences, Division of Geography & Tourism",0.6374066472053528,0.6-0.7
Center for Earth Resources Observation and Science,"University of Manitoba, Centre for Earth Observation Science",0.7177971601486206,0.7-0.8
"National Institutes of Health, National Library of Medicine","National Institutes of Health, U.S. National Library of Medicine",0.9792178273200989,0.9+
"Concordia University,  Library","Concordia University, PERFORM Centre",0.7770336270332336,0.7-0.8
Mineralogical Society of America,Mineralogical Society of Canada,0.8558497428894043,0.8-0.9
Geological Survey of Canada,"Government of Canada, Natural Resources Canada, Geological Survey of Canada",0.8256810903549194,0.8-0.9
Centre National d'Études Spatiales,Centre National d’Etudes Spatiales,0.9962486028671265,0.9+
"National Institutes of Health, National Institute of Diabetes, Digestive and Kidney Diseases","National Institutes of Health, National Institute of General Medical Sciences",0.784400999546051,0.7-0.8
"Jackson Laboratory,  Mouse Genome Informatics","The Jackson Laboratory, Mutant Mouse Resource and Research Center",0.7726894617080688,0.7-0.8
U.S Department of Health & Human Services,"U.S. Department of Health and Human Services, Office of Head Start",0.8437602519989014,0.8-0.9
Chiba University,Kyoto University,0.7023463249206543,0.7-0.8
The U.S. National Archives and Records Administration,U.S. National Archives and Records Administration,0.990810215473175,0.9+
United States Department of Agriculture - Agricultural Research Service,"United States Department of Agriculture, Agricultural Research Service",0.9895051717758179,0.9+
Rice University,University of Kentucky,0.6670785546302795,0.6-0.7
California Institute of Technology,"California Institute of Technology, Jet Propulsion Laboratory",0.7207000255584717,0.7-0.8
U.S. National Library of Medicine,United States National Library of Medicine,0.9797077178955078,0.9+
Max-Planck-Institut für Astronomie,Max-Planck-Institut für Extraterrestrische Physik,0.7573577165603638,0.7-0.8
National Institute of General Medical Sciences,The National Institutes of Health,0.7826696634292603,0.7-0.8
University of California Santa Cruz,University of California at Los Angeles,0.804497241973877,0.8-0.9
University of Freiburg,Universität Freiburg,0.9044599533081055,0.9+
"The University of Warsaw, Interdisciplinary Centre for Mathematical and Computational Modelling","University of Warsaw, Interdisciplinary Centre for Mathematical and Computational Modelling",0.9932037591934204,0.9+
Royal Netherlands Academy of Arts and Sciences,University for the Creative Arts,0.6249247193336487,0.6-0.7
University Library in Kielce,University of Michigan Library,0.6010835766792297,0.6-0.7
Leibniz Institute for Astrophysics Potsdam,Leibniz-Institut für Astrophysik Potsdam,0.8538267612457275,0.8-0.9
"Ernst-Moritz-Arndt-Universität Greifswald, Universitätsmedizin Greifswald,  Institut für Community Medicine","Universität Greifswald, Universitätsmedizin, Institut für Community Medicine",0.9371190071105957,0.9+
"Department of Agriculture, Agriculture Research Service","United States Department of Agriculture,  Agricultural Marketing Service",0.8309403657913208,0.8-0.9
"Chinese Academy of Sciences, Institute of Geographic Sciences and Natural Resources Research","Chinese Academy of Sciences, Xinjiang Institute of Ecology and Geography",0.7595202922821045,0.7-0.8
University of Barcelona,University of the Basque Country,0.7453991174697876,0.7-0.8
Medical University of Lublin,University of Life Sciences in Lublin,0.8404328227043152,0.8-0.9
Universitat Politècnica de València,Universitat de València,0.9123584628105164,0.9+
University of Queensland,University of Southern Queensland,0.9451586008071899,0.9+
"European Commission, Community Research and Development Information Service,  FP7","European Commission, Community Research and Development Information Service, Seventh Framework Programme - FP7, IS-ENES 2",0.8949323892593384,0.8-0.9
The University of Texas at Austin,University of Texas at Austin,0.9877259731292725,0.9+
"University of Michigan, Institute for Social Research, Inter-university Consortium for Political and Social Research","University of Michigan, Inter-university Consortium for Political and Social Research",0.9629011154174805,0.9+
"Indiana University School of Medicine, Center for Computational Biology and Bioinformatics","University of Chicago, Bioinformatics Resource Centers",0.7915990352630615,0.7-0.8
"National Institutes of Health,  National Institute of Allergy and Infectious Diseases","National Institutes of Health, National Institute of Allergy and Infectious Diseases",1.0000001192092896,0.9+
"German Aerospace Center, Institute of Atmospheric Physics","German Aerospace Center, Institute of Solar Research",0.7524542808532715,0.7-0.8
"Government of Canada, Fisheries and Oceans Canada, Institute of Ocean Sciences","University of British Columbia, Institute for the Oceans and Fisheries",0.825302004814148,0.8-0.9
"U.S. Department of Energy, Office of Science, Biological & Environmental Research","U.S. Department of Energy, Office of Science, Office of Biological and Environmental Research",0.9597288370132446,0.9+
"Informations-, Kommunikations- und Medienzentrum (Eberhard Karls Universität Tübingen)","Universität Tübingen, Klinik für Kinder- und Jugendmedizin",0.6802632808685303,0.6-0.7
"National Center for Atmospheric Research, University Corporation for Antmospheric Research, Computational and Information Systems Laboratory","National Center for Atmospheric Research, University Corporation for Antmospheric Research, Library",0.9039252400398254,0.9+
"Government of India, National Informatics Centre","National Informatics Centre (NIC), Ministry of Electronics & Information Technology, Government of India",0.8226852416992188,0.8-0.9
Canadian Forest Service,United States Forest Service,0.8067451119422913,0.8-0.9
"Natural Resources Canada, Canadian Forest Service","Nova Scotia Canada, Department of Natural Resources and Renewables",0.7475584745407104,0.7-0.8
"University of Calgary, Hotchkiss Brain Institute","Western University, BrainsCAN",0.7095162868499756,0.7-0.8
GESIS Leibniz Institut für Sozialwissenschaften,GESIS-Leibniz-Institut für Sozialwissenschaften,0.9572784304618835,0.9+
Friedrich Schiller University Jena,Friedrich-Schiller-University Jena,0.96622234582901,0.9+
"National Oceanic and Atmospheric Administration, National Centers for Environmental Prediction","The National Oceanic and Atmospheric Administration, National Centers for Environmental Information",0.8416529893875122,0.8-0.9
"National Institutes of Health, National Cancer Institute, Center for Biomedical Informatics and Information Technology","U.S. Department of Health and Human Services, National Institutes of Health, National Cancer Institute, Center for Biomedical Informatics and Information Technology",0.9337303638458252,0.9+
"University of California, San Diego, San Diego Supercomputer Center","University of Minnesota, Minnesota Supercomputing Institute",0.8233786821365356,0.8-0.9
Bundesanstalt für Wasserbau,Bundesministerium für Verkehr,0.660010039806366,0.6-0.7
United States Culture Collection Network,World Federation for Culture Collections,0.7097757458686829,0.7-0.8
Université de Montréal,Université du Québec en Outaouais,0.8044452667236328,0.8-0.9
"BC Cancer Agency, Research Centre, Canada's Michael Smith Genome Sciences Centre",Canada's Michael Smith Genome Sciences Centre,0.8627344369888306,0.8-0.9
National Aeronautics and Space Administration,"National Aeronautics and Space Administration, Science Mission Directorate",0.9077379703521729,0.9+
Acadia University,Vancouver Island University,0.6308443546295166,0.6-0.7
Columbia University Libraries,Smithsonian Libraries,0.6337039470672607,0.6-0.7
"European Molecular Biology Laboratory,  Postdoctoral Programme","European Molecular Biology Laboratory, European Bioinformatics Institute, Goldman Group",0.7981899976730347,0.7-0.8
Université Paris Cité,Université de Paris,0.8773864507675171,0.8-0.9
"Ghent University, Department of Biology","University of New York, Department of Biology",0.7324700355529785,0.7-0.8
Canadian Institute of Health Research,Canadian Institutes for Health Research,0.9064391255378723,0.9+
Jet Propulsion Laboratory,"NASA, Jet Propulsion Laboratory",0.9164942502975464,0.9+
"Harvard University, Department of Molecular and Cellular Biology","University of California at Berkeley, Department of Molecular and Cell Biology",0.8512026071548462,0.8-0.9
Joint Genome Institute,Joint Research Centre,0.6501106023788452,0.6-0.7
National Human Genome Research Institute Home,"U.S. Department of Health and Human Services, National Institutes of Health, National Human Genome Research Institute",0.8016507625579834,0.8-0.9
Earthdata,"University Southhamption, GeoData Institute",0.6171504259109497,0.6-0.7
Canadian Institute of Health Research,Canadian Institutes of Health Research,0.9450535774230957,0.9+
"LMU, University Library",University of Melbourne Library,0.6478509306907654,0.6-0.7
"Chinese Academy of Sciences,  Institute of Geographic Sciences and Natural Resources Research","Chinese Academy of Sciences, Northwest Institute of Eco-Environment and Resources",0.7636271715164185,0.7-0.8
San Diego State University,University of California San Francisco,0.8101942539215088,0.8-0.9
Washington University in St. Louis,"Washington University in St. Louis, School of Medicine",0.8603244423866272,0.8-0.9
"The University of Arizona, Department of Geosciences, Mineralogy and Crystallography","University of Arizona, Arizona College of Science, Department of Geosciences",0.7441824674606323,0.7-0.8
"National Aeronautics and Space Administration, Earth Observing System Data and Information System","National Aeronautics and Space Administration, Goddard Earth Sciences Data and Information Services Center",0.7736705541610718,0.7-0.8
"Columbia University, Lamont-Doherty Earth Observatory, Marine Geoscience Data System","University of California San DIego, Scripps Institution of Oceanography, Ocean and Geosciences Data Center",0.7235446572303772,0.7-0.8
Colorado State University Pueblo,University of Colorado Boulder,0.8233218193054199,0.8-0.9
Foundation Medicine Inc.,MacArthur Foundation,0.6411964893341064,0.6-0.7
"BC Cancer Agency, Canada's Michael Smith Genome Sciences Centre","BC Cancer Research Centre, Canada's Michael Smith Genome Sciences Centre",0.9631252288818359,0.9+
"National Aeronautics and Space Administration, Goddard Space Flight Center","National Aeronautics and Space Administration, Science Mission Directorate",0.8101640939712524,0.8-0.9
Lund University Humanities Lab,"Lund University, Lund University Humanities Lab",0.9684599041938782,0.9+
"Government of Canada, Northern Contaminants Program",Northern Contaminants Program,0.8011196851730347,0.8-0.9
University of Melbourne,University of Sydney,0.8817931413650513,0.8-0.9
"Observatoire Midi-Pyrénées - OMP, SErvice de DOnnées de L'OMP","Observatoire Midi-Pyrénées, Service de Donnés de l'OMP",0.9773762226104736,0.9+
Institut de Recherche en Astrophysique et Planétologie,"Université Libre de Bruxelles, Institut d'Astronomie et d'Astrophyique",0.8493755459785461,0.8-0.9
"Government of India, Ministry of Commerce and Industry, Directorate General of Commerical Intelligence and Statistics","Government of India, Ministry of Statistics and Programme Implementation",0.7524644732475281,0.7-0.8
University of Adelaide,University of Tasmania,0.7804675102233887,0.7-0.8
Open PHACTS Foundation,Open Phacts Consortium,0.8063690662384033,0.8-0.9
"Chinese Academy of Sciences, Kunming Institute of Zoology","National Taiwan University, Institute of Ecology and Evolutionary Biology",0.6105159521102905,0.6-0.7
FIZ Karlsruhe - Leibniz Institut für Informationsinfrastruktur,"Technische Universität Dresden, Zentrum für Informationsdienste und Hochleistungsrechnen",0.7475784420967102,0.7-0.8
"University of California, Mutant Mouse Resource & Research Centers","University of Missouri,  Mutant Mouse Resource & Research Center",0.9415357112884521,0.9+
European Molecular Biology Laboratory - European Bioinformatics Institute,"European Molecular Biology Laboratory, European Bioinformatics Institute",0.9948967695236206,0.9+
"Bielefeld University, Central Lab Facilities","University of Melbourne, Hoffmann Lab",0.609752357006073,0.6-0.7
"British Columbia Government, British Columbia Knowledge Development Fund",British Columbia Knowledge Development Fund,0.9456433057785034,0.9+
"U.S. Department of Energy, Office of Science",United States Department of Energy,0.8817932605743408,0.8-0.9
"National Institutes of Health, National Institute of Mental Health","National Institutes of Health, National Institute of Mental Health, Research Domain Criteria Initiative",0.8977485299110413,0.8-0.9
"Rutgers University, Libraries","Rutgers, The State University of New Jersey",0.7863107919692993,0.7-0.8
University of California San Diego,University of California San Francisco,0.8997414112091064,0.8-0.9
"National Institutes of Health, National Heart Lung and Blood Institute","National Institutes of Health, National Heart, Lung, and Blood Institute",0.9739331007003784,0.9+
University of California at Irvine,"University of California, Berkeley",0.8133308291435242,0.8-0.9
University of Manitoba,"University of Manitoba, Libraries",0.8075725436210632,0.8-0.9
Universidad Andrés Bello,Universidad Nacional de Rosario,0.7371096611022949,0.7-0.8
"European Bioinformatics Institute,",Swiss Institute of Bioinformatics,0.8872323036193848,0.8-0.9
Alberta Innovates Bio Solutions,Alberta Innovates – Health Solutions,0.8184235095977783,0.8-0.9
American Museum of Natural History,"Smithsonian Institution, National Museum of Natural History",0.7915518879890442,0.7-0.8
Alberta Geological Survey,Alberta Geology Survey,0.9580397009849548,0.9+
Rīga Stradiņš University,Vilnius University,0.7048284411430359,0.7-0.8
Technische Universität München,Zuse Institute Berlin,0.6640259027481079,0.6-0.7
Technical University of Darmstadt,University and State Library Darmstadt,0.8291193246841431,0.8-0.9
Bavarian State Library,German National Library,0.8440494537353516,0.8-0.9
European Regional Development Funds,Europeana Foundation,0.6286542415618896,0.6-0.7
Institute of Atmospheric Sciences and Climate,"University of Bern, Climate and Environmental Physics",0.6025384068489075,0.6-0.7
Bureau de Recherches Géologiques et Minières,"Freie Universität Berlin, Fachbereich Geowissenschaften, Institut für Geologische Wissenschaften",0.7050769925117493,0.7-0.8
Landesarchiv Baden-Württemberg,Württembergische Landesbibliothek Stuttgart,0.7563566565513611,0.7-0.8
"Federal Institute of Hydrology, Global Runoff Data Centre",National Hydrological Monitoring Programme,0.718902587890625,0.7-0.8
Götttingen eResearch Alliance,eResearch SA,0.6662609577178955,0.6-0.7
Jackson Laboratory,"The Jackson Laboratory, Churchill Lab",0.8626672029495239,0.8-0.9
European Commission,"European Commission, Directorate-General Communication",0.8218253254890442,0.8-0.9
United States Department  of Health and Human Services,United States Department of Health and Human Services,0.9999998807907104,0.9+
City of Grande Prairie,County of Grande Prairie,0.8348188400268555,0.8-0.9
"U. S. Department of Commerce, National Oceanic and Atmospheric Administration, Global Monitoring Division, Earth System Research Laboratory","U.S Department of Commerce, National Oceanic and Atmospheric Administration, National Weather Service",0.7824177145957947,0.7-0.8
"National Institutes of Health, National Institute for Aging","National Institutes of Health, National Institute on Aging",0.9859647750854492,0.9+
French Research Institute for Exploitation of the Sea,Royal Netherlands Institute for Sea Research,0.7212737798690796,0.7-0.8
The World Bank Group,"World Bank, World Bank Group Finances",0.8206737041473389,0.8-0.9
"Harvard Medical School,   George Church's lab",Washington University School of Medicine,0.7154688239097595,0.7-0.8
Scripps Research Institute,The Scripps Research Institute,0.974797785282135,0.9+
Cyprus University of Technology,The Cyprus Institute,0.8266457319259644,0.8-0.9
Excellence Cluster TOPOI,"Excellence Cluster TOPOI, A-6 Economic Space",0.8911828994750977,0.8-0.9
University of Cape Town,University of South Africa,0.8238413333892822,0.8-0.9
Oregon Health & Science University,"Oregon Health & Science University, Library",0.8793283700942993,0.8-0.9
Neuroimaging Informatics Tools and Resources Clearinghouse,Neuroscience Information Framework,0.610156774520874,0.6-0.7
National Institute of Allergy and Infectious Disease,"U.S. Department of Health and Human Services, National Institutes of Health, National Institute of Allergy and Infectious Diseases",0.8170121908187866,0.8-0.9
Parkinson's Disease United Kingdom,Parkinson's UK,0.9174199104309082,0.9+
The University of Auckland,University of Auckland,0.9859931468963623,0.9+
CESSDA ERIC,ICOS ERIC,0.6218386888504028,0.6-0.7
Universiteit Utrecht,University of Amsterdam,0.7043390870094299,0.7-0.8
Deutsches Archäologisches Institut,"Deutsches Archäologisches Institut, Eurasien-Abteilung",0.8695396184921265,0.8-0.9
"Chinese Academy of Agricultural Sciences, Institute of Crop Science","Chinese Academy of Science, Kunming Institute of Botany",0.7087551355361938,0.7-0.8
National Oceanic and Atmospheric Administration,"National Oceanic and Atmospheric Administration, Office of Oceanic and Atmospheric Research, Atlantic Oceanographic & Meteorological Laboratory",0.8650928735733032,0.8-0.9
UiT The Arctic University of Norway,Western Norway University of Applied Sciences,0.7002575397491455,0.7-0.8
"National Institutes of Health, National Institute on Aging","U.S. Department of Health & Human Services, National Institutes of Health, National Institute on Aging",0.8961263298988342,0.8-0.9
"The University of Sydney, Library",University of Sydney,0.816023588180542,0.8-0.9
"National Institutes of Health, National Cancer Institute, Center for Biomedical Informatics and Information Technology","U.S. National Institutes of Health, National Cancer Institute",0.81107097864151,0.8-0.9
European Molecular Biology Laboratory - European Bioinformatics Institute,"European Molecular Biology Laboratory, European Bioinformatics Institute, Goldman Group",0.9548414945602417,0.9+
"Genome Canada, Ontario Genomics Institute",Ontario Genomics,0.8766778707504272,0.8-0.9
Akademie der Wissenschaften zu Göttingen,Soziologisches Forschungsinstitut Göttingen,0.7206531763076782,0.7-0.8
"U.S. Department of Health & Human Services, National Institutes of Health","U.S. Department of Health & Human Services, National Institutes of Health, U.S. National Library of Medicine",0.9014937877655029,0.9+
"Kansas State University,  Bioinformatics Center","University of Chicago, Bioinformatics Resource Centers",0.8949899673461914,0.8-0.9
National Center for Genome Resources,National Institute of Plant Genome Research,0.6508619785308838,0.6-0.7
French Institute of bioinformatics,Swiss Institute of Bioinformatics,0.8973168730735779,0.8-0.9
"Australian Government, Department of Education , National Research Infrastructure","Australian Government, Department of Education, Skills and Employment, National Collaborative Research Infrastructure Strategy",0.9137168526649475,0.9+
"National Institutes of Health, National Human Genome Research Institute","U.S. Department of Health & Human Services, National Institutes of Health, National Human Genome Research Institute",0.9232810735702515,0.9+
DOE Joint Genome Institute,National Human Genome Research Institute Home,0.7292026281356812,0.7-0.8
Jet Propulsions Laboratory,NASA's Jet Propulsion Laboratory,0.9219237565994263,0.9+
"Government of India, Ministry of Commerce and Industry, Department of Commerce",U.S.Department of Commerce,0.6844995617866516,0.6-0.7
Swiss Institute of Bioinformatics,"Tianjin University, Center of BioInformatics",0.8534898161888123,0.8-0.9
European Bioinformatics Institute,Netherlands Bioinformatics Centre,0.8475845456123352,0.8-0.9
Earth Observation Center,EarthScope Consortium,0.6908423900604248,0.6-0.7
Institut für Sozialwissenschaftliche Forschung,Institut national des sciences de l'Univers,0.7127145528793335,0.7-0.8
"Oregon Health & Science University, Library","University of Oregon, UO Libraries",0.7184940576553345,0.7-0.8
"National Institute of Standards and Technology, Engineering Laboratory","U.S. Department of Energy, National Energy Technology Laboratory",0.6787905097007751,0.6-0.7
Fundação para a Ciência e Tecnologia,"Ministério da Ciência, Tecnologia e Inovações",0.7433480024337769,0.7-0.8
"University of California, Berkeley","University of California, San Francisco",0.8984014987945557,0.8-0.9
University of Freiburg,University of Salzburg,0.6915090084075928,0.6-0.7
University of Strasbourg,Université de Strasbourg,0.9417247772216797,0.9+
Niedersächsische Staats- und Universitätsbibliothek Göttingen,Sächsische Landesbibliothek - Staats- und Universitätsbibliothek Dresden,0.7488820552825928,0.7-0.8
Institute of Geographic Sciences and Natural Resources Research,Natural Resource Governance Institute,0.6254756450653076,0.6-0.7
"Woods Hole Oceanographic Institution, Physical Oceanography Department","Woods Hole Oceanographic Institution, U.S. JGOFS Central Project Office",0.9080849289894104,0.9+
Max Planck Institute for Astrophysics,Max Planck Institute for Human Cognitive and Brain Sciences,0.6600834131240845,0.6-0.7
Land Information New Zealand,Statistics New Zealand,0.6493710875511169,0.6-0.7
"BC Cancer Agency, Canada's Michael Smith Genome Sciences Centre",Genome Canada,0.7140837907791138,0.7-0.8
"Stanford University, School of Medicine, Departments of Biochemistry and Genetics","University of Manchester, Faculty of Biology, Medicine and Health",0.6581929922103882,0.6-0.7
The University of Edinburgh,University of Strathclyde,0.6300845146179199,0.6-0.7
"Government of India, Ministry of Science & Technology, Department of Biotechnology","Government of India, Ministry of Science and Technology, Department of Biotechnology",0.9919247031211853,0.9+
University of  Maryland,University of Maryland,1.0,0.9+
University of Adelaide,University of Oxford,0.7615583539009094,0.7-0.8
"Tianjin University, Center of BioInformatics","University of Leipzig, Interdisciplinary Centre for Bioinformatics",0.874179482460022,0.8-0.9
"Observatoire Midi-Pyrénées - OMP, SErvice de DOnnées de L'OMP","Observatoire Midi-Pyrénées, Service de Données de l'OMP",0.9841625690460205,0.9+
Université Catholique de l'Ouest,Université Grenoble Alpes,0.7593517303466797,0.7-0.8
Protein Data Bank in Europe,Worldwide Protein Data Bank,0.8922989368438721,0.8-0.9
"International Council for Science, World Data System","International Science Council, World Data System",0.9635065793991089,0.9+
Universität Heidelberg,Universitätsbibliothek Heidelberg,0.8207813501358032,0.8-0.9
The University of Sydney,University of Sydney,0.9843989610671997,0.9+
"University of Michigan,  Institute for Social Research,  Inter-university Consortium for Political and Social Research","University of Michigan, Institute for Social Research, Center for Political Studies",0.9571954607963562,0.9+
"Michigan State University, School of Criminal Justice",University of Michigan,0.7373174428939819,0.7-0.8
Florida Museum of Natural History,Natural History Museum,0.7240958213806152,0.7-0.8
Utrecht University,"Utrecht University, CLARIN ERIC Office",0.8318336009979248,0.8-0.9
National Science Foundation,U.S. National Science Foundation,0.9576404094696045,0.9+
Klaus Tschira Stiftung,Klaus Tschira Stiftung gemeinnützige GmbH,0.612657904624939,0.6-0.7
University Medical Center Groningen,"University of Amsterdam, Academic Medical Center",0.8609144687652588,0.8-0.9
"National Instititutes of Health, National Institute of Diabetes and Digestive and Kidney Diseases","National Institutes of Health, National Institute of Diabetes and Digestive and Kidney Diseases",0.9001319408416748,0.9+
Research Council of Norway,Swedish Research Council,0.7895996570587158,0.7-0.8
École Polytechnique Fédérale de Lausanne,École polytechnique fédérale de Lausanne,1.0,0.9+
National Snow & Ice Data Center,National Snow and Ice Data Center,0.9932372570037842,0.9+
Harvard-Smithsonian Center for Astrophysics,"Harvard-Smithsonian Center for Astrophysics, Smithsonian Astrophysical Observatory",0.9581260085105896,0.9+
Smithsonian Institute,Smithsonian Institution,0.9465837478637695,0.9+
Gesellschaft für wissenschaftliche Datenverarbeitung Göttingen mbH,Gesellschaft für wissenschaftliche DatenverarbeitungmbH Göttingen,0.9538806676864624,0.9+
Universidad Nacional de Córdoba,Universidad de Málaga,0.816283106803894,0.8-0.9
Scottish Environment Protection Agency,Scottish Government,0.6622641682624817,0.6-0.7
"National Institute of Health, National Institute of Mental Health","National Institutes of Health , National Insitute of Mental Health",0.8683637380599976,0.8-0.9
International Institute for Sustainable Development,Software Sustainability Institute,0.681721568107605,0.6-0.7
Advanced National Seismic System,Institute of Engineering Seismology and Earthquake Engineering,0.6203728914260864,0.6-0.7
California Department of Fish and Wildlife,U.S. Fish and Wildlife Service,0.7700762152671814,0.7-0.8
Jet Propulsion Laboratory,Jet Propulsions Laboratory,0.9727358222007751,0.9+
Consorci de Serveis Universitaris de Catalunya,Universitat Oberta de Catalunya,0.8213485479354858,0.8-0.9
UC San Diego,University of California Santa Barbara,0.771310031414032,0.7-0.8
Canadian Institute for advanced research,Canadian Institutes of Health Research,0.8387528657913208,0.8-0.9
U.S. Department of Health and Human Services,U.S: Department of Health and Human Services,0.9724233150482178,0.9+
"U.S. Department of Health & Human Services, National Institutes of Health, U.S. National Library of Medicine","U.S. Department of Health and Human Services, National Institutes of Health",0.9062737226486206,0.9+
European Molecular Biology Laboratory Australia,European Molecular Biology Laboratory Heidelberg,0.8343900442123413,0.8-0.9
Czech Academy of Sciences,"Hungarian Academy of Sciences Centre of Excellence, Centre for Social Sciences",0.7342906594276428,0.7-0.8
"National Institute of Health, National Institute of Mental Health","National Institutes of Health, National Institute of Mental Health",0.9122551679611206,0.9+
Pennsylvania State University,"University of Pennsylvania, School of Law",0.7550631165504456,0.7-0.8
National Center for Child Health and Development,"National Center for Health Statistics, Centers for Medicare & Medicaid Services",0.7029592394828796,0.7-0.8
Instituut voor de Nederlandse Taal,Integral Kankercentrum Nederland,0.6055096983909607,0.6-0.7
NOAA Fisheries Service’s Southwest Fisheries Science Center,"NOAA Fisheries Service’s Southwest Fisheries Science Center, Environmental Research Division",0.9528539180755615,0.9+
Universidad Nacional de La Plata,Universidad de Chile,0.8042018413543701,0.8-0.9
National Institute for Nuclear Phyiscs,National Nuclear Data Center,0.7171955108642578,0.7-0.8
Universidade Federal do Paraná,Universidade de Aveiro,0.7723746299743652,0.7-0.8
University of California,University of Maribor,0.6563088893890381,0.6-0.7
"Chinese Academy of Sciences, Institute of Microbiology, Information Network Center","Computer Network Information Center, Chinese Academy of Sciences",0.6731569766998291,0.6-0.7
"University of California Santa Cruz, Genomics Institute","University of California, Santa Cruz, Genomics Institute",0.9944995641708374,0.9+
Federal Geographic Data Committee,US Federal Geographic Data Committee,0.9861849546432495,0.9+
European Virtual Observatory,German Astrophysical Virtual Observatory,0.8801209330558777,0.8-0.9
"University of Pennsylvania, Perelman School of Medicine, Computational Biology and Informatics Laboratory","University of Texas at Austin, Center for Computational Biology and Bioinformatics",0.8059419393539429,0.8-0.9
Erasmus Medical Center Rotterdam,University Medical Center Groningen,0.7914073467254639,0.7-0.8
"National Institutes of Health, National Institute on Aging","University College London, Institute of Healthy Ageing, Partridge Lab",0.6078358292579651,0.6-0.7
Eidgenössische Technische Hochschule,IT-Zentrum der Thüringer Hochschulen,0.7352578639984131,0.7-0.8
European AIDS Clinical Society,European Centre for Disease Prevention and Control,0.6168860793113708,0.6-0.7
Institut d'Astrophysique Spatiale,"Université Paris, Institut d'Astrophysique Spatiale",0.899955153465271,0.8-0.9
Max Delbrück Center for Molecular Medicine,"Max Delbrück Center for Molecular Medicine, Matthias Selbach Lab",0.9259783029556274,0.9+
University of Lethbridge,University of Oxford,0.716994047164917,0.7-0.8
"Goethe Universität Frankfurt, Experimental Astrophysics","Karlsruhe Institute of Technology, Institute for Astroparticle Physics",0.7073825001716614,0.7-0.8
George Mason University,McMaster University,0.6549409627914429,0.6-0.7
Bill & Melinda Gates foundation,Bill and Melinda Gates Foundation,0.9764718413352966,0.9+
Environment and Climate Change Canada,"Government of Canada, Environment and Climate Change Canada",0.8979352712631226,0.8-0.9
"Alfred Wegener Institute - Helmholtz Centre for Polar and Marine Research, World Data Center for Marine Environmental Sciences, Publishing Network for Geoscientific and Environmental Data","Alfred Wegener Institute for Polar and Marine Research, Hustedt Diatom Study Centre",0.7043358087539673,0.7-0.8
Serbian Academy of Sciences and Arts,"Serbian Academy of Sciences and Arts, Institute of Technical Sciences",0.8864591717720032,0.8-0.9
"Humboldt-Universität zu Berlin, Computer- und Medienservice","Humboldt-Universität zu Berlin, Hermann von Helmholtz-Zentrum für Kulturtechnik , Koordinierungsstelle für wissenschaftliche Universitätssammlungen in Deutschland",0.741506814956665,0.7-0.8
International Phycological Society,Phycological Society of America,0.8556841015815735,0.8-0.9
"Academia Sinica Taiwan, Research Center for Humanities and Social Sciences,  Center for Survey Research","Academia Sinica, Research Center for Information Technology Innovation, Taiwan",0.6951702833175659,0.6-0.7
Gesellschaft für wissenschaftliche Datenverarbeitung mbH Göttingen,Gesellschaft für wissenschaftliche DatenverarbeitungmbH Göttingen,0.9746034145355225,0.9+
Observatoire Midi-Pyrénées,"Observatoire Midi-Pyrénées, Service de Données de l'OMP",0.8909772634506226,0.8-0.9
Medical University of Gdańsk,University of Gdańsk,0.868537425994873,0.8-0.9
"National Oceanic and Atmospheric Administration, Coral Health and Monitoring Program","National Oceanographic and Atmospheric Administration, Monterey Bay National Marine Sanctuary",0.6540671586990356,0.6-0.7
"Philipps-Universität Marburg, Universitätsbibliothek","Universität Kassel, Universitätsbibliothek",0.73409104347229,0.7-0.8
"University of Kansas, Department of Molecular Biosciences","University of Miami, Miller School of Medicine Department of Biochemistry and Molecular Biology",0.7477474212646484,0.7-0.8
Washington State University,"Washington University in St.Louis, School of Law",0.7633735537528992,0.7-0.8
"Stockholm University, Department of Linguistics","Vytautas Magnus University, Centre of Computational Linguistics",0.7260178327560425,0.7-0.8
Oregon Health & Science University,University of Alabama School of Public Health,0.6385421752929688,0.6-0.7
"U.S. Department of the Interior, United States Geological Survey, Earth Resources Observation and Science Center","United States Geological Survey, National Earthquake Information Center",0.7316250801086426,0.7-0.8
Queensland University of Technology,University of Southern Queensland,0.8381141424179077,0.8-0.9
Broad Institute,Institute for Science and Interdisciplinary Studies,0.6928722858428955,0.6-0.7
"University of Oxford, Nuffield Department of Medicine, Centre for Medicines Discovery","University of Oxford, Nuffield Department of Medicine, Centre for Medicines Discovery, Target Discovery Institute",0.910333514213562,0.9+
Koç University,"Koç University, Suna Kiraç Library",0.6461107134819031,0.6-0.7
Universidad Autónoma de Bucaramanga,Universidad Autónoma de Madrid,0.8101092576980591,0.8-0.9
Verbund Forschungsdaten Bildung,Verbund Forschungsdaten Bildung (VerbundFDB),0.8583539724349976,0.8-0.9
"University Corporation for Atmospheric Research, Community Programs","University Corporation for Atmospheric Research, National Center for Atmospheric Research",0.9021012783050537,0.9+
Biotechnology and Biological Science Research Council,Biotechnology and Biological Sciences Research Council,0.9901840090751648,0.9+
"U.S. Department of Energy, Office of Science, Biological & Environmental Research","U.S.Department of Energy, Office of Health and Environmental Research",0.9009479284286499,0.9+
San Diego State University,UC San Diego,0.9167245626449585,0.9+
Canadian Institute for Health Information,McGill University Health Centre,0.6314460635185242,0.6-0.7
Max Delbrück Center for Molecular Medicine,"Max Delbrück Center for Molecular Medicine, Berlin Institute for Medical Systems Biology",0.8978733420372009,0.8-0.9
Institute of Geology & Mineral Exploration,"New Mexico Institute of Mining and Technology, New Mexico Bureau of Geology & Mineral Resources",0.7501882910728455,0.7-0.8
Center for Astrophysics Harvard & Smithsonian,"Harvard Smithsonian Center for Astrophysics, Atomic and Molecular Physics Division",0.8449378609657288,0.8-0.9
HHS.gov,U.S. Department of Health & Human Services,0.6109610795974731,0.6-0.7
"Cooperative Institute for Research in Environmental Sciences, National Snow and Ice Data Center","National Aeronautics and Space Administration, National Snow and Ice Data Center",0.7526158094406128,0.7-0.8
Max Planck Institut für Informatik,"Max-Planck-Gesellschaft, Max-Planck Institut für Chemie",0.7231268286705017,0.7-0.8
Australian National University,University of South Australia,0.8174040913581848,0.8-0.9
Eidgenössische Technische Hochschule,Hochschule Esslingen,0.8061256408691406,0.8-0.9
"Government of Canada, Fisheries and Oceans Canada, Institute of Ocean Sciences",Ocean Networks Canada,0.655774712562561,0.6-0.7
Consortium for Top Down Proteomics,"National Cancer Institute, Office of Cancer Clinical Proteomics Research",0.7260485291481018,0.7-0.8
Universidad Carlos III de Madrid,Universidade de Aveiro,0.8282887935638428,0.8-0.9
Open Tree of Life Project,Tree of Life Project,0.9182658195495605,0.9+
"Japanese Ministry of Education, Culture, Sports, Science & Technology","Ministry of Education, Culture, Science, Sports and Technology",0.7487858533859253,0.7-0.8
"European Organization for Nuclear Research, Information Technology Department, Collaboration & Information Services","International Atomic Energy Agency, International Network of Nuclear Reaction Data Centres",0.6589354276657104,0.6-0.7
U.S Department of Health & Human Services,"U.S. Department of Health and Human Services, National Institues of Health",0.9255852699279785,0.9+
Leicester University,University of Canterbury,0.6965115070343018,0.6-0.7
"Tulane University, Biodiversity Research Institute",Université de Montréal Biodiversity Centre,0.7702411413192749,0.7-0.8
CLARIN-IS,Clarin-D,0.820127010345459,0.8-0.9
"National Oceanic and Atmospheric Administration, National Weather Service, Climate Prediction Center","U.S Department of Commerce, National Oceanic and Atmospheric Administration, National Weather Service",0.8293009996414185,0.8-0.9
National Center for Data to Health,"National Center for Health Statistics, Centers for Medicare & Medicaid Services",0.7870309352874756,0.7-0.8
"Australian Government, Geoscience Australia","Australian Governmnent, Australian Research Council",0.785358190536499,0.7-0.8
Robert-Koch-Institut,Weizenbaum Institut,0.7110205888748169,0.7-0.8
National Oceanic & Atmospheric Administration,"National Oceanic and Atmospheric Administration, National Weather Service",0.8499612808227539,0.8-0.9
"Chinese Academy of Sciences, Institute of Biochemistry and Cell Biology","National Institute for Basic Biology, Department of Cell Biology",0.767428994178772,0.7-0.8
Leibniz Institute for Applied Geophysics,Leibniz-Institute for Applied Geophysics,0.9929372072219849,0.9+
"National Center for Biotechnology Information, National Library of Medicine","National Institutes of Health, National Library of Medicine, National Center for Biotechnology Information",0.9084084033966064,0.9+
European Molecular Biology Laboratory - European Bioinformatics Institute,European Molecular Biology Laboratory - The European Bioinformatics Institute,0.9899482727050781,0.9+
"National Institutes of Health, National Cancer Institute","National Institutes of Health, National Cancer Institute, Center for Biomedical Informatics and Information Technology",0.8404808044433594,0.8-0.9
"U.S. Department of Agriculture, Natural Resources Conservation Service","United States Department of Agriculture, National Resources Conservation Service, National Resources Inventory Program",0.8717668056488037,0.8-0.9
"Department of Agriculture, Agriculture Research Service","United States Department of Agriculture, Agricultural Research Services",0.9212331771850586,0.9+
Goethe-Universität Frankfurt,"Johann Wolfgang Goethe-Universität Frankfurt, Universitätsbibliothek Johann Christian Senckenberg",0.7532956004142761,0.7-0.8
Universidade Federal de Goiás,Universidade Federal do Rio Grande do Sul,0.7561893463134766,0.7-0.8
"U.S. Department of Energy, Office of Science, Office of Biological and Environmental Research","U.S.Department of Energy, Office of Health and Environmental Research",0.8794972896575928,0.8-0.9
CLARIAH-AT,CLARIAH-EUS,0.783952534198761,0.7-0.8
Leibniz Institute DSMZ - German Collection of Microorganisms and Cell Cultures,Leibniz Institute DSMZ-German Collection of Microorganisms and Cell Cultures GmbH,0.9828383922576904,0.9+
"National Oceanic and Atmospheric Administration, Coral Health and Monitoring Program","National Oceanic and Atmospheric Administration, Coral Reef Conservation Program",0.8640540242195129,0.8-0.9
GFZ Helmholtz Centre for Geosciences,"GFZ Helmholtz Centre for Geosciences, Information System and Data Center",0.8985178470611572,0.8-0.9
Eidgenössische Technische Hochschule,Hochschule Schmalkalden,0.7294063568115234,0.7-0.8
National Institute of Allergy and Infectious Disease,National Institute of Allergy and Infectious Diseases,0.9981021881103516,0.9+
Hannover Medical School,University Hospital Zurich,0.6787972450256348,0.6-0.7
"University of Alberta, Departments of Computing Science and Biological Sciences, Wishart Research Group","University of Alberta, Faculty of Science, Departments of Biological Sciences and Computing Science, Wishart Research Group",0.9616590738296509,0.9+
Eunice Kennedy Shriver National Institute of Child Health and Human Development,"National Institute of Health, Eunice Kennedy Shriver National Institute of Child Health and Human Development",0.9096116423606873,0.9+
"Memorial Sloan-Kettering Cancer Center,  Computational Biology Center","University of Texas at Austin, Center for Computational Biology and Bioinformatics",0.6315015554428101,0.6-0.7
"European Bioinformatics Institute,","European Molecular Biology Laboratory, European Bioinformatics Institute, Thornton Group",0.812288761138916,0.8-0.9
Diplomatische Dokumente der Schweiz,Historisches Lexikon der Schweiz,0.6045562028884888,0.6-0.7
"International Atomic Energy Agency, International Network of Nuclear Reaction Data Centres","International Atomic Energy Agency, Nuclear Data Section, Atomic and Molecular Data Unit",0.8125264644622803,0.8-0.9
National Institute for Health Research,National Institute of Health,0.930600106716156,0.9+
Gdańsk Medical University,Vilnius University Hospital Santariskiu Klinikos,0.6791444420814514,0.6-0.7
"University of Copenhagen, Department of Biology, The Bioinformatics Centre","University of Leipzig, Interdisciplinary Centre for Bioinformatics",0.8352195024490356,0.8-0.9
National Informatics Centre,National Institute of Informatics,0.8642522096633911,0.8-0.9
Consultative Group on International Agricultural Research,"Consultative Group on International Agricultural Research,  Research Program on Climate Change, Agriculture and Food Security",0.8326869606971741,0.8-0.9
"U.S.Department of Agriculture, Agricultural Research Service","United States Department of Agriculture, National Agricultural Library",0.8317999839782715,0.8-0.9
Universidad de Chile,Universidad del Pacífico,0.8163459300994873,0.8-0.9
"National Institutes of Health, National Cancer Institute","U.S. National Institutes of Health, National Cancer Institute",0.9687660932540894,0.9+
"Institute of Bioinformatics, Bangalore",SIB Swiss Institute of Bioinformatics,0.8460676074028015,0.8-0.9
National Institute of Genetics,"National Institute of Genetics, Supercomputer System",0.7915223836898804,0.7-0.8
Finnish Museum of Natural History,Swedish Museum of Natural History,0.8259750008583069,0.8-0.9
"Aarhus University, Department of Geoscience","University of Sydney, School of Geosciences",0.7660186290740967,0.7-0.8
National Basic Research Program of China,National Natural Science Foundation of China,0.6059377789497375,0.6-0.7
"California Institute of Technology, Jet Propulsion Laboratory","NASA, Jet Propulsion Laboratory",0.818251371383667,0.8-0.9
Canadian Biodiversity Information Facility,Nature Conservancy Canada,0.6418309211730957,0.6-0.7
Wilfrid Laurier University,Wilfrid-Laurier University,0.9858531951904297,0.9+
"U.S. Department of Health and Human Services, National Institute of General Medical Sciences","U.S. Department of Health and Human Services, National Institutes of Health, National Institute of General Medical Sciences",0.9378811120986938,0.9+
International Institute of Tropical Agriculture,National Agricultural Technology Institute,0.7171983122825623,0.7-0.8
"The University of Texas at El Paso, Department of Biological Sciences","University of Calgary, Department of Biological Sciences",0.7692502737045288,0.7-0.8
"National Institute of Health, Eunice Kennedy Shriver National Institute of Child Health and Human Development","National Institutes of Health,  Eunice Kennedy Shriver National Institute of Child Health and Human Development",0.9685713052749634,0.9+
New York University,University of York,0.9505953192710876,0.9+
Deutsches Archäologisches Institut,"Universität Köln, Archäologisches Institut",0.8386603593826294,0.8-0.9
"University of Bergen, Bjerknes Centre for Climate Research","University of Bergen, Bjerknes Climate Data Centre",0.921238899230957,0.9+
University of East London,University of Surrey,0.740520715713501,0.7-0.8
"Department of Agriculture, Agriculture Research Service","United States Department of Agriculture, Agricultural Research Service",0.9464308619499207,0.9+
"U.S. Department of Energy's Office of Science, Biological and Environmental Research, Climate and Environmental Sciences Division,  Regional and Global Climate Modeling  Program","U.S.Department of Energy, Office of Science, Biological and Environmental Research",0.8003175258636475,0.8-0.9
National Cancer Institute at the National Institutes of Health,"National Institutes of Health,  National Cancer Institute",0.9644287824630737,0.9+
Arizona State University,"University of Arizona, University Libraries",0.7659422755241394,0.7-0.8
Mental Illness and Neuroscience Discovery Institute,"National Institutes of Health, National Institute of Mental Health",0.7053123712539673,0.7-0.8
"University of Southern California, Information Science Institute","University of Southern California, Information Sciences Institute",0.9899827837944031,0.9+
Genome Canada,"Genome Canada, Ontario Genomics Institute",0.8754554986953735,0.8-0.9
NatureServe Canada,Ontario Nature,0.7173349261283875,0.7-0.8
"Government of India, Ministry of Science and Technology, Department of Science & Technology","Government of India, Ministry of Science and Technology, Department of Science and Technology",0.9836752414703369,0.9+
"University of Cape Town Libraries, Digital Library Services","University of Oxford, Bodleian Digital Library Systems and Services",0.6631616353988647,0.6-0.7
University of Wrocław,"University of the National Education Commission, Krakow",0.6902914643287659,0.6-0.7
"Freie Universität Berlin, Department of Earth Sciences",Ministry of Earth Science,0.7071930170059204,0.7-0.8
"International Atomic Energy Agency, Department of Nuclear Sciences & Applications, Division of Physical and Chemical Sciences","International Atomic Energy Agency, Nuclear Data Section, Atomic and Molecular Data Unit",0.8484799861907959,0.8-0.9
"Emory University School of Medicine, Department of Biomedical Informatics","University of Pittsburgh, Department of Biomedical Informatics",0.9118005037307739,0.9+
Institute for Vegetable Crops,National Corn Growers Association,0.6098639965057373,0.6-0.7
"Ludwig-Maximilians-Universität München, Fakultät für Biologie, Neurobiologie","University of Antwerp, VIB-Center for Molecular Neurology, Department of Molecular Genetics",0.6334539651870728,0.6-0.7
"Chinese Academy of Sciences, Institute of Hydrobiology, National Aquatic Biological Resource Center","University of Duisburg-Essen, Faculty of Bilology, Aquatic Ecology",0.640135645866394,0.6-0.7
"International Atomic Energy Agency, International Network of Nuclear Reaction Data Centres","Korea Atomic Energy Research Institute, Nuclear Data Center",0.7911557555198669,0.7-0.8
"Government of Canada, Transport Canada","U.S. Department of Transportation, Federal Highway Administration",0.611541211605072,0.6-0.7
Brookings Institution,"Washington University in St. Louis,  University Libraries",0.607086181640625,0.6-0.7
"Department of Health and Human Services, National Institutes of Health","US Department of Health and Human Services, National Institutes of Health",0.9714190363883972,0.9+
National Institute of Polar Research,Polar Research Institute of China,0.8683762550354004,0.8-0.9
ACTRIS,ACTRIS ERIC,0.7494293451309204,0.7-0.8
University of Cambridge,"University of Cambridge, Cambridge University Library",0.8230352401733398,0.8-0.9
University of Alaska Fairbanks,"University of Alaska Fairbanks, Elmer E. Rasmuson Library",0.7283120155334473,0.7-0.8
"U.S. Department of Energy, National Energy Technology Laboratory","U.S. Department of Energy, Office of Science",0.8292863368988037,0.8-0.9
Government of Newfoundland Labrador,Government of Newfoundland and Labrador,0.988090991973877,0.9+
"University of Califonia at Davis, Department of Plant sciences, College of Agricultural and Environmental Sciences","University of Califonia at Davis, Department of Plant sciences, Neale Lab",0.855556845664978,0.8-0.9
"U.S. Department of Agriculture, Agricultural Research Service","United States Department of Agriculture, Economic Research Service",0.9183576107025146,0.9+
"U.S. Department of the Interior, United States Geological Survey, Earth Resources Observation and Science Center","US Geological Survey, Earth Resources Observation and Science",0.8560785055160522,0.8-0.9
"Ministerio de Ciencia, Tecnología e Innovación","Ministerio de Educacion, Cultura, Ciencia y Tecnologia, Ciencia, Tecnología e Innovación Productiva",0.7655439376831055,0.7-0.8
"University of Washington, University libraries",Washington University in St.Louis,0.7548764944076538,0.7-0.8
Swiss Institute of Bioinformatics,Swiss Institute of Bioniformatics,0.9887548685073853,0.9+
"Philipps-Universität Marburg, Universitätsbibliothek",Universitätsbibliothek Rostock,0.7154349088668823,0.7-0.8
Fleet Numerical Meteorology and Oceanography Center,United States Naval Meteorology and Oceanography Command,0.7324146032333374,0.7-0.8
National Center for Health Statistics,"National Center for Health Statistics, Centers for Disease Control and Preventions",0.9248781204223633,0.9+
"U.S. Department of Health and Human Services, Office of Head Start",US Department of Health & Human Services,0.848400354385376,0.8-0.9
"National Library of Medicine, National Center for Biotechnology Information","University of Minnesota, BioTechnology Institute",0.6999464631080627,0.6-0.7
Michigan State University,Stanford University,0.715760350227356,0.7-0.8
Netherlands Comprehensive Cancer Organisation,Swedish Cancer Society,0.6629983186721802,0.6-0.7
Berlin Institute of Health at Charité,Berlin Institute of Health at Charité - Universitätsmedizin Berlin,0.9114673137664795,0.9+
"National Institute of Health, National Institute of Neurological Disorders and Stroke","National Institutes of Health, National Institute of Neurological Disorders and Stroke",0.9368240833282471,0.9+
International Science & Technology Center,The National Center for Scientific Research,0.6853232383728027,0.6-0.7
"LifeMap Sciences, Inc","LifeMap Sciences, Inc.",0.9936143159866333,0.9+
Universidad Autónoma de Madrid,Universidad de Sevilla,0.8031817674636841,0.8-0.9
University of California San Diego,University of Southern California,0.843297004699707,0.8-0.9
Universidad Carlos III de Madrid,Universidad de Málaga,0.8154275417327881,0.8-0.9
"University of California, San Diego Supercomputer Center","University of Minnesota, Minnesota Supercomputing Institute",0.8370264768600464,0.8-0.9
European Organization for Nuclear Research,"European Organization for Nuclear Research, Information Technology Department, Collaboration & Information Services",0.8755163550376892,0.8-0.9
"Chinese Academy of Sciences, Beijing Institute of Genomics","University of California, Santa Cruz, Genomics Institute",0.8023838400840759,0.8-0.9
"University of Edinburgh, The Roslin Institute",University of Glasgow,0.735058605670929,0.7-0.8
"Temple University, College of Science and Technology, Center für Data Analysis and Biomedical Informatics","University of Pittsburgh, Department of Biomedical Informatics",0.8227783441543579,0.8-0.9
National Oceanic & Atmospheric Administration,National Oceanic and Atmospheric Administration's National Ocean Service,0.8732297420501709,0.8-0.9
"University of British Columbia, Department of Microbiology and Immunology, R.E. W. Hancock Laboratory","University of Nebraska Medical Center, Department of Pathology, Microbiology and Immunology",0.7653775215148926,0.7-0.8
University of York,York University,0.9723684191703796,0.9+
The Pennsylvania State University,"University of Pennsylvania, School of Law",0.7665581703186035,0.7-0.8
"Department for Infrastructure, Rivers Agency",U.S. Department of Energy's Water Power Technologies Office,0.6330435276031494,0.6-0.7
"National Institutes of Health, National Heart Lung and Blood Institute","National Institutes of Health, National Heart, Lung and Blood Institute",0.9840474724769592,0.9+
European Institute for Marine Studies,Institute of Marine Research,0.8114263415336609,0.8-0.9
University of South Australia,University of Western Australia,0.8207334280014038,0.8-0.9
Japan Agency for Marine-Earth Science and Technology,"Japan Agency for Marine-Earth Science and Technology, Institute for Marine-Earth Exploration and Engineering",0.9389244318008423,0.9+
Staatliche Museen zu Berlin,Staatliche Museen zu Berlin - Rathgen-Forschungslabor,0.8855783939361572,0.8-0.9
"United States Department of Agriculture, Agricultural Research Service","United States Department of Agriculture, World Agricultural Outlook Board",0.817007303237915,0.8-0.9
National Oceanic and Atmospheric Adminstration,"U.S. Department of Commerce, National Oceanic & Atmospheric Administration, Oceanic & Atmospheric Research",0.8237094879150391,0.8-0.9
Serbian Academy of Sciences and Arts,"Serbian Academy of Sciences and Arts, The Institute of Ethnography",0.8678126335144043,0.8-0.9
"National Oceanic and Atmospheric Administration, National Ocean Service","The National Oceanic and Atmospheric Administration, National Centers for Environmental Information",0.8403702974319458,0.8-0.9
Jagiellonian University,University of Warmia and Mazury in Olsztyn,0.617424488067627,0.6-0.7
CLARIN-PL,Clarin-D,0.9108636379241943,0.9+
"Japan Agency for Marine-Earth Science and Technology, Institute for Marine-Earth Exploration and Engineering",Japan Agency for Marine-earth Science and TEChnology,0.9389244318008423,0.9+
"Czech Academy of Sciences, Institute of Archaeology, Brno","Czech Academy of Sciences, Institute of Archaeology, Prague",0.939245343208313,0.9+
Université de Montpellier,Université de Paris-Sorbonne,0.7899478673934937,0.7-0.8
Korea Polar Research Institute,National Institute of Polar Research,0.8295544385910034,0.8-0.9
"Chinese Academy of Agricultural Sciences, Biotechnology Research Institute","Chinese Academy of Science, Kunming Institute of Botany",0.7129886150360107,0.7-0.8
U.S.Department of Health and Human Services,United States Department  of Health and Human Services,0.9852155447006226,0.9+
National Institutes of Health,"National Institutes of Health, U.S. National Library of Medicine",0.8666855096817017,0.8-0.9
Research Collaboratory for Structural Bioinformatics,"Research Collaboratory for Structural Bioinformatics, Protein Data Bank",0.9242604970932007,0.9+
Figshare,Figshare (for institutions),0.7483020424842834,0.7-0.8
Sheffield Hallam University,University of Sheffield,0.8458774089813232,0.8-0.9
National Oceanic and Atmospheric Administration,"National Oceanic and Atmospheric Administration, National Weather Service",0.870357096195221,0.8-0.9
City of Winnipeg,"University of Winnipeg, Institute of Urban Studies",0.6887230277061462,0.6-0.7
"University of Manchester, Department of Computer Science","University of Texas at Austin, Institute for Computational and Engineering Sciences",0.6748872399330139,0.6-0.7
"University of Berne, Institute of Political Science","University of Duisburg-Essen, Faculty of the Social Sciences, Institute of Political Science",0.7054826021194458,0.7-0.8
Huma-Num,huma-num,1.0,0.9+
"National Institutes of Health, National Library of Medicine, National Center for Biotechnology Information",The National Center for Biotechnology Information,0.8058260083198547,0.8-0.9
National Institute for Environmental Health Sciences,National Institute for Health Research,0.7900819778442383,0.7-0.8
Universidad Católica de Córdoba,Universidad Nacional de Córdoba,0.9494204521179199,0.9+
National Park Service,"U.S. Department of the Interior, National Park Service",0.8513998985290527,0.8-0.9
"University College Cork, School of Biochemistry and Cell Biology","University of Miami, Miller School of Medicine Department of Biochemistry and Molecular Biology",0.7280415296554565,0.7-0.8
"University of Arizona, University Libraries","University of Oregon, UO Libraries",0.7194581031799316,0.7-0.8
"National Marine Fisheries, Research Institute",National Marine Genetic Resource Center,0.6979855298995972,0.6-0.7
National Oceanic & Atmospheric Administration,"U.S. Department of Commerce, National Oceanic & Atmospheric Administration, Oceanic & Atmospheric Research",0.8694098591804504,0.8-0.9
District of North Okanagan,Regional District of Central Okanagan,0.9310797452926636,0.9+
"Centers for Disease Control and Prevention, National Center for Health Statistics","National Center for Health Statistics, Centers for Medicare & Medicaid Services",0.8363955020904541,0.8-0.9
University of California San Francisco,"University of California, San Francisco",0.9749273657798767,0.9+
"National Center for Biotechnology Information, U.S. National Library of Medicine","National Library of Medicine, National Center for Biotechnology Information",0.9792985916137695,0.9+
"Harvard-Smithsonian Center for Astrophysics, John G. Wolbach Library and Information Resource Center","University of Kentucky, Department of Physics and Astronomy",0.7107093930244446,0.7-0.8
Nord University,University of Strasbourg,0.7572885751724243,0.7-0.8
"NASA Ames Research Center, Prognostics Center of Excellence",NASA Langley Research Center,0.6354286074638367,0.6-0.7
"University of Basel, Digital Humanities Lab","University of Graz, Department of Digital Humanities",0.7077351808547974,0.7-0.8
Universita degli Studi di Padova,Universitat de Lleida,0.7195661664009094,0.7-0.8
The University of Sydney,Western  Sydney University,0.8630342483520508,0.8-0.9
"University of Hamburg, Center for Earth System Research and Sustainability, Integrated Climate Data Center","Universität Hamburg, Center for Earth System Research and Sustainability, Integrated Climate Data Center",0.980133056640625,0.9+
"Academy of Sciences, Institute of the Czech Language",Library of Czech Academy of Sciences,0.8322855234146118,0.8-0.9
Deakin University,University of Nyíregyháza,0.638687252998352,0.6-0.7
Universidad Andrés Bello,Universidad de León,0.7476097941398621,0.7-0.8
Helmsley Charitable Trust,Leona M. and Harry B. Helmsley Charitable Trust,0.7082017660140991,0.7-0.8
Council of Scientific & Industrial Research  - National Institute of Oceanography,"Université Pierre et Marie Curie, Institut Pierre Simon Laplace, Laboratoire d'Océanographie et du Climat: Expérimentations et Approches Numériques",0.721437394618988,0.7-0.8
"NASA Goddard Space Flight Center, Crustal Dynamics Data Information System","National Aeronautics and Space Administration, Crustal Dynamics Data Information System",0.9061892628669739,0.9+
"United States Department of Agriculture, Forest Service","United States Department of Agriculture, Forest Service, Willamette National Forest",0.8396804332733154,0.8-0.9
U.S. Department of Health & Human Services,U.S.Department of Health and Human Services,0.991335391998291,0.9+
"European Molecular Biology Laboratory Australia, Lynn Group","Pacific Northwest National Laboratory, Environmental Molecular Sciences Laboratory",0.7103297710418701,0.7-0.8
Leibniz Institute for Baltic Sea Research Warnemünde,Leibniz-Institute for Baltic Sea Research Warnemünde,0.9969808459281921,0.9+
"National Institutes of Health,  National Cancer Institute","U.S. Department of Health & Human Services, National Institutes of Health, National Cancer Institute",0.8727829456329346,0.8-0.9
"National Institute of Polar Research, Polar Data Center","University of Cambridge, Scott Polar Research Institute, Library",0.8294308185577393,0.8-0.9
American Cancer Society,Cancer Research Society,0.8423765301704407,0.8-0.9
"International Atomic Energy Agency, Department of Nuclear Sciences & Applications, Division of Physical and Chemical Sciences","U.S. Department of Energy, Office of Science, Office of Nuclear Physics",0.7256028652191162,0.7-0.8
NASA Goddard Institute for Space Studies,"National Aeronautics and Space Administration, Goddard Space Flight Center",0.8117066025733948,0.8-0.9
"U.S. Department of Health and Human Services, National Institute of General Medical Sciences","U.S. Department of Health and Human Services, National Institutes of Health",0.9009952545166016,0.9+
"Goethe Universität Frankfurt, Experimental Astrophysics",Goethe-Universität Frankfurt,0.6974106431007385,0.6-0.7
Freie Universität Berlin,"Freie Universität Berlin, University Library",0.8715730905532837,0.8-0.9
Universidad de Chile,Universidad de Santiago de Chile,0.9741374254226685,0.9+
FORS - Swiss Centre of Expertise in the Social Sciences,Swiss Academy of Humanities and Social Sciences,0.6531553268432617,0.6-0.7
"King's College, London",University College London,0.7780851721763611,0.7-0.8
Queensland University of Technology,University of Queensland,0.8847310543060303,0.8-0.9
"National Institute of Health, Eunice Kennedy Shriver National Institute of Child Health and Human Development","U.S. Department of Health and Human Services, National Institutes of Health, Eunice Kennedy Shriver National Institute of Child Health and Human Development",0.9141412973403931,0.9+
Friedrich-Schiller-University Jena,Friedrich-Schiller-Universität Jena,0.9367910623550415,0.9+
Max Planck Society,Max-Planck-Gesellschaft,0.8309705853462219,0.8-0.9
"University of California at Berkeley, Department of Molecular and Cell Biology","University of California at Los Angeles, Department of Molecular, Cellular, and Developmental Biology",0.8308944702148438,0.8-0.9
Global Biodiversity Informaton Facility,National Biodiversity Data Centre,0.7642930150032043,0.7-0.8
National Center for Ecological Analysis and Synthesis,National Centre for Environmental and Nature Conservation Information,0.6662008762359619,0.6-0.7
Thünen-Institut,Weizenbaum Institut,0.729975700378418,0.7-0.8
"Department of Health and Human Services, National Institutes of Health","U.S. Department of Health & Human Services, National Institutes of Health, U.S. National Library of Medicine",0.8686681985855103,0.8-0.9
"Julius Kühn-Institut Bundesforschungsinstitut für Kulturpflanzen, Institut für Rebenzüchtung Geilweilerhof",Julius Kühn-Institut. Institut für Rebenzüchtung,0.8070483207702637,0.8-0.9
International Toxicity Estimates for Risk Assessment,Toxicology Excellence for Risk Assessment,0.745547890663147,0.7-0.8
University of California Santa Barbara,University of Southern California,0.8594964742660522,0.8-0.9
Université de Lorraine,Université de Strasbourg,0.7374064922332764,0.7-0.8
"Serbian Academy of Sciences and Arts, Geographical Institute Jovan Cvijić","Serbian Academy of Sciences and Arts, Institute for Balkan Studies",0.8108251094818115,0.8-0.9
Charité Universitätsmedizin Berlin,Forschungsverbund Berlin,0.6612076759338379,0.6-0.7
University of Edinburgh,University of Glasgow,0.8529059886932373,0.8-0.9
"National Aeronautics and Space Administration, Atmospheric Science Data Center","National Aeronautics and Space Administration, Goddard Earth Sciences Data and Information Services Center",0.8208040595054626,0.8-0.9
"National Institutes of Health, National Institute of General Medical Sciences","National Institutes of Health, National Institute on Aging",0.7078109979629517,0.7-0.8
NOAA National Centers for Environmental Information,National Centers for Environmental Information,0.8243089914321899,0.8-0.9
Montreal Neurological Institute and Hospital,Montreal Neurological Institute-Hospital,0.9928828477859497,0.9+
"National Aeronautics and Space Administration, Goddard Earth Sciences Data and Information Services Center","National Aeronautics and Space Administration, Goddard Space Flight Center, Sciences and Exploration Directorate, Heliospheric Physics Laboratory",0.7581841945648193,0.7-0.8
Universidad Nacional de Rosario,Universidad del Rosario,0.9324150681495667,0.9+
Government of the United Kingdom,"Government of the United Kingdom, Ministry of Defence",0.7517538666725159,0.7-0.8
University System of Maryland & Affiliated Institutions,"University of Maryland, College Park",0.6589087247848511,0.6-0.7
"Library of Lodz University of Technology, Library of Lodz",University of Lodz,0.7140321731567383,0.7-0.8
Centre National de la Recherche Scientifique,"Centre National de la Recherche Scientifique, Institut National des Sciences de l'Univers",0.8125888109207153,0.8-0.9
Lunar and Planetary Institute,NASA Exoplanet Science Institute,0.6777118444442749,0.6-0.7
GESIS Leibniz Institut für Sozialwissenschaften,Gesis - Leibniz-Institut für Sozialwissenschaften,0.9572784304618835,0.9+
"Pennsylvania State University, College of Earth and Mineral Sciences, Department of Geosciences","University of Texas Austin, Department of Earth and Planetrary Sciences",0.7102723717689514,0.7-0.8
"Cornell University, Albert R. Mann Library","University of Alaska Fairbanks, Elmer E. Rasmuson Library",0.6062420606613159,0.6-0.7
"National Oceanic and Atmospheric Administration, National Ocean Service","U.S Department of Commerce, National Oceanic and Atmospheric Administration, National Weather Service",0.773066520690918,0.7-0.8
UC San Diego,UC San Diego Library,0.7514404654502869,0.7-0.8
U.S. Department of Agriculture,"United States Department of Agriculture, National Institute of Food and Agriculture",0.836663544178009,0.8-0.9
NOAA Climate Program Office,"NOAA National Centers for Environmental Information, Ocean Climate Laboratory",0.8005574941635132,0.8-0.9
"European Commission, Community Research and Development Information Service,  7th Framework Programme","European Commission, Community Research and Development Information Service, Seventh Framework Programm",0.9656286239624023,0.9+
Stanford Libraries,University of Michigan Library,0.6169250011444092,0.6-0.7
U.S Department of Health & Human Services,"U.S. Department of Health and Human Services, Office of Child Care",0.7473857402801514,0.7-0.8
Australian Research Data Commons,Research Data Australia contributors,0.8354265689849854,0.8-0.9
University of Maryland,University of Maryland Libraries,0.7357414960861206,0.7-0.8
"United States Department of Agriculture, Agricultural Research Services","United States Department of Agriculture, National Institute of Food and Agriculture",0.8099439144134521,0.8-0.9
Universidad Carlos III de Madrid,Universidad de Murcia,0.8266597986221313,0.8-0.9
"University of Stuttgart, Institute of Biochemistry and Technical Biochemistry","University of Utah, Department of Biochemistry",0.8204591870307922,0.8-0.9
University of Alabama School of Public Health,Washington University School of Medicine,0.6800524592399597,0.6-0.7
"Icahn School of Medicine at Mount Sinai , Institute for Multiscale Biology & Genomics","Johns Hopkins School of Medicine, McKusick-Nathans Institute of Genetic Medicine",0.648282527923584,0.6-0.7
Indian Biological Data Center,The National Center for Biotechnology Information,0.6284216642379761,0.6-0.7
"University Corporation for Atmospheric Research, UNIDATA","University Corporation for Atmospheric Research, Unidata",0.9999999403953552,0.9+
Biodiversität und Klima - Forschungszentrum,Senckenberg Biodiversität und Klima Forschungszentrum,0.8461804389953613,0.8-0.9
GESIS - Leibniz Institute for the Social Sciences,GESIS - Leibniz-Institute for  the Social Sciences,0.993188738822937,0.9+
"University Corporation for Atmospheric Research - National Center for Atmospheric Research, Climate and Global Dynamics Laboratory","University Corporation for Atmospheric Research, National Center for Atmospheric Research",0.9169896841049194,0.9+
"U.S. Department of Energy, Office of Science, Biological & Environmental Research","U.S.Department of Energy, Office of Science, Biological and Environmental Research",0.9851171970367432,0.9+
"NOAA Fisheries Service’s Southwest Fisheries Science Center, Environmental Research Division",NOAA’s National Centers for Coastal Ocean Science,0.7245827913284302,0.7-0.8
"National Institutes of Health,  National Institute of Allergy and Infectious Diseases","U.S. Department of Health and Human Services, National Institutes of Health, National Institute of Allergy and Infectious Diseases",0.8972607851028442,0.8-0.9
"National Institutes of Health, National Institute of Mental Health, Research Domain Criteria Initiative","National Institutes of Health, National Institutes of Mental Health",0.8819396495819092,0.8-0.9
Department of Commerce,United States Department of Commerce,0.9391583204269409,0.9+
Benemérita Universidad Autónoma de Puebla,"Universidad Nacional Autónoma de México, Instituto de Investigaciones Económicas",0.6057305932044983,0.6-0.7
National Institute of General Medical Sciences,National Institutes of Health,0.8114859461784363,0.8-0.9
Energy.gov,US Department of Energy,0.8313053846359253,0.8-0.9
"United States Department of Agriculture, Agricultural Research Services","United States Department of Agriculture, Economic Research Service",0.9154988527297974,0.9+
Gates Foundation,The Terry Fox Foundation,0.6055755615234375,0.6-0.7
Excellence Cluster 264 Topoi,TOPOI Excellence Cluster,0.9292817711830139,0.9+
UiT The Arctic University of Norway,University of South-Eastern Norway,0.815416693687439,0.8-0.9
"Washington University in St. Louis,  University Libraries",Washington University in St.Louis,0.8995579481124878,0.8-0.9
"National Oceanic & Atmospheric Administration,  Earth System Research  Laboratory, Physical Sciences Division","United States Department of Commerce, National Oceanic and Atmospheric Administration, Earth System Research Laboratory, Global Monitoring Laboratory",0.885541558265686,0.8-0.9
"University of Maryland, Baltimore County,  Computer Science and Electrical Engineering","University of Maryland, Baltimore County, Geography & Environmental Systems",0.7371995449066162,0.7-0.8
University of Lincoln,University of Nebraska Lincoln,0.9061568975448608,0.9+
Universidad de Chile,Universidad de Concepción,0.8183293342590332,0.8-0.9
International Aid Transparency Governing board,International Aid Transparency Initiative Steering Committee,0.8867946267127991,0.8-0.9
Universität Bremen,Universität Hamburg,0.8616042137145996,0.8-0.9
"Australian Government, Department of the Environment and Energy, Australian Antarctic Division","Australian Government, Department of the Environment, Australian Antarctic Division",0.9631147384643555,0.9+
University Münster,University of Münster,0.9807350635528564,0.9+
International ImMunoGeneTics information system,International Immunogenetics Information System,0.9999998807907104,0.9+
"National Oceanic and Atmospheric Administration, Office of Oceanic and Atmospheric Research, Atlantic Oceanographic & Meteorological Laboratory","National Oceanic and Atmospheric Administration, Office of the Chief Information Officer and High-Performance Computing and Communications Office",0.7653529644012451,0.7-0.8
"Freie Universität Berlin, University Library",SHARE Berlin Institute GmbH,0.6246386170387268,0.6-0.7
Knut and Alice Wallenberg Foundation,The Kresge Foundation,0.6068429946899414,0.6-0.7
Leibniz Institute of Plant Genetics and Crop Plant Research,"Leibniz Institute of Plant Genetics and Crop Plant Research, Bioinformatics at the IPK",0.8537432551383972,0.8-0.9
"Universität Tübingen, Institut für Astronomie und Astrophysik","Université Libre de Bruxelles, Institut d'Astronomie et d'Astrophyique",0.8652238845825195,0.8-0.9
Centre Hospitalier de l’Université de Montréal,Université du Québec à Montréal,0.7429828643798828,0.7-0.8
"National Oceanic and Atmospheric Administration, National Centers for Environmental Prediction","Natonal Oceanic and Atmospheric Administration, National Centers for Environmental Information",0.7860209941864014,0.7-0.8
"University of California, Davis",University of Virginia,0.7148342132568359,0.7-0.8
"Belgian Institute for Space Aeronomy, NDACC Satellite Working Group","National Institute for Space Research, Global Land Project",0.6116709113121033,0.6-0.7
University of Aberdeen,University of Birmingham,0.728676974773407,0.7-0.8
University of Arizona,"University of Arizona, University Libraries",0.8017185926437378,0.8-0.9
"NASA, Jet Propulsion Laboratory","National Aeronautics and Space Administration, Goddard Space Flight Center, Sciences and Exploration Directorate, Heliospheric Physics Laboratory",0.7298699021339417,0.7-0.8
Sächsische Landesbibliothek - Staats- und Universitätsbibliothek Dresden,"Sächsische Landesbibliothek – Staats- und Universitätsbibliothek Dresden, SLUBArchiv.digital",0.9372962117195129,0.9+
Goethe Universität Frankfurt am Main,"Goethe-Universität Frankfurt am Main, Kunstgeschichtliches Institut",0.8154549598693848,0.8-0.9
National ‫Science Foundation,US National Science Foundation,0.965052604675293,0.9+
"U.S. Department of Energy, Energy Information Administration",US Department of Energy,0.9204009771347046,0.9+
Universidad Nacional de Rosario,Universidad de León,0.8151369094848633,0.8-0.9
"European Commission,  Community Research and Development Information Service, Seventh Framework Programme","European Commission, Community Research and Development Information Service,  Sixth Framework Programe",0.9401000738143921,0.9+
U.S.Department of Health and Human Services,U.S: Department of Health and Human Services,0.9724233150482178,0.9+
"Chinese Academy of Sciences, Institute of Geographic Sciences and Natural Resources Research","Chinese Academy of Sciences, Institute of Geographical Sciences and Natural Resources Research",0.9902884364128113,0.9+
TMF – Technologie- und Methodenplattform für die vernetzte medizinische Forschung e.V.,Technologie- und Methodenplattform für vernetzte medizinische Forschung e.V.,0.8225927352905273,0.8-0.9
"European Molecular Biology Laboratory, European Bioinformatics Institute","European Molecular Biology Laboratory, European Bioinformatics Institute, Protein Data Bank in Europe",0.9205363988876343,0.9+
Gates Foundation,The Gordon Foundation,0.6524564623832703,0.6-0.7
"National Aeronautics and Space Administration, National Snow and Ice Data Center",National Snow and Ice Data Center,0.876979649066925,0.8-0.9
Geological Society of America,Mineralogical Society of America,0.7720750570297241,0.7-0.8
Institut Català d'Arqueologia Clàssica,Leibniz-Institut für ökologische Raumentwicklung,0.6192045211791992,0.6-0.7
"U.S. Department of Health and Human Services, Agency for Healthcare Research and Quality","U.S. Department of Health and Human Services, National Institues of Health",0.8452357053756714,0.8-0.9
Pennsylvania State University,The Pennsylvania State University,0.9821368455886841,0.9+
Leibniz-Institut für Altersforschung - Fritz-Lippmann-Institut e.V.,"Leibniz-Institut für Bildungsmedien, Georg Eckert Institut",0.717438280582428,0.7-0.8
"King's College London, Research Portal","King's College, London",0.8335040807723999,0.8-0.9
Chiba University,Tongji University,0.658379316329956,0.6-0.7
"National Science Foundation National Center for Atmospheric Research, Computational and Information Systems Laboratory","University Corporation for Atmospheric Research - National Center for Atmospheric Research, Climate and Global Dynamics Laboratory",0.7970068454742432,0.7-0.8
NASA Astrophysics Data Systems,The SAO/NASA Astrophysics Data System,0.9235641956329346,0.9+
"National Institutes of Health, National Institute of Biomedical Imaging and Bioengineering","U.S. Department of Health & Human Services, National Institutes of Health, National Institute of Biomedical Imaging and Bioengineering",0.9262630939483643,0.9+
United States Department of Agriculture - Agricultural Research Service,"United States Department of Agriculture, Foreign Agricultural Service",0.8275784850120544,0.8-0.9
"National Center for Atmospheric Research, University Corporation for Atmospheric Research","University Corporation for Atmospheric Research, Unidata",0.8167428970336914,0.8-0.9
University of Georgia,"University of Georgia, USA",0.9587476253509521,0.9+
Ministère de L'Enseignement supérieur et de la Recherche,Ministère de l'Enseignement supérieur et de la Recherche,1.0000001192092896,0.9+
AIX-Marseille Université,Aix-Marseille Université,1.000000238418579,0.9+
EMBL's European Bioinformatics Institute,European Molecular Biology Laboratory - European Bioinformatics Institute,0.8157211542129517,0.8-0.9
"Johns Hopkins University,  National Heart Lung & Blood Institute","National Institutes of Health, National Heart Lung and Blood Institute",0.9189978837966919,0.9+
EMBL,EMPA,0.600169837474823,0.6-0.7
"NOAA National Environmental Satellite, Data, and Information Service","NOAA, National Environmental Satellite, Data, and Information Service",0.9557218551635742,0.9+
Eunice Kennedy Shriver National Institute of Child Health and Human Development,"U.S. Department of Health and Human Services, National Institutes of Health, Eunice Kennedy Shriver National Institute of Child Health and Human Development",0.8181871175765991,0.8-0.9
"Macquarie University, Sydney",The University of Sydney,0.8736336827278137,0.8-0.9
"University of California, Bancroft Library","University of California, Los Angeles Library",0.8227823972702026,0.8-0.9
Land Processes Distributed Active Archive Center,"National Aeronautics and Space Administration, Land Processes Distributed Active Archive Center",0.9200886487960815,0.9+
"Department of Health and Human Services, National Institutes of Health","U.S. Department of Health and Human Services, National Institutes of Health",0.9674170017242432,0.9+
Colorado Mesa University,University of Colorado Colorado Springs,0.8199403285980225,0.8-0.9
"Ministry of Education, Science and Youth","Ministry of Education, Youth and Sports",0.7630383372306824,0.7-0.8
University of British Columbia Library,"University of British Columbia, Faculty of Graduate Studies",0.7695026397705078,0.7-0.8
University of Alberta Library,"University of Alberta, Faculty of Science",0.735512375831604,0.7-0.8
Centre National d'Etudes Spatiales,Centre National d’Etudes Spatiales,0.9962486028671265,0.9+
Technical University Dresden,Technical University of Braunschweig,0.7047120928764343,0.7-0.8
"University of Electronic Science and Technology of China, School of Life Science and Technology",University of Science & Technology of China,0.853268027305603,0.8-0.9
"European Commission, Research & Innovation, Seventh Framework Program","European Commission, Research & Innovation, Seventh Framework Programm - FP7",0.8846531510353088,0.8-0.9
Federal Ministry of Food and Agriculture,"United States Department of Agriculture, Foreign Agricultural Service",0.6984697580337524,0.6-0.7
Korea Polar Research Institute,Polar Research Institute of China,0.8425111770629883,0.8-0.9
University of California San Diego,"University of California, San Francisco Coordinating Center",0.677559494972229,0.6-0.7
"University of Copenhagen, The Novo Nordisk Foundation, Center for Protein Research","University of Liège, Centre for Protein Engineering",0.7045973539352417,0.7-0.8
"Department of Agriculture, Natural Resources Conservation Service","U.S. Department of Agriculture, Natural Resources Conservation Service",0.9587888121604919,0.9+
Max Delbrück Center for Molecular Medicine,"Max Delbrück Center for Molecular Medicine, Nikolaus Rajewsky Lab",0.9003666639328003,0.9+
Government of Prince Edward Island,Prince Edward Island Government,0.9876689910888672,0.9+
"US Department of Energy, Office of Science","US Department of Energy, Office of Science, Nuclear Physics NP",0.7535901069641113,0.7-0.8
ELIXIR-UK,Elixir,0.8112420439720154,0.8-0.9
"University of Cambridge, Department of Chemistry, Center For Molecular Sciences Informatics","University of Cambridge, Yusuf Hamied Department of Chemistry, Centre for Molecular Informatics",0.9443073272705078,0.9+
Baden-Wuerttemberg Cooperative State University,"University of Wisconsin-Madison, Social Science Computing Cooperative",0.6171611547470093,0.6-0.7
University of Melbourne,University of Melbourne Library,0.8067201375961304,0.8-0.9
University of Washington,Washington University in St.Louis,0.8798556327819824,0.8-0.9
Charité,"Charité, Business Division IT",0.6951735019683838,0.6-0.7
Saints Cyril and Methodius University of Skopje,"Serbian Academy of Sciences and Arts, The Institute for Byzantine Studies",0.6106805205345154,0.6-0.7
NSW  Agency for Clinical Innovation,"UK Research and Innovation, Medical Research Council",0.6056824922561646,0.6-0.7
The University of Tokyo,University of Tokyo,0.9865193367004395,0.9+
Centre national de la recherche scientifique,"Institut national de la recherche scientifique, Service de documentation et d'information spécialisées",0.8189622759819031,0.8-0.9
"University of Wisconsin-Madison, Center for Demography and Ecology","University of Wisconsin-Madison, Center for Demography of Health and Aging",0.7637820243835449,0.7-0.8
"Chinese Academy of Agricultural Sciences, Biotechnology Research Institute",Malaysian Agricultural Research and Development Institute,0.7101058959960938,0.7-0.8
"Stanford University, School of Medicine, Department of Genetics","University of Toronto, Department of Molecular Genetics",0.773343563079834,0.7-0.8
"U.S. Department of Health and Human Services, National Institutes of Health, National Institute of General Medical Sciences","US Department of Health and Human Services, National Institutes of Health",0.897125244140625,0.8-0.9
"ETH Zurich, Laboratory of Crystallography",International Union of Crystallography,0.8075183629989624,0.8-0.9
Jülich Supercomputing Centre,Swiss National Supercomputing Centre,0.8175091743469238,0.8-0.9
"U.S. Department of Agriculture, Natural Resources Conservation Service","United States Department of Agriculture, National Resources Conservation Service",0.9638969898223877,0.9+
National Cancer Institute,"National Cancer Institute,  Center for Biomedical Informatics and Information Technology",0.8076816201210022,0.8-0.9
University of Chicago,University of Lincoln,0.7317747473716736,0.7-0.8
UC Berkeley School of Information,"University of California, Berkeley",0.7026993036270142,0.7-0.8
Universidad Autonoma de Manizales,Universidad Autónoma de Madrid,0.8045525550842285,0.8-0.9
Consortium of European Social Science Data Archives,Consortium of European Social Science Data Archives European Research Infrastructure Consortium,0.928968608379364,0.9+
"National Institutes of Health,  National Cancer Institute","U.S. Department of Health and Human Services, National Institutes of Health, National Cancer Institute",0.8658930063247681,0.8-0.9
Bundesanstalt für Landwirtschaft und Ernährung,"Bundesministerium für Landwirtschaft, Ernährung und Heimat",0.8972035646438599,0.8-0.9
Department of Health and Human Services,U.S Department of Health & Human Services,0.9222093820571899,0.9+
University of British Columbia,University of British Columbia Library,0.8509278297424316,0.8-0.9
"University of Cologne, Institute of Physics","University of Toronto, Department of Physics, Physics Computing Services",0.6191757917404175,0.6-0.7
"Canadian Cancer Society, Research Institute","University of Bayreuth, Department of Mycology",0.6510034799575806,0.6-0.7
"U. S. Department of Commerce, National Oceanic and Atmospheric Administration, Global Monitoring Division, Earth System Research Laboratory","U.S. Department of Commerce, National Oceanic and Atmospheric Administration, Global Monitoring Laboratory",0.9346262216567993,0.9+
"U.S. Department of Health & Human Services, Agency for Healthcare Research and Quality","U.S. Department of Health and Human Services, Agency for Healthcare Research and Quality",0.9986253380775452,0.9+
Universitetet i Bergen,University of Gothenburg,0.6636294722557068,0.6-0.7
University of Washington,Washington State University,0.940178632736206,0.9+
Inter University Consortium for Political and Social Research,Inter-University Consortium for Political and Social Research,0.9886347055435181,0.9+
"European Commission, Research & Innovation, 6th Framework Programme","European Commission, Research & Innovation, Sixth Framework Programm",0.9483242034912109,0.9+
"U.S. Department of Health & Human Services, National Institutes of Health","U.S. Department of Health & Human Services, National Institutes of Health, National Institute of General Medical Sciences",0.9192695617675781,0.9+
U.S Department of Health & Human Services,United States Department  of Health and Human Services,0.9835243225097656,0.9+
Edition | Topoi,edition|topoi Collections,0.84346604347229,0.8-0.9
"Albert-Ludwigs-University Freiburg, University Library","Cornell University, Albert R. Mann Library",0.6354391574859619,0.6-0.7
Université de Nantes,Université de Paris-Sorbonne,0.7108182907104492,0.7-0.8
"U.S Department of the Interior, National Park Service",United States Department of the Interior,0.7061135768890381,0.7-0.8
Canadian Insititute for Health Research,Canadian Institute of Health Research,0.8376882076263428,0.8-0.9
Universidad de Chile,Universidad de Murcia,0.8026806116104126,0.8-0.9
"European Commission, Research & Innovation, Seventh Framework Programm - FP7","European Commission, Research and Innovation, FP7, Infrastructures",0.8226587772369385,0.8-0.9
"Department of Conservation, Terrestrial and Freshwater Biodiversity Information System Programme",Ocean Biodiversity Information System,0.6979328989982605,0.6-0.7
Florida International University,Florida State University,0.9063540697097778,0.9+
Universidad Nacional de Córdoba,Universidad Nacional de Rosario,0.849086344242096,0.8-0.9
Université catholique de Louvain,Université de Paris-Sorbonne,0.6498717069625854,0.6-0.7
"Government of India, Department of Science and Technology","Government of India, Ministry of Science and Technology, Department of Science & Technology",0.9597485661506653,0.9+
International Neuroinformatics Coordinating Facility,"International Neuroinformatics Coordination Facility, National Node of Japan",0.9018838405609131,0.9+
Universidad Carlos III de Madrid,Universidad de Santiago de Chile,0.8037664294242859,0.8-0.9
National Institutes of Health,"National Institutes of Health, National Eye Institute",0.6412115097045898,0.6-0.7
"Georgia Tech, Williams Lab",University of Georgia,0.6253398656845093,0.6-0.7
The University of Edinburgh,"University of Edinburgh, The Roslin Institute",0.8430872559547424,0.8-0.9
"Macquarie University, Sydney",Universtity of Sydney,0.7799806594848633,0.7-0.8
Earth System Science Organization - Indian National Centre for Ocean Information Services,Indian National Centre for Ocean Information Services,0.8537462949752808,0.8-0.9
Universidad Austral de Chile,Universidad Nacional de La Plata,0.7880645394325256,0.7-0.8
LifeMap Sciences,"LifeMap Sciences, Inc.",0.9340360164642334,0.9+
"United States Department of Agriculture,  Forest Service",United States Forest Service,0.876205325126648,0.8-0.9
National Center for Atmospheric Research,National Centre for Atmospheric Science,0.9326523542404175,0.9+
"Department of Agriculture, Natural Resources Conservation Service","United States Department of Agriculture, Forest Service, Willamette National Forest",0.670475959777832,0.6-0.7
Ryerson University,University of Toronto,0.67117840051651,0.6-0.7
University of Michigan,University of Minnesota,0.775022029876709,0.7-0.8
"Columbia University, Lamont -Doherty Earth Observatory","Columbia University, Lamont-Doherty Earth Observatory",0.9999998807907104,0.9+
Chapman University,University of Manchester,0.6717829704284668,0.6-0.7
Australian Synchrotron,Deutsches Elektronen-Synchrotron DESY,0.6077802181243896,0.6-0.7
Energy.gov,"U.S. Department of Energy, Science.gov",0.824142336845398,0.8-0.9
Universidad Nacional de Rosario,Universidade Federal do Paraná,0.7883754968643188,0.7-0.8
"NYU Langone Health,  NYU School of Medicine",Stanford University School of Medicine,0.6234036684036255,0.6-0.7
Technical University of Braunschweig,University of Duisburg-Essen,0.6959200501441956,0.6-0.7
Universitätsbibliothek Johann Christian Senckenberg Frankfurt am Main,Universitätsbibliothek Leipzig,0.7880133986473083,0.7-0.8
Department of Bio-Agri-Food Sciences,"United States Department of Agriculture, National Institute of Food and Agriculture",0.7698359489440918,0.7-0.8
Technische Universität Ilmenau,Universiti Teknologi MARA,0.6829628944396973,0.6-0.7
Universidad Austral de Chile,Universidade de Aveiro,0.8132327198982239,0.8-0.9
"ETH Zurich, Department of Biology, Institute of Molecular Systems Biology","University of Kansas, Department of Molecular Biosciences",0.7479442358016968,0.7-0.8
"Humboldt-Universität zu Berlin, Hermann von Helmholtz-Zentrum für Kulturtechnik , Koordinierungsstelle für wissenschaftliche Universitätssammlungen in Deutschland","Humboldt-Universität zu Berlin, Institut für Archäologie, Archäologie und Kulturgeschichte Nordostafrikas",0.6216514110565186,0.6-0.7
"University of Pennsylvania, Penn Institute for Biomedical Informatics","University of Pittsburgh, Department of Biomedical Informatics",0.9203945398330688,0.9+
University College of London,"University of Cambridge, Churchill College",0.7382599115371704,0.7-0.8
NASA's Jet Propulsion Laboratory,"NASA, California Institute of Technology, Jet Propulsion Laboratory",0.8742297887802124,0.8-0.9
National Health Research Institutes,National Institute of Health,0.824416995048523,0.8-0.9
National Aeronautics and Space Administration,"National Aeronautics and Space Administration,  Earth Science",0.9083961248397827,0.9+
Goethe Universität Frankfurt am Main,Johann Wolfgang Goethe-Universität Frankfurt,0.8179606199264526,0.8-0.9
"U.S. Department of Energy, Science.gov","US Department of Energy, Office of Science",0.9398922920227051,0.9+
"Cologne University,  BioInformatics Facility","Peking University, Center for Bioinformatics",0.8106942772865295,0.8-0.9
National Centre for Atmospheric Science,"University Corporation for Atmospheric Research, National Center for Atmospheric Research",0.8205771446228027,0.8-0.9
Global Biodiversity Information Facility,Taiwan Biodiversity Information Facility,0.738140344619751,0.7-0.8
Beijing Genomics Institute,"China National Center for Bioinformation / Beijing Institute of Genomics, Chinese Academy of Sciences",0.8060975074768066,0.8-0.9
"Goddard Space Flight Center, High Energy Astrophysics Science Archive Research Center",The High Energy Astrophysics Science Archive Research Center,0.8246893882751465,0.8-0.9
"Durham University, Institute for Particle Physics Phenomenology","Johns Hopkins University, Applied Physics Laboratory",0.6246306300163269,0.6-0.7
Instituto Politécnico de Bragança,"Universidade de Sao Paulo, Escola Politécnica",0.6169977188110352,0.6-0.7
"University of Florida, Department of Astronomy","University of Leicester, Department of Physics and Astronomy",0.7550426125526428,0.7-0.8
Instituto de Astrofísica de Andalucía,Istituto Nazionale di Astrofisica,0.7672488689422607,0.7-0.8
Technical University of Berlin,Technical University of Munich,0.7928453683853149,0.7-0.8
"National Aeronautics and Space Administration, Langley Research Center","National Aeronautics and Space Administration, Science Mission Directorate",0.831606388092041,0.8-0.9
"Technische Universität Bergakademie Freiberg, Universitätsrechenzentrum",Technische Universität Ilmenau,0.7343366146087646,0.7-0.8
Julius Kühn-Institut. Institut für Rebenzüchtung,Salomon Ludwig Steinheim-Institut,0.6583442687988281,0.6-0.7
"Department of Space, Indian Space Research Organisation","Indian Space Research Organisation, Department of Space",0.9928774237632751,0.9+
Centre for Development Studies,Centre for Northern Studies,0.64204341173172,0.6-0.7
"National Institute of Health, National Institute of Allergy and Infectious Diseases","National Institutes of Health,  National Institute of Allergy and Infectious Diseases",0.9461547136306763,0.9+
"University of Belgrade, Faculty of Chemistry","University of Pittsburgh, Department of Chemistry",0.7834333777427673,0.7-0.8
"University of California, Los Angeles Library",University of South Florida Libraries,0.6937382221221924,0.6-0.7
National Science Foundation,Swiss National Science Foundation,0.8350509405136108,0.8-0.9
"National Center for Biotechnology Information, National Library of Medicine","National Institutes of Health, National Library of Medicine , National Center for Biotechnology Information",0.9084084033966064,0.9+
"National Aeronautics and Space Administration, Langley Research Center",U.S. National Aeronautics and Space Administration,0.8073233366012573,0.8-0.9
"U.S. Department of Energy, Office of Science, Office of Nuclear Physics","U.S.Department of Energy, Office of Science",0.837533712387085,0.8-0.9
Michigan State University,Wayne State University,0.6794484853744507,0.6-0.7
Dartmouth College,University of Essex,0.724444568157196,0.7-0.8
"University of British Columbia, Faculty of Medicine","Washington University in St. Louis, School of Medicine",0.715665340423584,0.7-0.8
"Canadian Cancer Society, Research Institute","Ontario Institute for Cancer Research , Cold Spring Harbor Laboratory",0.8029934167861938,0.8-0.9
Center for Astrophysics Harvard & Smithsonian,"Harvard-Smithsonian Center for Astrophysics, Smithsonian Astrophysical Observatory",0.9368603229522705,0.9+
"U.S. Department of Health & Human Services, Agency for Healthcare Research and Quality",U.S. Department of Health and Human Services,0.8437587022781372,0.8-0.9
Universität Wien,Univesität Wien,0.7220703363418579,0.7-0.8
"U.S. Department of Health and Human Services, Office of Planning, Research and Evaluation",U.S: Department of Health and Human Services,0.8547647595405579,0.8-0.9
Universidad Autónoma de Madrid,Universidad Carlos III de Madrid,0.8901605606079102,0.8-0.9
Maria Curie-Skłodowska University,University of Szczecin,0.6947485208511353,0.6-0.7
San Diego State University,UC San Diego Library,0.7314016222953796,0.7-0.8
Universidad Nacional de La Plata,Universidad del Rosario,0.7978131771087646,0.7-0.8
Government of Canada,Government of the United States of America,0.612073540687561,0.6-0.7
Universität Erfurt,"Universität Erfurt, Forschungszentrum Gotha",0.8766127824783325,0.8-0.9
University of Wisconsin,University of Wisconsin–Madison,0.9102007150650024,0.9+
Heidelberg University,Universität Heidelberg,0.9069168567657471,0.9+
European Commission Seventh Framework Programme,"European Commission,  Community Research and Development Information Service, Seventh Framework Programme",0.7491697072982788,0.7-0.8
"Max Delbrück Center for Molecular Medicine, Matthias Selbach Lab","Max Delbrück Center for Molecular Medicine, N. Rajewsky Lab",0.9395346641540527,0.9+
Stanford University School of Medicine,Washington University School of Medicine,0.8238982558250427,0.8-0.9
Universidade Federal de Goiás,Universidade Federal de São Carlos,0.823024332523346,0.8-0.9
Max Planck Institute for Molecular Genetics,Max-Planck-Institute for Chemistry,0.7731494307518005,0.7-0.8
"Arizona State University, School of Earth and Space Exploration","Northern Arizona University, School of Earth Sciences and Environmental Sustainability",0.6759260296821594,0.6-0.7
Middlesex University,University of Essex,0.7378243207931519,0.7-0.8
National Institute of Health,National Institute of Mental Health,0.8189201354980469,0.8-0.9
"National Institutes of Health, National Cancer Institute, Center for Biomedical Informatics and Information Technology","National Institutes of Health, National Cancer Institute, Center for Cancer Genomics, The Cancer Genome Atlas Program Office",0.8107256293296814,0.8-0.9
University Hospitals of Geneva,University of Geneva,0.812541663646698,0.8-0.9
"U.S. Department of Health and Human Services, National Institues of Health",U.S: Department of Health and Human Services,0.9157069325447083,0.9+
"European Commission, Horizon 2020","European Union, Horizon 2020",0.8878687024116516,0.8-0.9
Institute of Medical Biology,"National Institutes of Health, National Institute of General Medical Sciences",0.7954623699188232,0.7-0.8
Excellence Cluster 264 Topoi,Excellence Cluster TOPOI,0.942624568939209,0.9+
Odum Institute for Research in Social Science,"University of North Carolina, Odum Institute for Research in Social Science",0.8595752120018005,0.8-0.9
Institute of Astrophysics of Andalucia,Instituto de Astrofísica de Andalucía,0.8271077871322632,0.8-0.9
"National Institute of Allergy and Infectious Diseases, Bioinformatics Resource Centers","National Institutes of Health,  National Institute of Allergy and Infectious Diseases. Bioinformatics Resource Centers",0.9513519406318665,0.9+
U.S. National Institutes of Health,"US Department of Health and Human Services, National Institutes of Health",0.8642772436141968,0.8-0.9
"Deutsche Forschungsgemeinschaft,  Wissenschaftliche Literaturversorgungs- und Informationssysteme","Universität Stuttgart, Institut für Maschinelle Sprachverarbeitung, Forschungszentrum Informatik",0.6514112949371338,0.6-0.7
British Oceanographic Data Centre,"National Oceanography Centre, Liverpool Site",0.7470940351486206,0.7-0.8
"National Oceanic and Atmospheric Administration, National Centers for Environmental Information",National Oceanic and Atmospheric Adminstration,0.8202341794967651,0.8-0.9
King's College London,University College London,0.7978348731994629,0.7-0.8
Macquarie University,"Macquarie University, Sydney",0.9398460388183594,0.9+
data.gov in,"data.world, inc",0.7463251352310181,0.7-0.8
J. Craig Venter Institute,The J. Craig Venter Institute,0.9857645034790039,0.9+
United States Department of Agriculture - Agricultural Research Service,"United States Department of Agriculture, National Agricultural Statistics Service",0.8571937680244446,0.8-0.9
Agence Nationale de la Recherche,L'Agence Nationale de la Recherche,0.9843508005142212,0.9+
"National Science Foundation, Division of Environmental Biology",U.S. National Science Foundation,0.6635776162147522,0.6-0.7
Institute of Agriculture Biology and Biotechnology,International Rice Research Institute,0.6217178106307983,0.6-0.7
Universidad Politécnica de Madrid,Universidad de Salamanca,0.7989400029182434,0.7-0.8
DTU Space,"Technical University of Denmark, DTU Space -National Space Institute",0.6506670713424683,0.6-0.7
"ETH Zurich, Department of Biology, Institute of Molecular Systems Biology","University of Belgrade, Institute of molecular genetics and genetic engineering,",0.718616783618927,0.7-0.8
"Excellence Cluster TOPOI, A-6 Economic Space",Excellence Cluster Topoi,0.8911828994750977,0.8-0.9
U.S. Environmental Protection Agency,United States Environmental Protection Agency,0.9869734644889832,0.9+
North Carolina State University,North-West University,0.7237090468406677,0.7-0.8
"Department of Space, Indian Space Research Organisation",Institute of Space Sciences,0.671046257019043,0.6-0.7
"Tianjin University, Center of BioInformatics","University of British Columbia, Graduate Program in Bioinformatics",0.8213427066802979,0.8-0.9
"Politechnika Białostocka, Centrum Komputerowych Sieci Rozległych","Politechnika Białostocka, Instytut Nauk Leśnych",0.8444166779518127,0.8-0.9
California Department of Fish and Wildlife,U.S. Fish and Wildlife Service Home,0.7206249237060547,0.7-0.8
"Goethe-Universität Frankfurt am Main, Kunstgeschichtliches Institut","Ludwig-Maximilians-Universität München, Institut für Kunstgeschichte",0.8607923984527588,0.8-0.9
"Friedrich-Alexander-Universität Erlangen-Nürnberg, Erlangen Centre for Astroparticle Physics","Université Libre de Bruxelles, Institut d'Astronomie et d'Astrophyique",0.7042238116264343,0.7-0.8
Jet Propulsion Laboratory,NASA's Jet Propulsion Laboratory,0.9404025673866272,0.9+
London School of Economics and Political Science,The London School of Economics and Political Science,0.9882591366767883,0.9+
University Hospitals of Geneva,University of Lausanne,0.601775586605072,0.6-0.7
"Dalhousie University, Libraries",University of Maryland Libraries,0.6359918713569641,0.6-0.7
"Georg-August-Universität Göttingen, Niedersächsische Staats- und Universitätsbibliothek","Georg-August-Universität Göttingen, Niedersächsische Staats- und Universitätsbibliothek Göttingen",0.9777964353561401,0.9+
United States Department of Agriculture,"United States Department of Agriculture, National Agricultural Statistics Service",0.8491281867027283,0.8-0.9
National Oceanic and Atmospheric Administration,"Natonal Oceanic and Atmospheric Administration, National Centers for Environmental Information",0.8340285420417786,0.8-0.9
City of Calgary,City of Winnipeg,0.7172935009002686,0.7-0.8
"Dalhousie University, Libraries","University of Oregon, UO Libraries",0.6671872138977051,0.6-0.7
Kyoto University,University of Tokyo,0.800635814666748,0.8-0.9
GESIS - Leibniz Institute for the Social Sciences,gesis Leibniz Institute for the Social Sciences,0.9869976043701172,0.9+
The University of Edinburgh,"University of Strathclyde, Glasgow",0.7140275835990906,0.7-0.8
"National Oceanic & Atmospheric Administration,  Earth System Research  Laboratory, Physical Sciences Division",U.S. Department of Commerce | National Oceanic and Atmospheric Administration | Earth System Research Laboratory |  Physical Sciences Laboratory,0.8969147205352783,0.8-0.9
National Biodiversity Data Centre,Tulane University Biodiversity Research Institute,0.6668181419372559,0.6-0.7
